relative_time,DecibelSource,PitchSensor
0,46.74640723976913,0.0
67,33.8147609027503,
134,25.211380837040362,0.0
200,23.117538610557542,0.0
267,24.24881636631067,0.0
334,23.979400086720375,0.0
400,22.30448921378274,0.0
467,24.62397997898956,0.0
534,25.263392773898442,0.0
600,23.783979009481374,0.0
667,21.55336037465062,0.0
734,39.92597696102038,
800,26.972293427597176,
867,25.50228353055094,0.0
934,27.737864449811937,0.0
1000,24.377505628203878,0.0
1067,28.26722520168992,0.0
1134,29.206450014067876,0.0
1200,25.158738437116792,0.0
1267,27.151673578484576,0.0
1334,28.524799936368566,0.0
1400,39.85291718592888,0.0
1467,50.72003445562608,
1534,46.617842993493426,183.1640625
1600,42.193749246262556,181.875
1667,52.379280995804805,181.875
1734,47.935948383347466,195.82682291666669
1800,40.068937079479,
1867,46.600207222679224,328.59375
1934,51.494839207394456,
2000,48.57127364488181,
2067,47.11933704161797,157.421875
2134,44.34425179874951,
2200,44.91011315048101,92.45377604166666
2267,41.66282067316571,92.45377604166666
2334,42.40174695019277,106.38780381944443
2400,44.48134096264779,109.755859375
2467,46.63531319592994,115.9375
2534,41.87436109773708,107.0017361111111
2600,37.29245807225307,107.0017361111111
2667,33.01029995663981,101.0546875
2734,29.116901587538614,
2800,27.109631189952758,0.0
2867,48.324578162320435,
2934,45.42924967294684,
3000,43.07496037913212,160.546875
3067,43.77215156263061,143.4375
3134,48.61624008455594,125.89192708333333
3200,45.548887451017194,125.89192708333333
3268,41.246998089321174,116.00389001086543
3334,36.98013503939181,72.46651785714286
3400,33.48888723071438,
3467,46.11723308007342,251.31975446428572
3534,52.976576684918484,251.31975446428572
3600,46.339126227235916,
3667,38.03183888535342,127.76909722222223
3734,32.44771761495295,
3800,47.45387121320009,
3867,42.88763276172814,132.02473958333331
3934,38.88291845356515,
4000,44.62233234259016,126.15234375
4067,46.31149404322859,114.79654947916667
4134,36.47089428716555,114.79654947916667
4200,36.08739919068788,
4267,44.619335037651126,121.97265625
4334,44.98062314581983,107.61818910256412
4400,43.86730765209832,107.50723379629629
4467,46.52294700725204,107.50723379629629
4534,43.0713219065578,107.71770833333335
4600,36.2242127397567,102.47506009615384
4667,31.14944415712585,
4734,31.03119253545714,
4800,30.187004986662433,0.0
4867,24.969296480732147,0.0
4934,25.70542939881897,0.0
5000,30.692980121155294,0.0
5067,52.145842530437406,0.0
5134,39.04282657645628,
5200,39.52647169758943,179.21875
5267,49.526568561565945,
5334,49.566437803446355,
5400,43.20561680195237,179.51890235260768
5467,43.59759616415701,159.43359375
5534,50.32683215359877,166.20659722222223
5600,50.59570990537634,
5667,45.791545571624525,
5734,34.24718337331567,133.75426136363637
5800,48.690673609923174,
5867,48.53022522729151,139.57486979166669
5934,41.32419798097615,139.57486979166669
6000,44.94432898726399,128.927734375
6067,49.620282071538675,122.92100694444444
6134,43.850697763319346,125.61755952380952
6200,47.56346989433602,70.71428571428572
6267,34.33929765608464,70.71428571428572
6334,52.434919593411415,
6400,43.813858660133775,130.6796875
6467,34.75380593143361,117.25207270408161
6534,35.395778833453086,117.25207270408161
6600,41.37069130839408,113.4375
6667,37.5792718311333,107.01244212962963
6734,33.21805483857539,106.484375
6800,36.590600722409384,67.98549107142857
6867,45.335941365507644,67.98549107142857
6934,48.53119984217567,
7000,42.88025535388363,70.81274801587303
7067,30.72249897613515,105.62198660714284
7134,30.257153839013405,0.0
7200,27.958800173440753,0.0
7267,28.42609239610562,0.0
7334,25.352941200427708,0.0
7400,24.18301291319746,0.0
7467,22.600713879850748,0.0
7534,25.06505032404872,0.0
7600,27.259116322950483,0.0
7667,25.74031267727719,0.0
7734,22.671717284030137,0.0
7800,27.860412102425542,0.0
7867,26.794278966121187,0.0
7934,55.31636001045756,
8000,46.09839764305466,225.87348090277774
8067,44.190134804358074,225.87348090277774
8134,48.89195217257183,234.84375
8200,51.86905504788173,175.14322916666669
8267,45.69455844240683,107.90625
8334,42.330215069876935,
8400,37.39334960196079,
8467,31.942367487238293,132.00520833333331
8534,42.515165522916796,136.328125
8600,54.23989273903355,
8667,52.29420726493306,393.4375
8734,45.147601995188225,393.4375
8800,38.47510965203248,
8867,50.33805605862375,182.890625
8934,53.1488850803193,
9000,46.96784355456685,
9067,45.281322062638374,159.28385416666669
9134,48.019933463020415,140.546875
9200,42.037126406077064,
9267,44.0246773080283,179.453125
9334,36.0788374435699,179.453125
9400,50.22943609686901,170.78125
9467,43.956059293132306,159.43359375
9534,39.793662423961614,132.91015625
9601,47.02128838286881,132.91015625
9667,43.81836799998344,129.74609375
9734,45.53069479363698,
9800,50.689350227874705,161.40625
9867,54.46105143013309,
9934,49.32620872235985,
10000,50.46873495137626,155.390625
10067,35.861370252307935,133.7109375
10134,51.32503031230924,155.83506944444446
10201,45.30724633741352,230.078125
10267,36.69502834104343,230.078125
10334,43.09630167425898,124.32074652777777
10401,42.867707367140554,
10467,37.12902125047223,346.46484375
10534,30.930713063760635,346.46484375
10601,31.152775913959015,
10667,27.686381012476144,0.0
10734,27.14329759745233,0.0
10801,26.08526033577194,0.0
10867,25.68201724066995,0.0
10934,25.327543789924974,0.0
11001,50.73135234812946,
11067,44.38779603357378,168.359375
11134,46.34950604715441,168.359375
11200,45.46505648166498,176.9184027777778
11267,35.759956202032676,
11334,31.47985320683805,131.66927083333331
11400,29.86771734266245,0.0
11467,31.815577738627866,0.0
11534,27.56636108245848,0.0
11601,25.45307116465824,0.0
11667,30.4688519083771,0.0
11734,27.307822756663892,0.0
11801,31.405080430381798,0.0
11867,50.06025105858072,
11934,46.607232185228014,153.65234375
12001,47.300874948302294,129.8173540249433
12067,46.101276130759956,129.8173540249433
12134,46.56912339781424,126.640625
12201,45.478854179133734,
12267,45.470112512266006,172.05078125
12334,49.929730300616164,161.40625
12401,44.22228598248672,161.40625
12467,41.282053439626736,
12534,43.22239974931151,129.21875
12601,42.29041573173397,145.78125
12667,49.26897823640806,145.78125
12734,44.66986182866968,170.46875
12801,36.146863422820125,253.57161458333331
12867,31.559430179718365,
12934,30.3342375548695,0.0
13001,24.800069429571504,0.0
13067,29.800033715837465,0.0
13134,31.740598077250255,0.0
13201,40.06380458549693,
13267,46.98248476462099,
13334,38.40294331611436,160.49153645833331
13401,40.16782712486841,
13467,46.72042412547821,99.4375
13534,45.32104361451174,
13600,50.42256466420426,
13667,48.07947479558212,177.51953125
13734,39.66188680956137,158.671875
13801,42.96445794206396,174.453125
13867,46.23166559760084,174.453125
13934,40.99853219884381,194.609375
14001,38.00442121336256,190.546875
14068,47.04716618786438,205.46875
14134,44.551495211798276,193.75
14201,48.02978855335262,193.75
14268,40.29464946638236,
14334,38.08210972924222,508.203125
14401,42.09622234511551,
14468,38.40983837320378,140.94401041666669
14534,35.033820634737324,140.94401041666669
14601,39.942731489731706,147.421875
14667,36.16685520895512,140.07624870600415
14734,37.517408738109005,
14800,45.29571502801578,
14867,40.164483182590374,138.15755208333331
14934,32.159018132040316,
15001,32.36033147117636,0.0
15067,31.59266331093494,
15134,27.31588765186739,
15201,28.215135284047733,0.0
15267,29.894498176666918,0.0
15334,29.355072658247128,0.0
15401,48.33453114731084,0.0
15467,48.00125705493704,
15534,46.56203647032187,161.015625
15601,43.81638446726157,141.81175595238096
15667,41.4050804303818,
15734,47.5300054529344,
15801,41.102866084035654,98.22222222222221
15867,40.32538179260007,111.5966796875
15934,44.23262262098614,110.46875
16001,44.175879323831914,110.46875
16067,37.76410588807342,113.87369791666667
16134,46.576580904399336,70.0288318452381
16201,37.4499667403856,
16267,46.24807882384965,305.4296875
16334,46.09935735095548,305.4296875
16401,43.44569099688464,
16467,45.81426233724123,128.7109375
16534,42.000840636621525,128.9501953125
16601,26.232492903979004,128.9501953125
16667,41.566097181656986,
16734,45.20483532740792,175.9375
16801,42.033049161384824,161.71875
16867,36.047658847038875,129.62239583333331
16934,41.37733794753713,129.62239583333331
17001,36.19197715792947,120.72265625
17067,44.85380669710938,108.515625
17134,46.60912887477406,94.66796875
17201,37.07655323531187,94.66796875
17267,40.236639181977935,55.64453125
17334,46.412360757040034,
17401,41.18033128828567,131.943359375
17467,30.916669575956846,119.94791666666666
17534,43.74473389063976,119.94791666666666
17601,41.756567472816634,175.78962053571428
17667,39.49926443667912,115.70475260416666
17734,41.7533782879202,114.296875
17801,34.87986331129393,
17867,32.392994791268926,
17934,24.756711883244297,264.53125
18001,25.68201724066995,0.0
18067,25.05149978319906,0.0
18134,38.282086144679454,0.0
18201,33.45961541813141,
18267,27.902851640332415,183.76488095238096
18334,25.809249756756195,0.0
18401,24.424797690644485,0.0
18467,24.099331233312945,0.0
18534,21.105897102992486,0.0
18601,49.21806085036142,0.0
18667,46.76300280770789,
18734,46.130062432870595,188.57421875
18801,45.37100971663824,188.57421875
18867,46.11988688083979,
18934,40.65019214136254,51.40066964285714
19001,38.82638361696039,
19067,32.59354927308034,
19134,29.380190974762105,509.53125
19201,25.82063362911709,0.0
19267,23.820170425748685,0.0
19334,27.032913781186615,0.0
19401,26.560982020128318,0.0
19467,46.14538669710054,0.0
19534,44.04200621701355,
19601,36.18048096712093,81.11607142857143
19667,46.634087853111694,81.11607142857143
19734,39.33031495102406,
19801,34.71731651480051,161.953125
19867,45.952095369564674,165.9375
19934,34.56669629423757,158.359375
20001,51.559521162246185,158.359375
20067,53.07673570301912,
20134,40.844332767865446,161.8174189814815
20201,49.99295872441877,
20267,52.05220609073808,
20334,41.15077716659581,164.04296875
20401,42.709814560623315,160.15625
20467,47.93343292146478,149.99245438664596
20534,43.148779915358126,158.1953125
20601,35.02290527914773,158.1953125
20667,39.683895418470684,161.71875
20734,32.56958152560932,105.78776041666667
20801,36.94341910364181,
20867,40.58236168942767,84.77213541666666
20934,43.22591387701336,84.77213541666666
21001,37.90988475088816,
21067,29.99130541287371,400.390625
21134,29.360107957152096,0.0
21201,26.78518379040114,0.0
21267,27.664128471123995,0.0
21334,26.053050461411097,0.0
21401,26.232492903979004,0.0
21467,23.944516808262165,0.0
21534,25.06505032404872,0.0
21601,41.65511410785554,0.0
21667,41.69556882432185,
21734,45.31082762034163,163.59375
21801,45.760993681058466,163.59375
21868,46.02721785922646,162.65625
21934,44.8065358884337,134.36414930555554
22001,44.77671012956648,
22067,49.46275366984462,429.375
22134,45.73185017184919,429.375
22201,36.81422155721008,
22267,39.77449227382341,120.3515625
22334,43.768323492908074,150.234375
22401,41.21165747534412,150.234375
22467,47.577603188872786,159.24479166666669
22534,47.309033446116246,192.67020089285714
22601,48.354432385253475,
22667,35.76226137449605,398.4375
22734,41.09207196320065,398.4375
22801,41.046919189002054,
22867,45.10518201077809,156.875
22934,43.59475001108376,178.97298177083334
23001,37.551885856083246,178.97298177083334
23067,44.79517726711379,
23134,41.928182570482946,422.96875
23201,46.16107757092463,
23267,43.401663948860765,125.10307026957418
23334,34.35844365984441,125.10307026957418
23401,25.921767573958668,129.78830295138889
23467,26.5991620006985,0.0
23534,27.40362689494244,0.0
23601,23.138672203691534,0.0
23667,24.313637641589875,0.0
23734,24.885507165004444,0.0
23801,24.712917110589387,0.0
23867,24.927603890268376,0.0
23934,22.71841606536499,0.0
24001,20.644579892269185,0.0
24068,28.830933585756902,0.0
24134,42.9939833006815,
24201,43.554515201265176,123.33463541666667
24268,42.3390945348778,123.33463541666667
24334,44.09645751770205,117.64142602423848
24401,41.42921057515615,117.6703972387566
24468,40.85290578230065,118.44720179738563
24534,41.28593106918704,118.44720179738563
24601,42.557306852816296,120.5262419871795
24668,38.44725627973226,119.77296438276399
24734,27.839035792727348,122.51897321428571
24801,31.728946977521765,0.0
24868,30.799044676667204,0.0
24934,27.032913781186615,0.0
25001,48.30999033784504,
25069,38.76160084825628,291.40625
25134,51.21267590100919,150.390625
25201,48.98472866564556,150.390625
25269,38.747716371842984,131.31184895833331
25334,49.55755077572288,117.5390625
25401,40.84969288474987,112.70638020833333
25467,36.81602998730868,112.70638020833333
25534,39.382194178127435,93.54352678571428
25601,41.05612359686785,113.765625
25668,39.97692117941726,111.484375
25734,44.109627176183835,
25801,39.51386094880293,
25867,34.58939861890326,108.81510416666667
25934,26.794278966121187,162.97526041666669
26001,22.671717284030137,0.0
26067,22.648178230095365,0.0
26134,24.199557484897582,0.0
26201,22.174839442139064,0.0
26267,27.611758131557313,
26334,51.76588964764826,344.765625
26401,52.159889803554485,344.765625
26467,51.740481720840414,194.34895833333331
26534,41.52227171838142,186.61458333333331
26601,48.61647898026507,149.0625
26667,39.906939606797515,149.0625
26734,48.173604029513896,142.578125
26801,49.8033067442432,
26867,47.1291894805983,149.9609375
26934,49.356886038466534,149.4921875
27001,51.98662584318134,149.4921875
27067,47.85778137195531,
27134,43.732798932774955,129.58147321428572
27201,50.01110373201611,
27267,36.51859269246949,148.47591145833334
27334,48.88555756884667,148.47591145833334
27401,47.280208306168554,140.75260416666669
27467,46.5856465026156,131.0004340277778
27534,46.34578022853888,127.64455782312926
27601,44.54143327174591,127.64455782312926
27667,40.45557669136548,129.72005208333331
27734,50.630367212456676,146.74572172619048
27801,43.908997971735324,148.91071428571428
27867,50.22601559519073,
27934,38.26722520168992,
28001,40.29140179764322,128.90625
28067,46.047119317276206,
28134,47.40504798980765,128.810546875
28201,45.52753363545443,128.810546875
28267,47.5581389778315,124.20247395833334
28334,45.83674762853721,150.37109375
28401,32.93583513496117,158.75
28467,43.494912216102165,162.1875
28534,52.928074524461394,162.1875
28601,46.952539624363496,
28667,46.93207947141575,130.47293526785714
28734,40.900463224573556,124.8486328125
28801,44.35876204588752,124.8486328125
28867,40.052234248581364,75.16294642857143
28934,47.17412512040675,
29001,46.50404669868032,49.14133804563492
29067,35.83085366347687,
29134,30.056094453602803,
29201,25.74031267727719,0.0
29267,52.52163435553494,
29334,46.39805120597555,163.86067708333331
29401,38.522969658269254,163.86067708333331
29467,45.78845422234846,108.08663504464286
29534,40.17409008536211,109.9755859375
29601,44.85693040293661,108.2733444940476
29667,30.94471128641645,103.27628968253968
29734,29.95196291597179,103.27628968253968
29801,27.11807229041191,0.0
29867,29.464522650130732,0.0
29934,28.721562727482926,0.0
30001,28.08210972924222,0.0
30067,28.007170782823852,0.0
30134,26.560982020128318,0.0
30201,18.976270912904415,0.0
30267,21.303337684950062,0.0
30334,24.60897842756548,0.0
30401,45.694324359249386,0.0
30467,50.45049012988961,
30534,42.612866650984586,185.16145833333331
30601,36.735737964230516,182.68229166666669
30667,50.875649262495976,182.68229166666669
30734,46.40511250213588,207.546875
30801,46.86520084416617,158.984375
30867,46.30295634091197,150.91666666666669
30934,35.078558716958305,150.91666666666669
31001,52.65086813444672,147.45256696428572
31067,40.03158833950862,92.15448288690476
31134,45.92997918988107,
31201,49.19470349950749,150.234375
31267,46.66405648490134,150.234375
31334,51.27885178681767,146.38129340277777
31401,50.48387416220656,150.1323784722222
31468,44.00382548045429,174.38802083333331
31534,50.02679996783806,174.38802083333331
31601,50.595369126341126,159.55319940476187
31667,50.340907697090515,156.27870008680557
31734,47.90608828584417,155.62688078703704
31801,38.07467375684278,161.57552083333334
31867,32.90702243287854,161.57552083333334
31934,28.65103974641128,107.55729166666666
32001,22.810333672477277,0.0
32067,23.99673721481038,0.0
32134,28.721562727482926,0.0
32201,25.37819095073274,0.0
32267,26.273658565927324,0.0
32334,25.84331224367531,0.0
32401,24.099331233312945,0.0
32468,28.633228601204557,0.0
32534,46.249830032069006,0.0
32601,39.58181497564948,
32667,42.221179287582224,306.77083333333337
32734,47.42748690944961,210.84255952380948
32801,45.87621179101308,210.84255952380948
32867,47.00530656978592,193.49950396825398
32934,30.55378331375,271.98288690476187
33001,44.76338820249766,298.671875
33068,31.752218003430524,298.671875
33134,51.332098695520195,299.484375
33201,36.644539285811575,256.1923363095238
33268,35.67731962548069,298.984375
33334,52.14552455234245,261.49609375
33401,47.37804677819923,261.49609375
33468,47.89883766512009,149.88727678571428
33534,43.323172445409796,100.76354166666667
33601,46.047227228590984,
33667,44.364806950094945,260.3125
33734,41.133416047951044,260.3125
33801,41.104886998366695,243.4375
33868,40.132586652835165,
33934,42.84859176733762,218.984375
34001,44.34776421663153,218.984375
34068,33.83815365980431,256.015625
34134,44.11114418550905,286.7265625
34201,42.815787350237514,248.04036458333331
34268,41.480779767625066,218.93229166666669
34334,32.20631019448092,218.93229166666669
34401,28.709888137605756,
34468,42.21388153306344,493.984375
34534,49.232595658871375,292.74739583333337
34601,43.8913063030664,292.74739583333337
34668,47.283781343000626,266.328125
34735,48.87521655009215,253.8671875
34801,48.22436160371976,
34868,40.849335749367164,247.32421875
34934,28.656960599160705,247.32421875
35001,28.808135922807914,
35068,25.352941200427708,0.0
35135,25.34026106056135,0.0
35201,33.43999069057161,0.0
35268,49.88206562776769,0.0
35334,51.246020278933386,
35401,43.83007041822538,260.3106398809524
35468,47.021374611434375,233.96701388888889
35535,41.553360374650616,233.96701388888889
35601,52.85107029566812,234.08482142857144
35672,47.96962665787025,249.38883463541666
35735,45.386491256101706,238.81510416666669
35801,47.542489259495255,201.1185267857143
35868,36.271609523747756,201.1185267857143
35934,53.82049478295849,179.921875
36001,54.055700248565984,213.8046875
36069,50.65374281827719,208.7936197916666
36135,43.96251668580277,208.7936197916666
36201,29.656719712201067,106.13467261904763
36268,28.639173769578605,
36334,27.259116322950483,0.0
36401,23.856062735983123,0.0
36468,24.45604203273598,0.0
36534,42.795072476017566,0.0
36601,49.76977807389104,
36668,46.27068713926809,142.03125
36734,49.054396667969314,142.03125
36801,44.55606112581867,210.95875850340136
36868,34.33769833924866,214.12760416666669
36934,51.51544513676497,181.953125
37001,46.10830441265715,195.20833333333331
37068,47.1536814124635,195.20833333333331
37134,45.43906705006407,180.390625
37201,45.067620153973486,
37268,52.07768969739924,186.70833333333334
37334,47.37963506970083,186.70833333333334
37401,52.86117255265108,173.12760416666669
37468,46.49451693528406,170.1296875
37534,47.556309727617425,149.56163194444443
37601,44.22573426295597,130.3806216931217
37668,38.06586934327803,130.3806216931217
37734,36.7788058151159,75.5078125
37801,44.67726466143582,
37868,49.79466424617635,147.8125
37934,37.75974331129369,
38001,41.22281427209923,
38068,52.003825864409805,189.81770833333331
38134,46.33327034352867,178.23046875
38201,38.47757688392331,156.5625
38268,48.518451671602136,156.5625
38334,44.54600977097761,
38401,31.737688231366498,91.5390625
38468,29.32473764677153,
38534,32.75771900164931,0.0
38601,44.54753419965662,0.0
38668,51.211788898527885,
38734,51.29464309782377,236.328125
38801,45.661191679368926,236.60970052083334
38868,47.66174812312303,236.60970052083334
38934,46.945350042539424,
39001,45.4683867245147,390.3125
39068,46.68926118778788,
39134,47.897780738955674,429.84375
39201,41.8366835736002,429.84375
39268,51.75320426500725,
39334,48.33924447059533,104.08482142857143
39401,45.409673064292456,130.31380208333334
39468,41.08531198857869,130.31380208333334
39534,47.80497330580823,
39601,45.34711293390327,143.84765625
39668,45.698652856605676,139.76562500000003
39734,40.03762020828246,
39801,41.94764024110887,
39868,42.09059034128798,97.484375
39934,26.37489729512511,112.81966490299827
40001,28.830933585756902,0.0
40068,28.413594704548547,0.0
40134,25.774917998372256,0.0
40201,26.9284691927723,0.0
40268,25.263392773898442,0.0
40334,23.560258571931225,0.0
40401,25.010592622177516,0.0
40468,22.576785748691847,0.0
40534,22.355284469075485,0.0
40601,22.04119982655925,0.0
40668,36.56577291396114,
40734,45.11281613467142,
40801,45.69057731180054,198.75
40868,49.347155442157984,215.95703125000003
40934,47.626260551755024,188.359375
41001,44.55362656906286,188.359375
41068,41.60978460120009,
41134,42.539192605749115,274.6875
41201,50.576356794128536,180.15625
41268,51.219240654727265,198.3392857142857
41334,45.86711049716716,198.3392857142857
41401,48.85689079058008,153.04797149122808
41468,42.419696119130734,144.8518725198413
41534,33.60025089189398,145.43055555555557
41601,31.25806458139527,145.43055555555557
41668,31.522883443830565,216.59877232142856
41734,28.169038393756605,0.0
41801,26.5991620006985,0.0
41868,40.07064656378332,
41934,52.469292149232054,
42001,49.12275210498812,88.3891369047619
42068,52.34965013734019,
42134,42.87398589234254,168.60243055555554
42201,37.19993826367604,171.25
42268,49.60556391227358,171.25
42334,51.06347310332193,
42401,47.87311669515777,179.75
42468,53.0045852259433,
42534,50.43055608961497,
42601,48.19267478353129,499.609375
42668,42.07284205912198,
42734,44.16856768743732,141.9921875
42801,45.2975107994238,97.34263392857143
42868,43.761387920804815,97.34263392857143
42934,40.51538390515327,121.015625
43001,39.8412208286111,
43068,46.96845459147521,295.703125
43134,42.00166246363107,295.703125
43201,41.58663980813989,302.96875
43268,31.92846115188842,
43334,28.43855422623161,0.0
43401,28.241258339165487,0.0
43468,41.223797320691126,0.0
43534,46.677143848429246,
43601,47.49055748537427,161.71875
43668,40.471190387201815,176.46484375
43734,40.64233296034753,176.46484375
43801,49.82483804348227,
43868,39.7959389584893,310.09635416666663
43934,32.913688504515825,175.78125
44001,44.07951470832673,102.46484375
44068,49.48838248696822,102.46484375
44134,41.828994675482605,
44201,45.247335591865166,272.65625
44268,33.25310371711061,
44334,29.20123326290724,0.0
44401,26.75778341674085,0.0
44468,24.14973347970818,0.0
44535,28.369567370595504,0.0
44601,27.347998295888473,0.0
44668,23.820170425748685,0.0
44735,29.32473764677153,0.0
44801,24.409090820652178,0.0
44868,40.516540841132866,0.0
44935,53.3289069862259,
45001,51.43155376433177,
45068,52.018448450012336,182.39583333333331
45135,47.20597512871536,
45201,47.048794508305775,143.35379464285714
45268,32.337573629655104,143.35379464285714
45335,28.767949762007007,
45401,27.024305364455255,0.0
45468,26.444385894678387,0.0
45534,27.520484478194387,0.0
45601,24.60897842756548,0.0
45668,47.02430536445525,
45734,51.3953907069624,122.83203125
45801,37.91760804012905,127.76936848958333
45868,49.282677984501234,127.76936848958333
45934,36.942541120252784,133.63932291666666
46001,49.78673442185756,
46068,40.623563180854376,123.3935546875
46135,41.28173014749728,
46201,35.38699379542407,
46268,43.442743496724646,73.87053571428572
46335,43.19522449065454,
46401,35.126843962171634,111.3671875
46468,26.37489729512511,0.0
46535,28.356905714924252,0.0
46601,25.2244423350632,0.0
46669,21.46128035678238,0.0
46735,21.00370545117563,0.0
46801,43.15046224922345,0.0
46868,47.841035372710266,
46934,41.69351090492418,163.52213541666669
47001,48.158631997950245,173.359375
47068,46.21456716357618,146.67317708333334
47134,41.27039973455082,146.67317708333334
47201,50.1139702948838,131.09375
47268,48.338289480489884,155.50223214285714
47334,51.374996959036075,
47401,47.15058561403927,
47468,42.23288219096948,151.79166666666666
47534,49.026120001208476,161.25
47601,46.58440706411126,155.60416666666669
47668,51.126083525593145,155.60416666666669
47734,44.84954347420982,125.91889880952381
47801,31.755118133634475,122.828125
47868,27.56636108245848,120.15625
47934,24.756711883244297,0.0
48001,27.737864449811937,0.0
48068,24.548448600085102,0.0
48134,24.533183400470374,0.0
48201,27.972675408307165,0.0
48268,22.576785748691847,0.0
48334,23.09630167425899,0.0
48401,24.45604203273598,0.0
48468,22.227164711475833,0.0
48534,21.271047983648078,0.0
48601,25.237464668115646,0.0
48668,22.4551266781415,0.0
48734,18.633228601204557,0.0
48801,22.7415784926368,0.0
48868,38.057047044338645,
48934,43.02569010936054,
49001,44.648619807660346,262.421875
49068,51.34017645675983,145.54036458333331
49134,49.5425216032058,140.48549107142856
49201,51.80879642383496,
49268,53.18399365561856,
49334,41.37322456100344,167.79947916666669
49401,46.327912364394734,
49468,51.93647663766761,148.45885416666667
49534,50.56580914494464,148.45885416666667
49601,35.456781497920254,154.12760416666669
49668,39.9532800907741,162.03125
49734,47.15769429777467,127.16448102678572
49801,36.84576087388456,126.9933449074074
49868,37.84189205380961,126.9933449074074
49934,44.64459738965453,115.078125
50001,47.40489011333966,135.80893640350877
50068,35.76916955965207,
50134,28.48189116991399,
50201,25.965970956264602,366.015625
50268,24.871383754771866,0.0
50334,24.329692908744057,0.0
50401,24.563660331290432,0.0
50468,22.624510897304294,0.0
50534,29.822712330395685,0.0
50601,32.14048679411941,
50668,50.24206447290087,183.0703125
50734,46.812864740280844,139.74190848214286
50801,36.442415858437286,139.74190848214286
50868,38.2865989653532,202.578125
50934,44.68303012387536,148.81510416666669
51001,41.90975657485245,109.80794270833334
51068,45.508273884528386,109.80794270833334
51134,45.82756316679422,
51201,45.16310566674534,148.984375
51268,39.9135900263795,
51334,40.12584163914151,3382.65625
51401,45.820178846686275,3382.65625
51468,43.09651455849319,
51534,42.00631654810103,69.96428571428572
51601,37.1758729685546,104.01143973214286
51668,28.494194137968996,104.01143973214286
51734,29.12753303671323,
51801,25.987905067631154,0.0
51868,26.93726948923647,0.0
51934,25.19827993775719,0.0
52001,24.955443375464483,0.0
52068,24.424797690644485,0.0
52134,22.55272505103306,0.0
52201,48.99765801944386,
52268,35.31478917042255,
52334,53.445278467268515,131.82291666666669
52401,51.230541584390494,170.83984375
52468,52.93194550817378,186.115234375
52534,53.88341027954583,163.671875
52601,44.63280664953246,163.671875
52668,43.93030897514415,159.609375
52734,47.11317845065442,
52801,47.29885314961069,136.54947916666669
52868,54.090213313481485,155.2529761904762
52935,45.734170306968096,155.2529761904762
53001,49.98446794575351,140.390625
53068,48.66588581775032,145.7300347222222
53134,50.6679538059267,117.02408854166666
53201,50.87252420292228,117.02408854166666
53268,32.62213705476417,129.99658978174602
53334,33.08777773664721,144.48102678571428
53401,28.48189116991399,107.70182291666666
53468,30.350292822023683,0.0
53534,40.30235296012245,0.0
53601,31.61068385471175,
53668,55.18395479773893,398.4375
53734,52.42782360109781,
53801,48.478501734642485,
53868,41.79293205577373,153.46354166666669
53934,41.0680262759965,105.6015625
54001,42.31087120584823,
54068,51.53180483685678,121.25358072916666
54134,49.372971782376915,121.25358072916666
54201,45.3878730993371,119.8654513888889
54268,37.29083757043612,142.421875
54335,40.46378088048272,142.8125
54401,47.44895100220962,
54468,47.38027022369462,
54535,39.55783928916912,124.51171875
54601,41.87266838179294,124.921875
54668,46.069507344806404,133.33333333333331
54735,45.57843920244874,133.33333333333331
54802,39.941411111261225,139.53125
54868,44.911655165410124,
54935,32.29937685907934,170.60546875
55001,43.37658891026142,114.32942708333334
55068,31.238516409670858,114.32942708333334
55135,46.21435949634432,164.375
55201,43.04167271724396,
55268,41.904157470332905,86.33463541666666
55335,32.40549248282599,86.33463541666666
55401,32.57678574869185,106.74479166666666
55468,44.252569921617805,
55535,45.40654760910119,137.90364583333331
55601,45.83640780943042,78.22739955357143
55668,42.51662549989795,78.22739955357143
55735,30.565237240791006,
55801,33.55068206348851,71.82105654761905
55868,52.03538724983601,
55935,43.23994202181974,
56001,41.74088895463686,149.08854166666669
56068,39.75063996095236,85.60965401785714
56135,36.59345635746177,101.78703703703704
56201,36.55522596253418,98.6875
56268,35.24655712357777,98.6875
56335,41.82842458558692,96.27864583333334
56401,42.02352067809752,
56468,47.50963278647134,125.6640625
56535,44.240154498219894,125.6640625
56601,37.172543127625495,
56668,31.19915410257991,88.9279513888889
56735,36.271609523747756,0.0
56801,44.3341777677003,
56868,32.45018870737753,
56935,31.571544399062816,64.40625
57002,33.654879848909,0.0
57068,26.766936096248667,
57135,24.03120521175818,0.0
57201,28.37588438235511,0.0
57268,26.866362692622936,0.0
57335,22.87801729930226,0.0
57401,26.273658565927324,0.0
57469,25.301996982030822,0.0
57535,23.783979009481374,0.0
57601,30.580462303952814,0.0
57669,23.891660843645326,0.0
57735,20.606978403536118,0.0
57801,22.96665190261531,0.0
57869,40.840755677786746,0.0
57935,44.292515033306934,
58001,41.72515363010773,196.64713541666666
58068,32.61024833992397,196.64713541666666
58135,41.41888549705861,161.640625
58201,35.384480517102176,197.74609375
58268,41.368473499574534,163.125
58335,49.51361807517263,
58401,47.344637812248386,
58468,48.776016797292726,164.70703125
58535,44.69262225177402,
58601,43.35277325031929,148.3984375
58668,43.38954252377607,148.3984375
58735,47.23094293800261,156.62109375
58801,37.95810524667408,184.1796875
58868,37.15418322595056,168.984375
58935,46.7193150053175,191.57552083333331
59001,47.264011621029226,191.57552083333331
59068,39.814108401658885,157.734375
59135,50.79376634605352,188.10379464285714
59201,46.8466586402586,181.83221726190473
59268,46.8346131249973,181.83221726190473
59335,44.52415170075869,115.88169642857143
59401,41.46500128645655,87.93489583333334
59468,36.748611407378114,118.96240234375
59535,26.655809910179535,126.484375
59601,26.45422269349092,126.484375
59668,27.347998295888473,0.0
59735,28.567288903828825,0.0
59801,27.611758131557313,0.0
59868,22.810333672477277,0.0
59935,24.955443375464483,0.0
60001,38.467081454560066,0.0
60068,47.7340608801514,
60135,44.25420089084946,208.66629464285714
60201,51.97321917535383,208.66629464285714
60268,54.21330761873364,212.68489583333331
60335,36.326597132939135,163.29427083333331
60401,54.391700003361755,163.203125
60468,53.10193958364956,135.32784598214286
60535,52.86294758140591,135.32784598214286
60601,49.04493744269145,127.86067708333334
60668,44.21307716003349,146.09309895833334
60735,51.14080300510432,
60801,51.63513201858072,
60868,50.840469383260185,157.99479166666666
60935,46.569888859900686,153.35224454365078
61001,41.47119576021965,126.34114583333334
61068,49.83716473913749,
61135,48.826326712174335,
61201,38.98341165727509,138.7047371031746
61268,44.78912638929306,149.46010044642856
61335,55.63689876259687,153.87462797619045
61401,51.20228332213779,153.87462797619045
61468,46.76510710282554,
61535,34.948500216800944,128.8671875
61601,42.80122896302308,130.46875
61668,42.12720154417842,116.07421875
61735,43.201047248418796,116.07421875
61801,48.27963436254122,
61868,52.2576143635484,141.953125
61935,47.814896918183535,159.36686197916666
62001,37.59138816281166,136.5076884920635
62068,38.549130223078556,136.5076884920635
62135,45.195129832576264,73.83411871693121
62201,37.14078164981856,
62268,45.114956636735656,160.79589843750003
62335,44.90365878570827,160.79589843750003
62401,34.23900918528417,115.53439017465543
62468,39.365640051352656,
62535,36.28695382714023,503.54166666666663
62601,46.22245116923463,
62668,45.37164012479412,
62735,33.380578754197565,266.015625
62801,35.67966906823154,
62868,42.13358353624392,160.17764136904762
62935,39.62416693445751,160.17764136904762
63001,37.490402687034575,102.29756944444445
63068,39.109444057499786,107.17447916666666
63135,44.93792531069666,108.564453125
63201,46.56912339781424,113.45703125
63268,39.81592117214082,113.45703125
63335,30.41392685158225,111.8359375
63401,53.11813175275819,110.078125
63468,40.17575868391074,92.78627232142857
63535,34.94432898726399,
63601,28.65103974641128,
63668,25.301996982030822,147.93526785714286
63735,26.73020907128896,0.0
63801,25.118833609788744,0.0
63868,26.13841821876069,0.0
63935,23.61727836017593,0.0
64001,22.55272505103306,0.0
64068,23.76576957056512,0.0
64135,21.5836249209525,0.0
64201,23.05351369446624,0.0
64268,23.364597338485297,0.0
64335,52.05645474023985,
64401,53.181781572657925,189.63169642857142
64468,43.011819721383155,189.63169642857142
64535,53.69953901745927,192.3046875
64601,52.281384710270714,183.49739583333331
64668,47.753919716966124,
64735,53.79193076231937,167.265625
64801,51.14514241199905,167.265625
64868,45.73057356900448,
64935,37.8240095249653,103.19921875
65001,32.913688504515825,119.62239583333334
65068,28.388490907372553,0.0
65135,27.860412102425542,0.0
65201,26.580113966571126,0.0
65268,27.363965022766426,0.0
65335,26.78518379040114,0.0
65401,25.61101383649056,0.0
65468,39.69415912353981,0.0
65535,30.068937079479007,
65601,52.46111876745735,159.92373511904762
65668,45.41354550754416,171.431392609127
65735,37.642508754387734,171.431392609127
65801,47.70225882017314,152.34375
65868,43.857492276752794,130.3515625
65935,46.337107848792265,75.0546875
66001,45.83153414473892,75.0546875
66068,48.7989832433001,
66135,43.83761524484166,121.435546875
66201,34.099331233312945,
66268,50.17191994837632,149.0234375
66335,49.836804014454444,149.0234375
66402,44.36099009487429,145.84263392857142
66468,53.6884636436882,
66535,38.97462138013063,148.88671875
66601,34.75380593143361,148.88671875
66668,53.39381869112333,
66735,42.184304636192316,155.48828125
66802,44.62652509728373,205.96484375
66868,44.80136349183575,
66935,36.377898293622295,
67001,50.500780043533936,72.9921875
67068,48.62441478920574,
67135,40.35309640156801,128.69791666666666
67202,31.082266563749283,
67268,29.35003151453655,
67335,25.575072019056577,0.0
67402,28.463371121298053,0.0
67468,25.14547752660286,0.0
67535,26.766936096248667,0.0
67602,28.215135284047733,0.0
67668,19.912260756924947,0.0
67735,45.58312486160559,
67801,50.325099721705726,119.96324869791665
67868,38.30331993451962,119.96324869791665
67935,42.027879150338414,124.74609375
68002,48.22311948285655,120.47200520833334
68068,45.86902222733238,130.703125
68135,51.14173801302714,130.703125
68202,46.5742876506078,139.86607142857144
68268,36.98709349442587,137.73014322916666
68335,49.26275547773541,75.09858630952381
68402,46.06821886016697,109.70703125
68468,43.352572564345316,109.70703125
68535,49.08688714192279,116.97265625
68602,35.519376953648376,121.28255208333334
68668,50.55523581645343,
68735,45.84014435797936,
68801,44.7017519665518,129.63541666666669
68868,32.82848602834645,111.89930555555554
68935,49.94967886621357,113.22265625
69002,49.23518604928256,93.59095982142857
69068,43.91640703492388,93.59095982142857
69135,31.679078100014802,104.0017361111111
69202,39.44877305963695,
69269,33.31427296520743,140.92453231292515
69335,31.00370545117563,0.0
69401,26.294095991027188,0.0
69468,26.464037262230697,0.0
69535,25.877109650189112,0.0
69601,27.97959643737196,0.0
69668,26.99837725867246,0.0
69735,24.03120521175818,0.0
69801,29.16453948549925,0.0
69868,35.68553712049442,0.0
69935,51.10556042755381,
70001,48.39829865628981,
70068,44.70572181905382,155.15625
70135,53.31228832256332,158.125
70201,48.197412972730106,
70268,43.01984394070439,
70335,35.47897717563097,124.30338541666666
70401,32.650537885040144,76.58203125
70468,45.333398359919684,
70535,47.02482235092322,130.58203125
70601,39.14078585389112,130.58203125
70668,44.59950077433841,130.1984375
70735,46.83596316536349,145.625
70801,34.51172157512539,
70868,41.39879086401237,
70935,41.226745132061986,501.640625
71001,36.131015169669126,
71068,49.27396029803128,138.62593694885362
71135,47.31532359643195,133.49493117559524
71201,43.89874558390986,133.49493117559524
71268,40.015606526425735,
71335,46.25044793700269,118.671875
71401,49.82682713023635,
71468,40.69557104582695,157.34375
71535,41.13140836867081,157.34375
71601,41.21855182166855,
71668,45.06559146725782,138.88671875
71735,43.65993119934445,136.12874348958334
71801,38.43606471924511,136.12874348958334
71868,33.33648756514701,135.44921875
71935,33.48694190265541,0.0
72001,44.89198854250677,
72068,41.04930739077741,113.62413194444444
72135,35.16403148447403,113.62413194444444
72201,36.81060243631812,
72268,49.02921665265765,108.88764880952381
72335,40.715874705149766,118.00948660714286
72401,39.699281894281164,118.00948660714286
72468,40.30194785356751,116.98893229166666
72535,30.737183503461228,85.73307291666666
72601,38.081434257614916,
72668,40.61490176624815,354.6875
72735,37.626035495668035,354.6875
72801,29.689496809813427,
72868,43.830250209362795,65.33928571428572
72935,40.07619774517403,
73001,34.470028984661624,
73068,25.61101383649056,111.37745949074073
73135,25.526682161121933,0.0
73201,27.715874808812554,0.0
73268,27.193312869837264,0.0
73335,23.242824552976927,0.0
73401,21.702617153949575,0.0
73468,21.2057393120585,0.0
73535,22.430380486862944,0.0
73601,24.1161970596323,0.0
73668,22.09515014542631,0.0
73735,23.856062735983123,0.0
73802,30.149403497929367,0.0
73868,33.94801777162711,
73935,50.37398606573704,
74001,49.713176058153834,251.14078776041666
74068,30.9968064110925,251.97916666666666
74135,29.32473764677153,254.4965277777778
74201,29.400181550076635,0.0
74268,30.572856444182147,0.0
74335,28.08885867359812,0.0
74401,20.934216851622352,0.0
74468,45.27320500847398,
74535,31.072099696478684,
74601,45.26752694348148,143.75
74668,33.979400086720375,182.24609375
74735,53.59820310215241,
74801,52.25438516805497,241.58333333333331
74868,52.21659355931422,241.58333333333331
74935,48.05242515446186,
75001,33.8327665040765,133.01302083333334
75068,31.075491297446863,0.0
75135,28.85361220031512,0.0
75201,26.1066016308988,0.0
75268,25.658478186735177,0.0
75335,53.2963377856004,
75401,49.75169774073275,195.19544684193121
75468,52.74035397919776,195.19544684193121
75535,52.08564962276242,171.43489583333334
75602,50.840576745919336,157.04990931919644
75669,50.38870415107457,153.27504185267856
75735,50.136923219472855,153.27504185267856
75801,49.53590578646046,150.89347330729166
75868,45.38586300016313,150.5888559626437
75935,35.64310909960603,171.90150669642856
76002,26.910814921229687,0.0
76068,54.896533823067564,0.0
76135,46.56797495165782,
76202,46.527490190868434,147.59114583333334
76268,42.52148854818507,143.7890625
76335,51.77048546393407,174.5703125
76402,48.44570361988267,174.5703125
76468,44.335938410214666,159.375
76535,54.93938785136172,164.05436197916666
76602,47.95615885995009,150.04499421296296
76668,44.22967180527763,150.04499421296296
76735,51.61017430058325,205.60267857142858
76802,51.86244164024802,131.8071056547619
76868,45.27178618803964,93.67001488095237
76935,40.63183187967576,137.16471354166669
77001,45.841615449428666,137.16471354166669
77068,47.518254783803464,152.74739583333331
77135,47.06367816737223,129.81361607142858
77202,44.27599698924868,127.03125
77268,51.900766504047276,127.03125
77335,51.84501207920738,
77402,48.03190721308557,152.44140625
77468,47.42623024758888,
77535,45.44526913157487,121.953125
77602,34.273237863572476,121.953125
77668,41.17702061209315,118.87369791666666
77735,27.75974331129369,128.9453125
77802,27.291647896927703,0.0
77868,25.82063362911709,0.0
77935,25.05149978319906,0.0
78002,24.74216264076255,0.0
78069,25.658478186735177,0.0
78135,24.409090820652178,0.0
78202,25.010592622177516,0.0
78268,40.27838678188945,0.0
78335,51.44212923614794,
78402,43.31427296520743,337.578125
78469,48.09633774045899,188.47916666666666
78535,51.38596339868221,188.47916666666666
78602,49.42558637439602,
78668,37.07229419327294,443.90625
78735,38.84965198200732,
78802,54.89883982396457,
78868,50.43715858061206,326.71875
78935,53.241404116008866,
79002,51.32643850973081,173.89713541666666
79068,50.30138064089922,157.51736111111111
79135,49.231559069934434,157.51736111111111
79202,43.497824533634706,150.39506740196077
79268,30.74450718954591,154.4315799689441
79335,22.600713879850748,0.0
79402,28.382192219076256,0.0
79468,28.488047010518038,0.0
79535,26.25312450961674,0.0
79602,25.211380837040362,0.0
79668,24.014005407815443,0.0
79735,24.99687082618404,0.0
79802,25.327543789924974,0.0
79868,23.424226808222063,0.0
79935,25.854607295085007,0.0
80002,41.15843404112816,
80068,48.767603696839366,
80135,47.94940926679733,134.56967179232805
80202,49.46776391042226,132.28236607142856
80269,49.68459598760553,130.59331270885548
80335,45.54355883229462,130.59331270885548
80402,41.25025586819949,136.77083333333331
80469,39.41859126525374,154.921875
80535,48.86197336314973,
80602,48.59684575958221,223.59375
80668,45.493221182942975,223.59375
80735,51.12879699729616,161.328125
80802,55.486534773411805,162.51209077380952
80868,49.67908178904424,176.27548363095238
80935,46.3128138558189,176.27548363095238
81002,47.76701183988411,133.40011160714286
81068,52.56736983402216,128.5546875
81135,50.452368938716376,
81202,48.43799421156841,157.8125
81268,38.33019547076531,157.8125
81335,54.219048676171425,141.5625
81402,51.00108510681575,160.25390625
81468,39.12647106218317,
81535,41.64263608022661,
81602,50.55630577083654,191.23883928571428
81668,46.836413085574705,112.0224417892157
81735,46.69177363142873,
81802,48.30601498465559,128.50911458333331
81868,48.09377878883868,128.50911458333331
81935,49.225126690292456,
82002,51.22396114049156,80.38783482142857
82068,47.82529952987161,82.46354166666667
82135,45.500203312376584,82.46354166666667
82202,33.993275321586786,111.5625
82268,40.523860953893745,
82335,44.3306543399148,113.84765625
82402,34.972061807039545,
82468,46.45373138235073,
82535,47.56240423439786,139.28989955357142
82602,37.15334683792313,129.44171063311688
82668,42.18824238677402,
82735,46.9742115739418,129.169921875
82802,32.22716471147584,129.169921875
82868,48.70368785706904,97.79296875
82935,42.14207829654449,
83002,44.512643546218776,341.71875
83068,45.736489203261016,341.71875
83135,35.55457217204649,
83202,37.7451696572855,117.87760416666666
83268,38.572721735640414,
83335,48.36539310376977,216.9375
83402,36.0400993241223,216.9375
83468,40.749626431316265,145.126953125
83535,48.07453843942642,
83602,44.79416937274596,292.08203125
83668,42.98416380061295,292.08203125
83735,39.47384701684741,182.48697916666669
83802,38.107700112343636,180.078125
83868,43.82827209736365,91.20026506696428
83935,41.54819436194173,104.76934523809524
84002,40.37745129269592,104.76934523809524
84068,44.00071498347497,
84135,39.51143160107553,80.0390625
84202,29.4546858513182,81.29296875
84268,28.86490725172482,0.0
84335,26.60865478003869,0.0
84402,28.09559714635268,0.0
84468,27.752462597402364,0.0
84535,29.618954736678504,0.0
84602,28.2865989653532,0.0
84668,25.477747053878225,0.0
84735,25.61101383649056,0.0
84802,28.870543780509568,0.0
84868,23.560258571931225,0.0
84935,49.09438347305687,0.0
85002,42.150556473603096,
85068,54.399781283191324,345.078125
85135,50.18821119270242,201.734375
85202,42.95149096578918,201.734375
85268,48.07487672506224,
85335,41.64561029265557,199.921875
85402,51.77325794358073,183.515625
85468,37.99891684656865,
85535,55.19564188017334,
85602,53.08649770181384,148.89322916666666
85668,52.378402037643035,154.35267857142856
85735,41.51185918086074,142.36979166666669
85802,31.322596895310447,142.36979166666669
85868,41.865325645923974,82.35044642857143
85935,53.12223915730514,
86002,52.220476109532974,161.2890625
86068,51.65241357595125,
86135,50.99089902826428,
86202,37.585334222372865,328.671875
86268,44.78017870464792,
86335,55.052246162699674,161.171875
86402,51.40652574312655,164.84375
86468,38.518085142282374,164.84375
86535,48.995578772536604,158.3203125
86602,51.66267259887807,164.32942708333331
86668,50.04759746890433,159.28540426587304
86735,36.99664320202373,159.28540426587304
86802,49.42226386214039,160.859375
86868,45.51181530780593,154.7829861111111
86935,51.6233435471502,
87002,45.41978411697019,338.359375
87068,49.761389716143555,338.359375
87135,51.22251931412535,
87202,40.561040974224525,144.453125
87268,39.00148560719344,135.625
87335,45.591402509858625,135.625
87402,48.30595083622728,119.31640625
87468,47.14891129020681,126.25
87535,49.026120001208476,
87602,43.12579294906139,127.03125
87668,43.0644647366224,127.03125
87735,51.05241009102464,148.65327380952382
87802,33.40642377560705,188.59700520833331
87868,28.790958795000726,210.84309895833331
87935,46.17126205339112,210.84309895833331
88002,42.12986184736668,128.58529974489795
88068,33.43999069057161,148.74837239583331
88135,46.40312456590131,
88202,36.272634165682206,163.330078125
88269,27.88168371141168,163.330078125
88335,25.921767573958668,0.0
88402,23.22219294733919,0.0
88468,21.613680022349747,0.0
88535,24.18301291319746,0.0
88602,21.238516409670858,0.0
88668,20.3342375548695,0.0
88735,22.227164711475833,0.0
88802,24.871383754771866,0.0
88868,22.50420002308894,0.0
88935,46.91311403893644,0.0
89002,47.2684126764517,
89068,44.0956119452185,177.421875
89135,44.117711776203734,153.203125
89202,44.179530531094464,153.203125
89269,45.862383788164706,132.505859375
89335,46.25785594701899,129.54361979166666
89402,47.33084863820255,135.31901041666669
89469,51.27519448814641,135.31901041666669
89535,48.05752254800673,146.58333333333334
89602,41.29528773858777,146.97265625
89669,48.42403275291845,75.43666294642857
89735,40.92053606425475,
89802,43.57744325180376,
89868,46.505600594602456,102.0390625
89935,49.883136494546534,
90002,43.79396175194164,184.54296875
90069,38.14647069451856,180.078125
90135,49.46894195102327,180.078125
90202,49.814244385694806,180.2734375
90269,40.12795058145413,
90335,36.01081727784023,175.078125
90402,49.44517216928216,175.078125
90469,43.134031628864705,182.8663449754902
90535,37.31508183596026,
90602,49.232543835300255,60.99348958333333
90669,40.80842858834561,
90735,39.41660478388392,
90802,52.2077471526691,115.0
90869,47.387171532018414,128.09244791666666
90935,37.744439689249646,
91002,48.10252686001182,
91069,38.345478576809484,127.27701822916667
91135,40.47469574619856,126.43880208333334
91202,44.628320753782745,139.67094494047618
91269,42.431869241314715,75.43340773809524
91335,39.09823369650912,75.43340773809524
91402,37.04579449696299,98.585693359375
91469,29.415114326344032,
91535,27.65668554759014,0.0
91602,25.118833609788744,0.0
91669,24.29752280002408,0.0
91735,20.934216851622352,0.0
91802,25.010592622177516,0.0
91869,25.250448070368453,0.0
91935,22.78753600952829,0.0
92002,22.50420002308894,0.0
92068,26.989700043360187,0.0
92135,21.398790864012366,0.0
92202,45.63931758318119,0.0
92268,42.419447332442665,
92335,46.7950965984254,190.25390625
92402,43.416718872085184,180.78125
92468,37.663384752512876,179.921875
92535,35.614591712419156,179.921875
92602,30.95169351431755,
92668,48.529555052663376,58.62239583333333
92735,46.19896449966689,
92802,39.681092011281976,243.59375
92868,45.210857559153226,243.59375
92935,52.931083130537324,
93002,43.33648756514701,155.42317708333331
93068,40.28896445131471,126.021484375
93135,54.4016731599053,126.021484375
93202,53.87583791618265,182.55208333333331
93268,47.29018920036527,
93335,54.521561190211,189.61979166666669
93402,41.69791953876032,161.94893973214286
93468,38.896378004066676,161.94893973214286
93535,32.04119982655924,136.14908854166669
93602,46.6887957609011,
93668,42.92721137774543,344.6875
93735,49.01452872246721,344.6875
93802,42.23080397831155,302.265625
93868,34.33929765608464,292.96875
93935,31.693804953119496,
94002,30.342272607705503,0.0
94068,28.567288903828825,0.0
94135,28.068580295188177,0.0
94202,25.289167002776548,0.0
94268,28.102325179950842,0.0
94335,31.095785469043868,0.0
94402,41.86362940394731,0.0
94468,49.65986767604118,
94535,51.09146399618476,401.171875
94602,38.78923733967567,344.84375
94669,32.17747073262794,344.84375
94735,29.88112840268352,515.15625
94802,29.242792860618817,0.0
94868,26.693168805661124,0.0
94935,27.109631189952758,0.0
95002,31.18925752825777,0.0
95068,47.29683040925992,
95135,50.99048417319898,385.0
95202,51.91576757210136,
95268,42.494429614425826,
95335,49.19078092376074,129.8046875
95402,51.30098864258291,151.09375
95469,34.681995860726126,155.0712193080357
95535,54.5284708903927,149.44661458333334
95602,47.18617928047173,149.44661458333334
95669,50.40807968230192,148.81770833333334
95735,46.81729544046698,
95802,42.740423300498314,111.1328125
95868,39.767167043633826,111.1328125
95935,42.10238236161727,110.18391927083333
96002,49.90960099682199,127.92491319444446
96068,50.487679845753746,
96135,35.52789850192782,104.89063120039683
96202,33.18272080211627,104.89063120039683
96268,44.659030981733025,
96335,37.8625439578978,115.95703125
96402,52.43380385945352,131.95833333333331
96469,46.644539285811575,131.95833333333331
96535,39.21894470929102,97.00613839285714
96602,49.83373664433905,
96668,48.90901439279315,164.30338541666669
96735,47.284917602163645,128.6640625
96802,46.82947914079004,128.6640625
96868,36.8966396501577,111.73987268518518
96935,47.479397877985825,75.19949776785714
97002,47.473185682935714,103.04142992424244
97069,45.49689738712317,103.04142992424244
97135,42.30857476894673,106.8920617816092
97202,39.54821183051793,102.98952132936509
97268,30.507663112330423,106.23046875
97335,28.615344108590378,0.0
97402,26.570558528571038,0.0
97468,29.633155113861115,0.0
97535,29.523080096621253,0.0
97602,22.87801729930226,0.0
97669,25.78639209968072,0.0
97735,28.756399370041684,0.0
97802,25.465426634781313,0.0
97869,21.84691430817599,0.0
97935,36.48164778574001,0.0
98002,51.495762576789865,0.0
98069,51.138063609050725,
98135,52.289005871962424,162.23958333333331
98202,45.230176972834116,
98268,43.450991461328954,528.7700892857142
98335,54.32372728020671,528.7700892857142
98402,49.03165981876918,
98468,48.614746688571685,145.12193080357144
98535,40.15317833069116,153.41927083333334
98602,28.790958795000726,153.41927083333334
98668,32.02488317060094,147.41861979166669
98735,44.964314451842,0.0
98802,48.60840897869223,
98868,52.30165260011151,183.046875
98935,45.46875659391229,183.046875
99002,40.249369680374436,132.265625
99069,42.43732364552649,
99135,40.74633618296904,110.5625
99202,32.29425847920695,
99268,43.21246212990591,
99335,37.48885440009517,3886.5625
99402,33.21598430465344,
99468,29.057958803678687,68.10267857142857
99535,30.21189299069938,68.10267857142857
99602,30.056094453602803,0.0
99669,27.084209001347126,0.0
99735,28.007170782823852,0.0
99802,22.14843848047698,0.0
99869,23.483048630481605,0.0
99935,24.04833716619938,0.0
100002,45.80810972660946,
100069,38.6135516019326,123.01432291666667
100136,47.43266679943147,123.01432291666667
100202,51.426772316561724,97.86979166666666
100269,51.039131357028744,
100335,47.947737644310145,445.78125
100402,36.86993566264678,
100469,38.07399712759485,
100535,51.86074427125899,305.625
100602,36.75228253593064,299.6875
100670,50.31477137949125,398.5546875
100735,49.293524991254856,398.5546875
100802,41.854288212206676,
100869,37.8161178249315,113.33658854166667
100935,41.86928096934767,
101002,45.433726166886245,107.7620486111111
101069,37.85685668280901,107.7620486111111
101135,36.098077693287024,
101202,43.15487527750822,103.515625
101269,43.21018155255267,106.75549768518518
101335,32.40299582002712,106.75549768518518
101402,29.196010237841108,95.34249441964286
101469,23.926969532596658,0.0
101535,26.711728427150835,0.0
101602,23.560258571931225,0.0
101669,23.57934847000454,0.0
101735,25.06505032404872,0.0
101802,22.04119982655925,0.0
101869,24.983105537896005,0.0
101936,24.29752280002408,0.0
102002,21.2057393120585,0.0
102069,21.303337684950062,0.0
102135,21.55336037465062,0.0
102202,19.030899869919434,0.0
102269,34.50557009418329,0.0
102336,47.446293332511004,0.0
102402,41.82157766334782,
102469,49.07637049254689,134.53125
102536,50.08003671840159,132.13541666666666
102602,48.30113700166691,132.13541666666666
102669,47.19231818842229,124.35807291666667
102735,41.52471810336036,121.99152095734125
102802,47.64587060062891,120.70963541666666
102869,44.65323354978444,120.70963541666666
102935,43.59797551034401,124.05410879629628
103002,47.87743771646467,
103069,40.25182934335449,240.57291666666666
103135,36.33367445117007,
103202,42.35351663177412,
103269,42.31673436706146,342.1875
103335,43.166202516359355,
103402,34.69822015978163,243.92578125
103469,44.06028944963615,
103535,35.93507589331765,
103602,48.66062747820057,390.390625
103669,47.16470793725799,
103735,45.536524739734745,130.4931640625
103802,47.45629022467013,130.4931640625
103869,42.35932253986295,133.515625
103935,48.98407021138357,
104002,44.73983023210336,142.98828125
104069,45.30353403560164,
104135,40.93841766912128,
104202,32.78067330888662,101.94759114583333
104269,29.978230807457255,105.625
104335,32.124539610402756,
104402,34.88409688903198,0.0
104469,37.83188691075257,0.0
104535,39.32778070060551,
104602,36.65487180782811,102.63346354166666
104669,33.686587123922266,105.47526041666666
104735,28.19543935541869,105.47526041666666
104802,25.877109650189112,0.0
104869,24.638929889859075,0.0
104935,26.67452952889954,0.0
105002,24.424797690644485,0.0
105069,25.41579243946581,0.0
105135,27.275412570285567,0.0
105202,22.4551266781415,0.0
105269,41.96535414422256,
105335,42.75748884479195,
105402,47.50392670425053,347.8125
105469,48.77008322140324,198.90625
105535,43.788156402724766,200.546875
105602,48.485031738863135,190.3404017857143
105669,45.089469798218744,190.3404017857143
105735,40.188668631509074,165.234375
105802,43.632358044836934,167.724609375
105869,39.269081017054354,223.2466517857143
105935,49.96301478805604,223.2466517857143
106002,47.49187304853726,125.734375
106069,40.841829114204735,138.28125
106135,37.14078164981856,
106202,45.67802459177053,116.11002604166666
106269,36.39287225910237,116.11002604166666
106335,48.437185173991146,113.66536458333333
106402,46.671820180740724,134.48323567708331
106469,46.10138270478529,
106535,35.73567773039218,
106602,34.7246389660699,644.53125
106669,35.03109436671369,
106735,32.79894980011638,478.75
106802,41.477999492012,
106869,43.64494711644551,
106935,40.709977969934236,104.39453125
107002,41.02433705681336,98.00130208333334
107069,44.5792729099725,103.35286458333333
107135,47.42269393535128,103.35286458333333
107202,49.33892035764211,
107269,49.77476672974879,74.53404017857143
107335,41.304302676581415,
107402,29.459607035775687,206.02864583333331
107469,31.556396337597764,206.02864583333331
107535,30.232524596337115,0.0
107602,25.13217600067939,0.0
107669,28.739015978644616,0.0
107735,27.512791039833424,0.0
107802,29.60946195733832,0.0
107869,35.10410948010177,0.0
107935,24.82873583608754,0.0
108002,50.57966431427349,
108069,46.64388092898957,
108135,49.63395841347033,431.640625
108202,51.41543834220653,
108269,47.376457905618885,212.3530505952381
108335,43.459419609171796,
108402,35.3186194909581,
108469,33.13445370426414,143.88671875
108535,30.228406108765277,0.0
108602,30.55378331375,0.0
108669,23.891660843645326,0.0
108735,52.02158520400536,0.0
108802,50.24305016169744,
108869,51.7285677918442,373.984375
108935,54.17008087677755,
109002,53.79095119571122,
109069,42.18929185088087,162.55185081845238
109135,30.025979807199086,130.88614004629628
109202,27.737864449811937,0.0
109269,45.578078557646045,
109335,53.33286021554434,
109402,49.955825496515004,339.296875
109469,42.55634266458587,
109535,52.63524818151343,161.20442708333334
109602,45.77951127729755,161.20442708333334
109669,53.342405728432624,
109735,48.58218277071461,150.81138392857144
109802,43.095237096531136,133.984375
109869,53.70884865622039,126.90104166666666
109935,47.76192514747072,126.90104166666666
110002,40.44539760392411,121.89127604166667
110069,43.03649561060314,120.28971354166666
110135,44.612733676237866,121.875
110202,44.46785619301188,121.875
110269,41.05373914143847,114.3611111111111
110336,46.663213803700174,114.24479166666666
110402,38.67054800476702,
110469,34.26511261364575,496.328125
110536,26.766936096248667,496.328125
110602,22.92256071356476,0.0
110669,28.26722520168992,0.0
110735,44.557429964484896,
110802,35.77721524509021,
110869,53.54864912792644,406.5625
110935,48.6398272415212,
111002,41.4091637693907,144.67633364898987
111069,47.539276003484254,145.79427083333334
111136,44.65189458112298,145.79427083333334
111202,31.46128035678238,128.48307291666669
111269,39.11210893137553,105.3125
111336,45.58216411281003,73.20591517857143
111402,50.00173683058465,
111469,50.96826620461591,
111535,40.44069150468914,306.09375
111602,40.68297205031453,
111669,49.6285687359947,127.6171875
111736,40.90258052931317,127.6171875
111802,41.121356026819115,
111869,43.51525754547836,372.65625
111936,39.51774508081725,
112002,37.63727403765699,113.74131944444444
112069,29.703468762300936,113.74131944444444
112136,40.68853493671498,113.21614583333334
112202,46.144437108200066,117.59765625
112269,31.445742076096167,112.97526041666666
112336,45.47590121770153,112.97526041666666
112402,34.41852175773292,
112469,30.77731179652392,172.35026041666669
112536,31.2057393120585,0.0
112602,22.90034611362518,0.0
112669,25.41579243946581,0.0
112736,24.216039268698314,0.0
112802,24.232458739368077,0.0
112869,21.172712956557646,0.0
112936,21.271047983648078,0.0
113002,34.08748606184244,0.0
113069,46.76053124651872,
113135,36.51665603922935,376.25
113202,50.37589825699787,194.66796875
113269,50.69915877409297,194.66796875
113336,50.817504455301126,201.60342261904762
113402,48.34890987638997,253.6171875
113469,49.499508114323675,162.72916666666669
113536,44.206652318731166,162.72916666666669
113602,33.236645356081,162.56293402777777
113669,29.72665592266111,161.34440104166666
113736,25.390760987927766,0.0
113802,30.453229787866576,0.0
113869,25.237464668115646,0.0
113936,36.1689542640076,0.0
114002,47.81662045149523,
114069,45.08623974211346,173.8374255952381
114136,52.97303002964564,
114202,53.2367071915898,
114269,45.04688295120228,376.484375
114336,49.70049184859065,
114402,39.55495329184127,141.17024739583331
114469,39.7455774485358,141.17024739583331
114536,48.17895757161796,141.015625
114602,48.609844742048416,143.79910714285714
114669,36.721902511882526,139.23177083333334
114736,50.51295333593772,120.3125
114802,45.96619084663801,120.3125
114869,37.539658658651604,115.20306299603175
114935,39.89093692610326,
115002,49.91084242091658,112.294921875
115069,45.4913819132602,112.294921875
115135,41.03564280050957,
115202,48.23793637654755,96.56640625
115269,35.952757118021,128.04296875
115335,37.204900684500515,
115402,33.705130895985924,
115469,42.61691002934963,1045.78125
115535,47.17878448652346,
115602,47.20060024749243,83.71205357142857
115669,41.24927879110533,83.71205357142857
115735,32.86905352972375,114.5703125
115802,49.26861848498948,85.15531994047619
115869,44.44060417740776,
115935,34.96376054012401,78.53385416666666
116002,53.042103864352335,78.53385416666666
116069,46.47715410691555,
116135,32.94025094095323,126.41276041666666
116202,31.280760126687156,
116269,28.680563618230416,0.0
116335,30.370278797557752,0.0
116402,27.058637122839194,0.0
116469,25.4282542695918,0.0
116535,31.18925752825777,0.0
116602,36.51859269246949,0.0
116669,49.478011971439805,
116735,41.05339839805286,332.03125
116802,53.71160255524272,
116869,50.06850960324272,61.63169642857143
116935,42.893436451186346,61.63169642857143
117002,44.973720158037494,
117069,37.41387992479269,120.29296875
117135,49.4150646356156,112.43359375
117202,47.610854825528676,112.43359375
117269,50.14037253850235,132.5859375
117336,54.81076979262354,
117402,43.461377301604436,159.453125
117469,43.998640080468256,
117535,52.54245875105337,
117602,46.39844933081599,147.67578125
117669,39.96161293368007,
117735,46.77780270971382,113.57096354166667
117802,33.86142108930819,113.57096354166667
117869,44.893677747047334,
117935,39.096629851540186,350.0
118002,39.85785617772605,
118069,50.56935327072908,128.18878348214284
118136,42.18876715052757,128.18878348214284
118202,35.80354661106591,119.14341517857143
118269,33.96373727536507,71.09437003968253
118336,30.354297381845484,
118402,31.815577738627866,0.0
118469,24.84299839346786,0.0
118535,28.102325179950842,0.0
118602,34.19790586106363,
118669,44.82330375930801,110.31901041666666
118736,30.678145111618402,110.31901041666666
118802,45.91476434673244,
118869,37.897921677306755,104.0517578125
118936,42.199510857553165,108.28125
119002,47.39509054668297,141.39322916666666
119069,44.470184142476576,141.39322916666666
119136,44.37829806408219,133.046875
119202,44.46739045333934,85.00651041666666
119269,38.25491029879431,
119335,28.48189116991399,
119402,28.870543780509568,255.7421875
119469,28.530895298518658,0.0
119536,26.910814921229687,0.0
119602,21.84691430817599,0.0
119669,26.424645202421214,0.0
119736,26.273658565927324,0.0
119802,24.45604203273598,0.0
119869,25.37819095073274,0.0
119936,25.622928644564745,0.0
120002,27.888751157754168,0.0
120069,26.580113966571126,0.0
120136,23.710678622717364,0.0
120202,38.548523624178344,
120269,51.21208458615114,
120335,54.05103784316804,248.73046875
120402,44.73939276599178,327.6875
120469,53.82614912053829,200.078125
120536,49.54956096021273,
120602,38.93040111957118,
120669,46.45540161350514,199.140625
120736,51.42342529740898,201.85546875
120802,52.86586693654148,
120869,52.8968480778854,
120936,56.0833023602298,195.62825520833331
121002,52.58694737950748,
121069,47.290594443002796,149.37065972222223
121136,48.47874832824165,187.3828125
121202,40.51769746899332,187.3828125
121269,38.01678059035893,102.84853670634918
121336,29.309490311675233,
121402,28.388490907372553,0.0
121469,27.21810615212547,0.0
121536,28.08885867359812,0.0
121602,28.987251815894936,0.0
121669,27.14329759745233,0.0
121736,51.83378047843583,
121802,54.579651159258034,
121869,47.77839894422396,442.578125
121936,47.079106657131064,
122002,49.7570746353718,193.41796875
122069,55.25138137911191,
122135,49.473748969802756,
122202,51.34495855834673,166.1560639880952
122269,56.983615660551095,174.2534722222222
122336,51.177153087608495,163.34263392857144
122402,41.737688231366505,163.34263392857144
122469,47.2657236725846,
122536,47.56803404891328,435.078125
122602,31.332194567324944,
122669,31.041455505540082,519.140625
122736,49.25709067673666,519.140625
122802,49.38139300765631,
122869,50.60501419306732,141.12946428571428
122936,50.63509743531632,
123002,50.376933675834685,
123069,51.880195908478484,158.17460317460316
123136,51.310634133534485,155.703125
123202,33.8524868240322,148.1005859375
123269,35.179872030250785,
123336,47.8793489279197,
123402,45.433229006469126,117.53385416666666
123469,40.16239191042639,119.59635416666666
123536,48.70509246958777,121.46484375
123602,38.695837077134236,121.46484375
123669,34.460709357010046,114.08072916666667
123736,28.992731873176037,
123802,25.831987739686227,0.0
123869,27.3559889969818,0.0
123936,32.94906910605192,0.0
124002,32.02215775801132,
124069,64.27529114454376,411.015625
124136,41.79091976953994,216.02901785714286
124202,34.91081413423187,216.02901785714286
124269,34.470028984661624,210.4780505952381
124336,38.65636887699629,130.93359375
124403,37.59818877374826,
124469,27.965743332104296,459.609375
124536,27.860412102425542,459.609375
124602,53.34186255982654,
124669,53.880567747399425,159.58767361111111
124736,51.81277493451701,196.89081101190476
124803,51.43055415824365,191.02821180555557
124869,48.73895791749689,191.02821180555557
124936,48.20477322960984,142.65625
125003,49.45965621947022,
125069,47.50053034106733,135.37109375
125136,45.55964584741422,135.37109375
125203,35.14282047860378,
125269,49.25079924327292,528.28125
125336,46.09583738468039,
125402,32.87577809078706,136.66666666666669
125469,49.53991511221089,136.66666666666669
125536,50.39338755604167,133.5922181372549
125603,43.095024149667026,131.47276785714286
125669,45.41142233721635,
125736,51.352885239845605,
125802,46.62578412121589,125.66015625
125869,32.59832699063484,125.48828125
125936,29.169800473203825,75.3046875
126002,23.80211241711606,0.0
126069,23.820170425748685,0.0
126136,24.28134794028789,0.0
126202,25.390760987927766,0.0
126270,21.00370545117563,0.0
126336,24.69822015978163,0.0
126403,24.377505628203878,0.0
126470,23.783979009481374,0.0
126536,23.364597338485297,0.0
126602,26.042260530844704,0.0
126669,27.283537820212285,0.0
126736,24.424797690644485,0.0
126802,25.76341350205793,0.0
126869,27.49736315569061,0.0
126936,24.45604203273598,0.0
127002,26.99837725867246,0.0
127069,25.07855871695831,0.0
127136,23.61727836017593,0.0
127202,24.409090820652178,0.0
127269,22.648178230095365,0.0
127336,26.148972160331347,0.0
127402,25.854607295085007,0.0
127469,27.860412102425542,0.0
127536,26.532125137753436,0.0
127602,28.494194137968996,0.0
127669,27.972675408307165,0.0
127736,26.803355134145633,0.0
127802,28.785217955012065,0.0
127869,26.875289612146346,0.0
127936,29.206450014067876,0.0
128002,27.61927838420529,0.0
128069,28.280150642239768,0.0
128136,27.551122663950714,0.0
128202,28.825245379548804,0.0
128269,26.201360549737576,0.0
128336,28.48189116991399,0.0
128402,27.109631189952758,0.0
128469,27.323937598229687,0.0
