relative_time,PitchSensor,DecibelSource
0,,55.388651762728756
32,56.1962890625,48.41678503368887
99,56.1962890625,31.303337684950062
165,,27.90988475088816
232,0.0,28.228216453031045
299,0.0,23.72912002970107
366,0.0,21.172712956557646
432,0.0,32.97760511099134
499,,26.67452952889954
565,0.0,26.989700043360187
633,0.0,25.976951859255124
699,0.0,21.986570869544227
765,0.0,26.24282095835668
833,0.0,22.479732663618066
899,0.0,23.80211241711606
965,0.0,26.90196080028514
1032,0.0,22.380461031287954
1099,0.0,24.955443375464483
1165,0.0,24.74216264076255
1232,0.0,21.43014800254095
1299,0.0,20.492180226701816
1366,0.0,29.014583213961124
1432,0.0,47.10811004797183
1499,,47.852799950793504
1565,97.24888392857143,49.171272408421785
1632,97.24888392857143,35.78295305120826
1699,,48.74846958581094
1765,161.48454861111114,49.31712067056756
1832,165.01953125,46.298783025751774
1899,165.01953125,46.48867204881703
1966,172.42838541666669,46.40063836529813
2033,188.27256944444446,33.68286884902131
2099,,35.38196578349454
2165,73.73325892857143,33.63423932917176
2233,73.73325892857143,28.43855422623161
2300,0.0,26.646419755561258
2366,0.0,33.473300153169504
2433,,39.90649588318854
2500,271.58203125,45.40404562446059
2565,271.58203125,44.0114195519373
2632,271.328125,45.763643890897484
2699,160.9375,44.95877215295425
2765,,51.64037431574927
2832,,49.31106835190087
2899,255.7320601851852,53.551429790939615
2965,,47.56552435749973
3032,176.10026041666669,45.01470072100412
3099,133.26171875,35.46666025070184
3165,133.26171875,32.889196056617266
3232,,32.08978517276253
3299,0.0,56.733140261194876
3365,,40.13342904345347
3432,,34.605971888976015
3499,449.0625,33.845326154942484
3565,515.625,36.86099771995916
3632,,37.89369153591481
3699,419.53125,44.2380272480258
3765,419.53125,47.479397877985825
3832,,48.69131937915162
3899,189.296875,48.08690255922639
3965,178.671875,43.57477454138898
4032,178.671875,36.0530504614111
4099,,49.616393730410024
4165,165.17013888888889,45.92432149630162
4232,,47.82601603372868
4299,160.078125,37.17087724927019
4365,160.078125,48.37177937004182
4432,,38.13247300897605
4499,337.421875,41.54393537956997
4565,,34.15640979896154
4632,487.34375,31.4705767102836
4699,487.34375,31.303337684950062
4765,,47.56955436847618
4832,161.66015625,46.43373706673823
4899,,37.58381941774675
4966,,30.301947853567516
5032,68.94977678571428,48.38338967301344
5099,,35.990092398233436
5165,247.578125,30.39414119176137
5232,,50.23091885072658
5299,,46.276525601796365
5365,146.865234375,46.672567755966924
5432,142.87760416666669,50.48022067652059
5499,143.35286458333331,54.741069480169706
5565,143.35286458333331,45.221702677086235
5632,158.87626074735448,40.855403060369476
5699,161.875,39.48559662108962
5765,123.97135416666666,33.624824747511745
5832,,47.00625848604062
5899,,45.71044657029212
5965,132.1918402777778,44.81872410310664
6032,125.5859375,32.931414834509305
6099,0.0,39.875768947269876
6165,0.0,44.034980044519976
6232,,39.682026681428496
6299,132.890625,44.575337163265544
6365,,32.794387882870204
6432,299.6875,47.386775201989664
6499,299.6875,51.31445425207393
6565,149.96961805555554,50.18096892617858
6632,,38.95643504824079
6699,339.84375,32.704459080179625
6765,0.0,31.646502159342965
6832,0.0,30.788191830988488
6899,0.0,30.65206128054312
6965,0.0,28.37588438235511
7032,0.0,24.440447959180762
7099,0.0,25.932860670204573
7165,0.0,26.73020907128896
7232,0.0,42.75380467527434
7299,,49.67604131357432
7365,144.671600877193,53.59733060210941
7432,144.671600877193,39.021117234480045
7499,,51.83318254139927
7565,162.59852430555557,45.766868052009954
7632,180.5859375,45.11013902266246
7699,180.5859375,33.27563260187278
7765,178.828125,30.060379549973174
7832,0.0,30.54613054556888
7899,0.0,23.364597338485297
7965,0.0,24.440447959180762
8032,0.0,22.355284469075485
8099,0.0,22.69512944217916
8165,0.0,45.44997679700398
8232,,42.926547301979866
8299,,49.26126274727238
8365,175.78125,47.795604187895194
8432,177.725,46.2249378846946
8499,194.77864583333334,39.835360816029926
8566,,53.897896025061485
8632,,41.15011071300452
8699,374.0625,37.96157876906915
8765,,30.047511555910013
8832,0.0,28.034571156484137
8899,0.0,28.549130223078553
8966,0.0,24.487063199050798
9032,0.0,23.364597338485297
9099,0.0,26.127838567197355
9166,0.0,27.075701760979364
9232,0.0,19.912260756924947
9299,0.0,24.377505628203878
9366,0.0,23.54108439147401
9432,0.0,23.46352974450639
9499,,36.55042341331202
9566,,38.232133132826675
9632,472.35026041666663,31.728946977521765
9699,,37.26238046802638
9766,182.56602328431373,51.0639830241645
9832,182.56602328431373,37.73127924033335
9899,105.55989583333334,28.115750058705935
9968,0.0,33.81836799998344
10032,,35.700757053216044
10099,1731.875,34.94571984230199
10166,1731.875,35.80240508265376
10232,1747.65625,28.715729355458784
10299,0.0,25.490032620257878
10366,0.0,23.404441148401183
10433,0.0,50.88511723878406
10499,,51.231326643109014
10566,190.10416666666666,45.388752225255956
10633,,41.31650738089541
10699,129.81770833333331,51.85508157869591
10766,129.81770833333331,48.58158077121003
10832,,48.16725053327053
10899,159.3359375,45.56567821888585
10966,122.48958333333333,37.90988475088816
11032,,33.77124042346456
11099,,35.18513939877887
11166,210.06696428571428,43.801569515081596
11232,,43.32579835105698
11299,176.40587797619048,55.31116001824611
11366,176.40587797619048,50.94425705282661
11433,199.52306547619048,32.19584526214255
11499,,43.002475611940845
11566,140.1953125,44.83672863806311
11632,131.00260416666669,32.789821168654434
11699,131.00260416666669,30.59184617631371
11766,0.0,46.086329894900366
11832,,51.485193659179735
11899,136.25334821428572,49.3146295607471
11966,136.25334821428572,40.709977969934236
12033,159.73524305555557,29.703468762300936
12099,161.25,38.27369273053825
12166,141.23697916666669,42.32996110392154
12232,139.921875,44.89719481435786
12299,139.921875,34.82158695411276
12366,,43.53416091053356
12432,120.18945312499999,39.184497424011575
12500,115.01953125,37.23127158795692
12566,115.01953125,37.59969857554307
12633,69.56919642857143,31.54423973114647
12700,96.42708333333334,38.34802054048699
12766,,48.97445639238921
12833,337.5,46.52700709930752
12900,337.5,49.128435510932775
12966,,38.74133778827972
13034,70.3125,32.17483944213906
13099,,50.054164779982585
13166,,44.45868746564016
13232,121.35052083333333,38.34229902851678
13299,116.3066302910053,29.38519725176492
13366,77.54036458333333,29.258275746247424
13432,0.0,25.965970956264602
13499,0.0,41.89293755885692
13566,,50.954413543440616
13632,134.56852213541666,45.058957812197505
13699,141.50208333333336,31.65541076722373
13766,0.0,31.19915410257991
13832,0.0,49.67650921760303
13899,,44.79416937274596
13966,377.65625,38.696423446515944
14032,479.22916666666663,32.49198357391113
14099,0.0,30.17450729510536
14166,0.0,25.7978359661681
14232,0.0,28.518696007297663
14299,0.0,28.870543780509568
14366,0.0,26.866362692622936
14432,0.0,49.49355847308592
14499,,47.589648519104955
14566,256.77734375,36.971421262754596
14632,159.01678757440476,53.879359107631224
14699,159.01678757440476,50.26071351266661
14766,116.32533482142857,34.56821348021599
14832,157.34375,42.99616239998414
14899,,48.879771880562714
14967,130.05696614583331,36.10553705317094
15032,130.05696614583331,33.7383114507383
15099,130.625,46.428304001510625
15166,144.4140625,48.17578589890733
15232,143.076171875,36.642658001476754
15299,140.625,41.80613250611603
15366,140.625,52.01470866179096
15433,158.671875,44.533642138018365
15499,159.84375,36.614340503939204
15566,,51.53018690363986
15632,,49.61297670447732
15699,185.25390625,40.015606526425735
15766,197.10677083333334,30.073209529227448
15832,0.0,30.759117614827773
15899,0.0,29.00913067737669
15966,0.0,27.084209001347126
16032,0.0,22.278867046136735
16099,0.0,23.961993470957363
16166,0.0,23.76576957056512
16232,0.0,24.39332693830263
16299,0.0,25.55094448578319
16366,0.0,19.138138523837167
16432,0.0,23.560258571931225
16499,0.0,30.480531731156088
16566,0.0,53.078446171996106
16632,,43.06575128096449
16699,162.44466145833331,34.23573519732736
16766,0.0,23.07496037913213
16832,0.0,25.987905067631154
16899,0.0,26.73020907128896
16966,0.0,23.80211241711606
17032,,50.86516433233392
17099,147.1449652777778,46.15097451301758
17166,147.1449652777778,47.74297938499277
17233,130.68576388888889,50.75192812289081
17299,136.95963541666669,50.27985291980436
17366,159.55078125,53.56954674356494
17432,162.77083333333334,51.95808357986855
17499,162.77083333333334,47.044508143154204
17566,82.16517857142857,44.532418730194784
17633,,47.86403563431681
17699,126.18768601190477,50.82419116442672
17766,126.18768601190477,46.29317837053872
17832,135.90494791666669,37.65668554759014
17899,140.859375,53.669288723502994
17966,142.66276041666669,50.49187000527813
18032,129.13229166666667,48.5115435026535
18099,129.13229166666667,34.59392487759231
18166,126.3693576388889,32.97760511099134
18233,,29.590413923210935
18299,0.0,25.526682161121933
18366,0.0,24.517864355242903
18433,0.0,22.833012287035498
18499,0.0,23.242824552976927
18566,0.0,23.61727836017593
18633,0.0,19.54242509439325
18699,0.0,24.313637641589875
18766,0.0,24.771212547196626
18833,0.0,22.121876044039578
18899,0.0,24.232458739368077
18966,0.0,21.4921911265538
19033,0.0,23.384564936046047
19099,0.0,22.013971243204512
19166,0.0,20.606978403536118
19233,0.0,23.783979009481374
19299,0.0,29.375178920173468
19366,0.0,29.51823035315912
19433,0.0,22.648178230095365
19499,0.0,22.71841606536499
19566,0.0,33.95151591504543
19633,0.0,44.7017519665518
19699,,46.11670212526879
19766,199.5185546875,49.419683442829694
19833,202.84505208333331,39.465505105698554
19899,202.84505208333331,30.920184707527973
19968,0.0,40.4641711698399
20033,,48.138544212713526
20099,164.17323908730157,50.87444211966968
20166,156.18489583333331,48.98988310638381
20233,156.18489583333331,31.99480914862356
20299,102.8173828125,48.88044633815212
20366,146.04724702380952,50.90582505972368
20433,,47.986506454452694
20499,,36.92053365034081
20566,247.84877232142856,41.55457501451843
20633,309.921875,52.66499813103078
20700,158.26171875,49.58310590367688
20766,152.64508928571428,49.61254938713763
20833,152.64508928571428,42.80441778298417
20899,,47.242594808205496
20966,35.8740234375,46.79173423631723
21033,,35.647843845039866
21099,,34.20615770625765
21166,517.65625,50.928539294824084
21233,,45.928426831311
21299,134.43142361111111,47.651691643117815
21366,142.9155815972222,38.96746615607406
21433,142.9155815972222,47.817625530143324
21499,136.05631510416669,48.771754659945366
21566,128.8184043778802,34.89677291663698
21633,119.66145833333333,31.287222843384267
21700,126.826171875,49.070134335813265
21766,126.826171875,47.05735456788012
21833,123.21061197916669,39.431976300689264
21899,,28.998205024270966
21966,0.0,23.59835482339888
22033,0.0,26.17000341120899
22100,0.0,24.216039268698314
22166,0.0,20.934216851622352
22233,0.0,22.405492482826
22300,0.0,22.648178230095365
22366,0.0,28.779469516291883
22433,0.0,50.35137441712688
22500,,44.45962076324096
22566,124.66796875,28.60936620700094
22634,124.66796875,46.898946282395755
22700,,37.44527673472567
22766,1338.0989583333335,42.56621546069706
22834,,37.10286647702891
22901,136.8843005952381,47.1575271682286
22967,136.8843005952381,48.04868325972119
23033,128.0341796875,30.55378331375
23099,128.40950520833334,28.567288903828825
23166,73.89090401785714,37.30620797887283
23233,73.89090401785714,44.93848252712276
23299,,45.40329474790874
23366,127.23307291666667,41.657190298008324
23433,123.23784722222223,46.36999120023829
23499,124.86979166666667,47.79278950660679
23566,124.86979166666667,46.01788472418272
23633,127.86530671296298,38.78694100396109
23699,,30.881360887005513
23766,516.875,44.52966480187229
23833,531.1822916666667,37.301360039966774
23899,531.1822916666667,49.039306184516214
23966,,49.60889173021287
24033,136.93880208333334,51.96469117512322
24099,137.2127783764368,50.57540589120016
24166,137.2127783764368,46.87395174342322
24233,137.44270833333331,29.185545305502735
24299,,25.670263661590603
24366,0.0,21.958996524092335
24433,0.0,21.84691430817599
24499,0.0,21.702617153949575
24566,0.0,23.46352974450639
24633,0.0,18.920946026904804
24699,0.0,23.010299956639813
24766,0.0,44.51939869365103
24833,,45.68107812404416
24899,124.70703125,45.678259555106486
24967,128.87369791666666,49.583488327189826
25033,130.95052083333331,49.60851153719686
25099,130.95052083333331,45.714992021171795
25166,123.51953125,31.25806458139527
25233,,39.29725378378004
25299,375.71205357142856,22.30448921378274
25366,0.0,25.70542939881897
25433,0.0,27.993405494535818
25499,0.0,25.03790683057181
25566,0.0,24.16640507338281
25633,0.0,26.294095991027188
25699,0.0,29.99130541287371
25766,0.0,30.051805125037806
25833,0.0,25.365584425715298
25899,0.0,21.46128035678238
25966,,40.47703108134304
26033,,47.692739103161784
26099,126.86870659722221,44.15974411376566
26166,137.29817708333331,47.29326809646861
26233,195.1264880952381,43.9668743599247
26299,195.1264880952381,30.285712526925373
26366,149.248046875,25.987905067631154
26433,0.0,23.424226808222063
26500,0.0,25.185139398778876
26566,0.0,23.560258571931225
26633,0.0,16.020599913279625
26700,0.0,33.820170425748685
26766,,50.490396150824765
26833,124.69866071428572,39.38119269194311
26900,124.69866071428572,26.884198220027105
26966,123.046875,37.81252594248456
27033,,50.63258279950456
27099,144.701171875,49.83851718991471
27166,172.84505208333331,36.72097857935717
27233,172.84505208333331,44.23147531977244
27299,,50.8333417264038
27366,438.4375,48.33586923195063
27433,247.109375,37.172543127625495
27499,247.109375,50.158960042588284
27566,133.7890625,51.062589098674074
27633,,49.45148408846882
27699,334.84375,46.98787562338118
27766,180.546875,39.19862253555538
27833,180.546875,35.68553712049442
27900,,35.5303301620244
27966,181.484375,27.323937598229687
28033,0.0,28.715729355458784
28100,0.0,44.01865607199611
28166,,43.487136474677534
28233,123.515625,30.354297381845484
28300,,47.47869944948412
28366,371.640625,40.074917332953355
28433,371.640625,28.25426117767823
28500,,52.49873130250066
28566,122.62462797619048,51.5510212360773
28633,138.21800595238096,41.041455505540085
28700,161.708984375,38.95256753144895
28766,161.708984375,33.769417571467585
28833,172.44832356770831,50.7084287493333
28900,127.96597673160176,43.39371929317587
28966,121.064453125,31.319392952104245
29033,121.064453125,41.044188206475944
29100,78.72000558035715,52.42136262241644
29166,,51.67370510408741
29233,129.73813657407408,48.503705023716364
29300,67.203125,34.13299764081252
29366,67.203125,29.929950984313415
29433,0.0,42.6801602078192
29500,,50.28152208536352
29566,139.453125,52.4537692957835
29633,139.453125,50.67621283297375
29700,150.46424851190474,54.61348433647983
29766,147.31770833333331,52.55144610676031
29833,141.42578125,54.258748059344185
29900,148.1640625,46.76364335329397
29970,148.1640625,33.90405156480081
30033,144.94140625,52.96899821362188
30100,132.181640625,48.70415611171992
30166,134.6875,42.42342621024643
30233,,55.79294168207319
30300,,52.9654234212569
30366,160.3125,53.649166617751305
30433,164.89583333333334,43.01919388035856
30500,,40.776948658865855
30566,,42.19191440217979
30633,478.59375,37.28272597895017
30700,,31.458177144918274
30766,99.03645833333334,28.007170782823852
30833,0.0,26.665179805548807
30900,0.0,23.05351369446624
30967,0.0,21.903316981702915
31033,0.0,24.377505628203878
31100,0.0,23.010299956639813
31166,0.0,23.344537511509312
31233,0.0,23.117538610557542
31300,0.0,24.232458739368077
31366,0.0,17.853298350107668
31433,0.0,23.283796034387375
31500,0.0,24.927603890268376
31566,0.0,21.986570869544227
31633,0.0,23.856062735983123
31700,0.0,23.838153659804313
31767,0.0,24.36162647040756
31833,0.0,20.606978403536118
31900,0.0,22.833012287035498
31967,0.0,21.613680022349747
32033,0.0,19.444826721501688
32100,0.0,20.128372247051722
32167,0.0,22.69512944217916
32234,0.0,24.216039268698314
32300,0.0,23.673559210260187
32366,,40.35589817243458
32433,,37.95254182580883
32500,198.515625,48.943105231786774
32567,200.63616071428572,47.29739687152807
32634,205.890625,49.24212068619151
32700,205.890625,30.726174765452363
32767,,27.664128471123995
32834,0.0,26.39486489268586
32901,0.0,29.508514588885465
32966,0.0,32.21153321954705
33033,0.0,31.9089171692217
33100,,27.363965022766426
33166,0.0,30.115704435972784
33233,,35.44316141747427
33300,,50.91522754923001
33366,188.4755859375,34.42793225939769
33433,194.35546875,38.28144107303786
33500,,54.7196756920509
33566,319.765625,47.76185243725518
33633,319.765625,49.6987233401152
33700,,54.02197738600144
33766,157.5,48.362987916750285
33833,154.85677083333331,53.39179052269277
33900,154.85677083333331,45.82642793445322
33966,152.89713541666666,41.13609151073028
34033,,26.541765418779605
34100,147.9296875,52.69912031527951
34166,133.0635023974868,52.11061776651486
34233,133.0635023974868,40.62581984228163
34300,141.09157986111111,38.07061239917239
34366,137.84830729166669,50.5819059126674
34433,159.20572916666666,46.24106692101121
34500,159.921875,49.00361665798441
34566,159.921875,49.7102057932463
34633,,44.85352261241138
34700,130.05859375,49.066959058623574
34766,129.04296875,50.06983464263954
34833,129.04296875,36.08739919068788
34900,117.8955078125,46.506862725783236
34968,,50.47924848716686
35033,429.84375,44.56214155357989
35100,,41.53601474288411
35166,,47.54455366935646
35233,165.48177083333331,55.43321657672947
35300,,54.26706406046314
35366,582.265625,45.28042091655066
35433,582.265625,33.02114376956201
35500,,31.690863574870228
35566,0.0,29.84077033902831
35633,0.0,26.483600109809316
35700,0.0,23.926969532596658
35766,0.0,26.5991620006985
35833,0.0,25.301996982030822
35900,0.0,25.50228353055094
35967,0.0,25.71708831808688
36033,0.0,25.809249756756195
36100,0.0,25.68201724066995
36166,0.0,26.803355134145633
36233,0.0,22.355284469075485
36300,0.0,21.303337684950062
36367,0.0,49.684409180219184
36433,,51.86894208274143
36500,123.26778273809519,52.81794420714813
36566,123.07805895229471,49.37903871429591
36633,123.07805895229471,48.1947154709568
36700,122.12994068287033,47.23792140410366
36766,121.73819124423963,44.54722935672532
36833,121.298828125,46.18706887211025
36900,125.51822916666667,43.494329518167206
36966,125.51822916666667,34.01055725771844
37033,134.29036458333331,32.430380486862944
37100,132.96875,32.43534101832062
37167,,25.024271199844325
37233,153.75,38.02157753186962
37300,153.75,49.064266327194446
37367,,53.43625194624512
37433,223.427734375,53.1543291457427
37500,181.328125,43.705130895985924
37567,181.328125,53.6891880234938
37633,140.30598958333334,50.149865042417865
37700,126.79036458333333,54.411875077364414
37767,126.37369791666667,51.6967149565589
37833,125.06510416666666,33.27563260187278
37900,125.06510416666666,54.46712651201932
37967,,53.55054784236926
38033,497.1875,39.41561120236071
38100,,26.963563887333322
38167,0.0,27.109631189952758
38233,0.0,26.464037262230697
38300,0.0,22.405492482826
38367,,49.41063988219902
38433,209.87723214285714,31.832698436828046
38500,209.87723214285714,50.19527532556515
38567,,45.38862664673385
38633,376.0703125,27.62678563727436
38700,469.3359375,42.93318349461074
38767,,29.304395947667
38833,,50.86295749712313
38900,180.6640625,49.18119494373996
38967,187.880859375,50.3442389304861
39033,178.75,46.27171199882048
39100,178.75,45.844103854174804
39167,179.921875,43.68807354297299
39233,187.12890625,47.595998628415714
39300,174.1840277777778,47.56696950846382
39367,175.11067708333331,47.64063993693171
39433,175.11067708333331,46.98370264034941
39500,169.95591517857142,30.867156639448826
39567,171.11979166666669,43.40523430789915
39633,156.54668898809524,44.54189113874769
39700,156.54668898809524,33.1722734917642
39767,157.2578125,50.79412808026933
39833,133.50802951388889,50.623826518450194
39900,135.16493055555554,47.226997197435296
39968,136.95638020833331,32.87129620719111
40033,136.95638020833331,27.12649701627211
40100,0.0,23.636119798921445
40167,0.0,31.119342763326813
40233,,38.5430604180108
40300,,41.19288889124608
40367,409.921875,45.44328542897666
40434,,47.41451009054546
40500,222.40234375,46.38788667157399
40567,156.640625,43.91041019671128
40633,156.640625,42.6150077319828
40700,185.71809895833334,49.30780983208872
40767,178.46701150412088,40.99473456014168
40834,100.37723214285714,36.313422864839325
40900,,50.53040008642746
40967,,49.5304413501399
41033,167.63671875,41.054761211218214
41100,,43.36579798674038
41167,185.48828125,50.63933524163038
41233,185.48828125,35.67731962548069
41300,,34.14806279501013
41367,74.80189732142857,47.50392670425053
41433,,45.7265091525236
41500,575.9375,37.75464809345739
41567,575.9375,34.19129307741976
41633,,28.9707700320942
41700,0.0,27.715874808812554
41767,0.0,27.151673578484576
41834,0.0,29.395192526186186
41900,0.0,27.551122663950714
41967,0.0,22.068258760318496
42033,0.0,25.658478186735177
42100,,43.59987174441292
42167,,49.49385126904219
42233,147.32421875,45.28685357587024
42300,,50.99238526691069
42367,267.34375,48.66948617448582
42433,267.34375,49.815785240598245
42500,145.16927083333334,49.86301367056596
42567,140.03255208333334,45.65599916843713
42634,,40.795430074029056
42701,138.0078125,40.52578525044658
42767,138.0078125,45.42128005067315
42834,141.44205729166669,48.25458575036393
42901,139.8871527777778,47.68911761105446
42967,,41.53387979331808
43034,142.890625,35.64310909960603
43100,142.890625,46.68991270164384
43167,,31.4705767102836
43233,176.875,39.864134054654684
43300,175.13509114583334,47.5857885607499
43367,175.13509114583334,45.04226120599014
43433,172.03776041666666,39.231403560252005
43500,,40.76676845705642
43567,182.65625,35.80468783951002
43633,97.43359375,31.280760126687156
43700,97.43359375,45.33772058384719
43767,120.91471354166666,41.99672916720621
43833,,39.65060520611198
43900,189.375,27.466341989375785
43967,0.0,25.599066250361126
44033,0.0,25.45307116465824
44100,0.0,26.24282095835668
44167,0.0,22.85557309007774
44233,0.0,21.5836249209525
44300,0.0,22.4551266781415
44367,0.0,22.764618041732444
44433,0.0,28.142475957319203
44500,0.0,27.693773260761386
44567,0.0,25.514499979728754
44633,0.0,26.580113966571126
44700,0.0,23.404441148401183
44767,,46.75512552764644
44833,318.71614583333337,53.41802381378965
44900,318.71614583333337,51.10798390836454
44968,235.62276785714286,52.126296669746765
45034,178.65306712962962,48.82991025830858
45100,172.62276785714286,49.673841489125614
45167,,43.149200559924196
45233,,33.07282047033346
45300,536.953125,28.08885867359812
45367,0.0,26.483600109809316
45434,0.0,23.424226808222063
45500,0.0,23.80211241711606
45567,0.0,24.36162647040756
45633,0.0,23.364597338485297
45700,0.0,22.648178230095365
45767,0.0,25.010592622177516
45833,0.0,24.50249108319361
45900,0.0,22.7415784926368
45967,0.0,26.739419986340877
46033,0.0,25.809249756756195
46100,0.0,42.9016821987977
46167,,36.89486448364248
46233,336.71484375,51.651849516660064
46300,296.40625,51.753088245857846
46367,346.71875,48.69149548136842
46433,346.71875,46.594312681958655
46500,180.29296875,49.9311424825413
46567,192.09635416666669,44.892833226904855
46634,,36.43057683751453
46700,,49.23715371317453
46767,126.15711805555556,47.23890569666133
46834,120.60546875,36.69967369908504
46900,117.94270833333334,49.61829091708984
46967,125.0217013888889,49.62833219344753
47034,125.0217013888889,48.51704647452388
47100,141.47321428571428,44.80380678012469
47167,137.01171875,49.562837145928135
47234,128.58561197916666,48.44004724572229
47300,123.39592013888887,38.08885867359812
47367,123.39592013888887,41.28883702099773
47434,,36.24282095835668
47500,337.96875,30.051805125037806
47567,,40.82821260939329
47633,,42.97015993577781
47700,165.95811631944446,41.181985680450374
47767,109.5217013888889,29.804578922761
47834,0.0,33.46157302232008
47900,,48.52510490774041
47967,,48.80562085821845
48034,124.8046875,45.875089205947496
48100,144.6484375,40.48441803550404
48167,144.47265625,35.99227862773796
48234,0.0,26.702458530741243
48300,0.0,34.53624073591451
48367,,26.82145076373832
48434,0.0,19.344984512435676
48500,0.0,18.976270912904415
48567,0.0,21.64352855784437
48634,0.0,22.85557309007774
48700,0.0,19.242792860618817
48767,0.0,42.02161247019353
48834,,26.839471307515122
48900,,23.46352974450639
48967,0.0,39.312544064164136
49034,,24.578818967339924
49100,125.93098958333334,49.15958833930439
49167,125.93098958333334,47.967199986212705
49234,126.59919905462183,43.96844205284743
49300,132.33072916666669,50.921800713157836
49367,,48.44203714029045
49434,373.515625,44.837156409037995
49500,373.515625,51.51418885670427
49567,367.1875,51.469059664910056
49634,378.28125,53.226760976511905
49700,,49.65098173209519
49767,,49.29209391954934
49834,190.13541666666666,42.61048643344225
49900,189.76145833333334,34.09087369447835
49970,,29.434945159061026
50034,223.12109375,46.10894278373338
50100,223.12109375,50.69123963257296
50167,140.07725694444443,44.74900685585267
50234,,45.018257932723486
50300,130.1142578125,47.32176558277104
50367,130.1142578125,45.87318014514068
50434,128.109375,32.392994791268926
50500,125.47526041666666,33.13656346618031
50567,,49.0348610000759
50634,121.00173611111111,46.90816057980915
50700,121.00173611111111,41.31297796597622
50767,160.64453125,33.65862215402555
50834,,34.12124406173317
50900,178.70963541666669,47.20655356551724
50967,178.70963541666669,48.409462561315024
51034,185.57942708333331,44.16107712323562
51100,195.1484375,38.282731120520694
51167,102.279296875,31.122697684172707
51234,0.0,28.920946026904804
51301,0.0,27.93790384690819
51367,0.0,30.7040732174012
51434,0.0,29.85426474083002
51500,,37.515870050823104
51567,366.41276041666663,28.926510338773003
51634,366.41276041666663,26.483600109809316
51701,0.0,27.09269960975831
51767,0.0,26.11723308007342
51834,0.0,25.943925503754265
51901,0.0,50.8832749061525
51967,,41.07481318911243
52034,1710.9375,53.72048075978327
52101,,49.266150815009226
52167,170.94340277777778,45.71906722539221
52234,170.94340277777778,49.520704399009304
52301,168.68359375,46.452257115354165
52367,164.5672176932367,42.85152078525091
52434,163.93880208333334,25.58708570533166
52501,0.0,27.795964912578242
52567,0.0,31.54423973114647
52634,0.0,33.86677283960837
52701,,32.64817823009536
52767,55.77734375,32.469906992415495
52834,55.77734375,30.95169351431755
52901,0.0,27.481880270062003
52967,0.0,22.624510897304294
53035,0.0,25.71708831808688
53101,,41.783149348321594
53167,,37.43117625214742
53234,141.23697916666669,48.38729485933575
53301,141.60546875,48.10548375872624
53367,146.3671875,41.85003556491806
53434,146.3671875,31.261314072619847
53501,,46.016254795539446
53567,154.19270833333331,50.54536452654951
53635,148.42708333333334,51.81820729738924
53702,146.59512867647058,51.88605102128683
53767,146.59512867647058,43.950116995780945
53834,151.421875,34.596939764779705
53900,,49.97224695390646
53967,130.33333333333334,47.92958703916757
54034,130.33333333333334,31.322596895310447
54101,125.68033854166667,26.24282095835668
54167,0.0,20.89905111439398
54234,0.0,24.927603890268376
54300,0.0,29.339931638312425
54367,0.0,48.45042198562413
54434,,53.28624207490207
54500,497.734375,53.94250247565221
54567,,42.79940572839553
54634,,35.114822886260015
54700,204.6484375,35.585885831081995
54767,,54.913729012891935
54834,254.59263392857144,50.82404747249913
54900,152.4609375,33.96199347095737
54968,152.4609375,28.813846567705728
55034,0.0,28.182258936139554
55101,0.0,25.728716022004804
55167,0.0,26.61812685537261
55234,0.0,25.477747053878225
55301,0.0,24.313637641589875
55367,0.0,32.32742062720737
55434,,43.26581618446525
55500,121.03515625,40.6310808299862
55567,121.03515625,46.63191909160893
55634,120.6903935185185,47.2272439112739
55700,123.68861607142857,47.52662943120973
55767,140.4345703125,42.41994489156781
55834,128.828125,39.77449227382341
55900,128.828125,49.126948982857755
55967,129.75694444444446,48.822398480188234
56034,124.69835069444444,44.60431740513778
56101,124.08203125,42.17404974401542
56167,124.08203125,38.62906213562998
56234,117.97743055555556,37.83403281122563
56300,113.125,43.2672491280211
56367,116.68701171875,39.605659028181975
56434,112.890625,38.578750255235626
56500,112.890625,38.7989832433001
56567,58.19921875,43.97296776729685
56634,,43.30373183183088
56700,119.677734375,39.502187666418635
56767,119.677734375,35.470358997400105
56834,115.95052083333334,46.28123162712494
56901,130.0596590909091,45.23564389045695
56967,127.220703125,44.37623742997059
57034,131.11979166666666,46.50812449027452
57101,131.11979166666666,42.44722322769998
57167,131.69921875,42.47580506233837
57234,,38.977370253454275
57301,127.68880208333334,40.64345657162171
57367,127.68880208333334,47.573504710383546
57434,126.10677083333334,47.273053401544075
57501,124.37825520833334,45.10075611353949
57567,123.85989583333335,44.96749807394558
57634,123.58072916666667,41.72865529916986
57701,123.58072916666667,37.72688354682141
57767,119.8890625,46.272531712366664
57834,123.95833333333333,45.001266519695974
57901,127.23307291666666,44.988616889928835
57967,137.3828125,31.726029312098596
58034,137.3828125,31.31297796597623
58101,136.03515625,49.86359630636347
58167,149.1796875,49.694019326928725
58234,149.78515625,46.12105403964061
58301,149.78515625,43.98721036025533
58367,149.1753472222222,47.00625848604062
58434,156.85770089285714,43.473104960251916
58501,182.1875,45.269592553422456
58567,,33.95326393069351
58634,,33.400473176613936
58701,508.203125,30.549958615291416
58767,0.0,32.25050696138049
58834,0.0,26.11723308007342
58901,0.0,24.50249108319361
58967,0.0,26.9284691927723
59034,0.0,23.979400086720375
59101,0.0,21.46128035678238
59167,0.0,21.875207208364632
59234,0.0,23.69215857410143
59301,,42.39549720840473
59367,152.10611979166666,51.72179521249604
59434,164.54427083333334,49.30974487307849
59501,178.11197916666669,41.893218410204966
59567,178.11197916666669,26.58964842664435
59634,0.0,30.88844562727004
59701,0.0,24.871383754771866
59767,0.0,22.4551266781415
59834,0.0,19.344984512435676
59901,0.0,48.18212692973157
59970,,47.46813172325234
60034,135.18805803571428,46.443597987415885
60101,159.43359375,33.30210784571528
60167,159.43359375,27.015679850559273
60234,0.0,24.969296480732147
60301,,50.180010710738344
60367,148.14174107142856,52.08838919360312
60434,148.14174107142856,38.604577954234706
60501,147.83420138888889,39.322200138771194
60567,145.83984375,27.551122663950714
60634,0.0,25.69373909615046
60701,0.0,25.41579243946581
60767,0.0,26.11723308007342
60834,0.0,23.010299956639813
60901,0.0,21.64352855784437
60967,0.0,23.59835482339888
61034,0.0,24.16640507338281
61101,0.0,20.170333392987803
61167,0.0,36.26853414666726
61234,,45.93662587746408
61301,140.86588541666666,47.490402687034575
61367,140.86588541666666,37.01481635620927
61434,123.37053571428572,31.379867327235313
61501,,50.83187175972037
61567,126.16815476190476,46.49480897322015
61634,126.16815476190476,43.25577231940418
61701,129.96256510416666,29.395192526186186
61767,93.67047991071428,38.6993541064686
61834,127.421875,37.832602328729486
61901,130.51639660493828,45.917989457305396
61968,130.51639660493828,43.95431240246918
62034,,37.26890140741822
62101,40.773111979166664,30.3261876085072
62168,0.0,23.15970345456918
62234,0.0,23.80211241711606
62301,0.0,22.14843848047698
62368,0.0,25.211380837040362
62434,0.0,22.4551266781415
62501,0.0,22.55272505103306
62568,0.0,24.800069429571504
62634,0.0,23.654879848908998
62701,0.0,29.116901587538614
62768,0.0,29.143431571194405
62834,0.0,26.334684555795867
62901,0.0,21.84691430817599
62968,0.0,21.271047983648078
63034,0.0,34.17803722639881
63101,,45.2706249900894
63168,,46.063061095468576
63234,170.76822916666669,42.77150613963797
63301,157.96875,34.930395883176516
63368,,27.307822756663892
63434,0.0,25.010592622177516
63501,0.0,27.49736315569061
63568,0.0,26.053050461411097
63635,0.0,19.444826721501688
63701,0.0,26.17000341120899
63768,0.0,40.72948031792886
63835,,48.2665779187587
63902,130.22395833333334,49.983901303180474
63968,,54.16718706583577
64035,391.171875,43.79178565528129
64101,391.171875,47.62648559617997
64167,,48.889092592635315
64234,304.6875,44.97551599064566
64301,,49.33299964287337
64367,146.30859375,50.99887727411467
64434,146.30859375,51.52960674304249
64501,158.49609375,51.886444832025134
64567,,51.26803280387007
64634,83.84486607142857,48.70906973980723
64701,83.84486607142857,45.573387447859155
64767,,46.211451111960365
64834,127.72005208333333,36.088468223264115
64901,,32.003031829815846
64967,390.625,50.37119594341662
65034,390.625,48.41046465409303
65101,,45.82586020698348
65167,130.87630208333334,44.32712805125387
65234,133.828125,45.69958818096594
65301,133.828125,39.50121347511374
65368,134.0234375,32.02215775801132
65434,118.75,41.720188094245565
65501,131.65364583333331,47.774775717007344
65568,,45.93119851103941
65634,,43.386357524911936
65701,414.53125,42.94818809482686
65767,,38.28595456371702
65834,492.1875,30.64832219738574
65901,492.1875,47.29852957445686
65968,657.03125,50.173339006808504
66034,,48.64718685895433
66101,123.96440372183824,35.178554189300286
66168,124.11644345238095,30.253058652647702
66234,124.11644345238095,24.487063199050798
66301,0.0,20.606978403536118
66368,0.0,40.45049012988961
66434,,48.50731983032594
66501,127.78738839285714,49.594230219431054
66568,127.78738839285714,48.63096730159437
66634,137.03450520833334,51.39482375522177
66701,146.58203125,48.42709065948641
66768,150.26692708333331,49.418938806094665
66834,150.26692708333331,49.642926372093385
66901,154.27988027597402,47.71668306511945
66968,150.1171875,48.619404386716226
67034,135.1019965277778,49.944315414187855
67101,125.04667348710316,47.827233819060304
67168,125.04667348710316,41.36213065513025
67234,123.27256944444444,28.709888137605756
67301,0.0,24.548448600085102
67368,0.0,24.927603890268376
67434,0.0,26.560982020128318
67501,0.0,24.03120521175818
67568,0.0,19.637878273455552
67634,0.0,25.352941200427708
67701,,47.40875643559668
67768,,48.897329808758265
67834,127.62532552083333,45.6588322167194
67901,124.09505208333334,42.130659620657184
67968,121.12196180555556,39.73035440686933
68034,121.12196180555556,48.003664776479525
68101,123.96654647435898,45.701575076648254
68168,120.87642045454545,46.43867032580406
68234,,49.51313228716104
68301,154.609375,45.23642431721379
68368,154.609375,39.56264502698276
68434,147.40234375,50.50723807024164
68501,166.5625,46.329833909551816
68568,168.6328125,47.50508394851346
68634,161.39322916666669,47.371608250936816
68701,161.39322916666669,43.823953086704094
68768,146.80078125,37.43431365146684
68834,128.125,37.20985744153739
68901,166.583984375,51.80002511127236
68968,166.583984375,45.00538344560767
69034,175.81659226190473,47.380349611412846
69101,160.3125,43.7737911315744
69168,102.61328125,35.69958818096594
69234,136.09375,30.499928569201423
69301,136.09375,48.351576791926654
69368,137.79547991071428,47.17370886238462
69434,150.89518229166666,48.720513298597254
69501,158.400390625,51.07542349137782
69568,158.400390625,47.594487539581884
69634,151.08734809027777,39.02383684432471
69701,128.90625,43.3631961625354
69768,147.890625,36.44438589467838
69834,,36.31240780235509
69901,,44.59045516794607
69968,128.7890625,45.27990589196434
70034,132.29464285714286,36.09487689853285
70101,162.23958333333334,47.71587480881255
70168,,45.19657391441805
70234,,37.67971721381619
70301,405.91796875,37.914099156671604
70368,,26.24282095835668
70434,0.0,28.543060418010807
70501,0.0,25.171958979499745
70568,0.0,26.314437690131722
70634,0.0,30.047511555910013
70701,0.0,27.944880466591698
70768,0.0,29.70811610872518
70834,0.0,29.138138523837167
70901,0.0,28.42609239610562
70968,0.0,30.852905782300653
71034,0.0,31.277525158329734
71101,0.0,29.73127853599699
71168,,44.16274280991236
71234,142.03125,43.37039739920378
71301,130.09765625,40.82749476727281
71368,140.13671875,50.946388045158955
71434,140.13671875,51.762302110587555
71501,158.26171875,50.67996512623679
71568,159.53125,48.396916853023846
71634,,53.246815757750994
71701,153.22265625,51.036976991264744
71768,153.22265625,47.82837965811027
71834,,40.33101936663848
71901,77.84319196428572,44.68819774823071
71968,75.70870535714286,34.14639146737009
72035,75.70870535714286,47.17786964832727
72101,,36.633239336282124
72168,491.40625,44.92788317034429
72235,,49.26296133133338
72301,155.390625,43.62670929725667
72368,155.390625,49.27621831942329
72435,,46.292464531646985
72501,369.765625,44.58275156139176
72568,,37.26482696784829
72634,,32.63399331334002
72701,204.9609375,29.67547976218862
72768,0.0,28.228216453031045
72835,0.0,23.26335860928751
72901,0.0,25.899496013257078
72968,0.0,46.15960567133985
73035,,26.848453616444125
73101,0.0,21.072099696478684
73168,0.0,28.48189116991399
73235,0.0,26.074550232146688
73301,0.0,25.477747053878225
73368,0.0,37.832602328729486
73435,,30.390173219974116
73501,180.25390625,51.655885380067105
73568,180.25390625,42.96072566359835
73635,,29.74971994298069
73701,0.0,28.506462351830667
73768,0.0,24.955443375464483
73835,0.0,22.96665190261531
73902,0.0,24.082399653118497
73968,,21.73186268412274
74035,0.0,22.30448921378274
74102,0.0,31.1092624226642
74168,0.0,34.07900540142635
74236,,50.02312962405408
74301,144.2578125,44.154241120765356
74368,,31.832698436828046
74434,0.0,29.781805169374138
74501,0.0,27.551122663950714
74568,0.0,27.867514221455608
74634,0.0,24.84299839346786
74701,0.0,24.668676203541096
74768,0.0,23.838153659804313
74835,0.0,25.105450102066122
74901,0.0,19.138138523837167
74968,0.0,21.875207208364632
75035,0.0,24.756711883244297
75101,0.0,22.227164711475833
75168,0.0,32.97322714205303
75235,,36.10979379922997
75301,188.10546875,55.60720612545779
75368,188.10546875,38.51869600729766
75435,,52.67955099069952
75501,413.828125,38.29689640898971
75568,,52.93010998604047
75634,156.92771453373018,55.61005923821899
75701,156.92771453373018,53.536758509497034
75768,155.9130859375,35.75187844927661
75835,155.31994047619045,30.83860800866573
75901,0.0,25.943925503754265
75968,0.0,27.450747915820575
76035,0.0,28.48189116991399
76101,0.0,27.693773260761386
76168,0.0,24.983105537896005
76235,,48.879828089362604
76301,,48.18859052975628
76368,127.44140625,50.66605424126529
76435,127.11049107142857,50.230095161082666
76501,126.2578125,52.04296378961124
76568,126.2578125,44.597090454213244
76635,144.47265625,43.126638661506306
76701,144.27083333333331,51.729034477207506
76768,159.9296875,50.94282415869025
76835,158.35286458333334,40.90504941424043
76901,158.35286458333334,40.893751608161
76968,,36.008640363098394
77035,129.6484375,48.170825518536844
77101,,33.8721180031373
77168,125.86751302083334,47.167460199658
77235,125.86751302083334,45.454308294653515
77301,127.0796875,42.5478968739721
77368,132.890625,41.34718840500395
77435,,48.44706998985674
77501,,48.645466775078944
77568,187.67578125,43.778706127807425
77635,186.484375,34.881274962474585
77701,180.546875,34.00192488592576
77768,,33.81836799998344
77835,,26.9284691927723
77901,0.0,29.24795995797912
77968,,47.87389621352111
78035,408.59375,47.61311273841892
78101,408.59375,53.387751249335736
78168,300.13671875,51.2038964596844
78235,163.59375,42.67289089431131
78301,,55.53640336231354
78368,162.06473214285714,53.67570219499281
78435,162.06473214285714,42.743657064474256
78501,97.6640625,51.65733855933185
78568,,38.89973638403996
78635,1759.375,39.384696883676455
78701,1759.375,53.01043024303009
78768,,51.9017476342562
78835,152.22423735119045,49.18758794747554
78901,149.9471450617284,47.811232137229425
78968,,41.127055210308924
79035,,40.00173683058465
79101,397.578125,40.55340099544181
79168,269.53125,48.86981144532203
79235,,48.386035505448035
79301,137.29957054093566,51.72693399803438
79368,137.29957054093566,50.56901041719045
79435,113.02491009424604,38.98121575541108
79501,,34.6553155697355
79568,107.908203125,36.07562243183588
79635,107.908203125,53.920282934171794
79701,,49.77476672974879
79768,376.40625,47.645049056279404
79835,,36.69223873930805
79901,131.5625,49.368905706863984
79970,131.5625,50.71130543359216
80035,138.6484375,36.119356250401225
80101,,50.50774038824112
80168,348.7053571428571,41.25416197982755
80235,348.7053571428571,45.18553419399928
80301,,49.090904642704835
80368,138.09895833333334,51.70704587257286
80435,,43.768323492908074
80501,70.078125,46.976651626476745
80568,70.078125,40.6475739942968
80635,,39.614210940664485
80701,137.79947916666669,49.372570364055235
80768,128.33984375,38.282086144679454
80835,82.33072916666666,37.53429841575423
80901,82.33072916666666,48.379607114032844
80968,,51.00597973144037
81035,138.3671875,51.50716538180948
81101,159.296875,41.01437735138849
81168,159.296875,36.25518228971637
81235,160.703125,25.95496221825574
81301,0.0,46.767393224275935
81368,,47.990095323019595
81435,125.09765625,29.818186071706634
81502,125.09765625,26.857417386022636
81568,0.0,26.35483746814912
81635,,48.088184250921245
81701,2734.53125,46.27662796093748
81768,2734.53125,46.135987180065044
81835,,49.459065978370404
81901,307.421875,36.36186895198725
81968,161.484375,31.048284036536554
82035,0.0,26.127838567197355
82102,0.0,25.37819095073274
82168,0.0,25.105450102066122
82235,0.0,28.26722520168992
82302,0.0,27.61927838420529
82368,0.0,24.28134794028789
82435,0.0,28.14913181275074
82502,0.0,27.88168371141168
82568,0.0,24.313637641589875
82635,0.0,22.013971243204512
82702,0.0,26.434526764861875
82768,0.0,26.263403673750425
82835,0.0,20.128372247051722
82902,0.0,24.653828514484182
82968,0.0,24.265112613645755
83035,0.0,21.818435879447726
83102,0.0,24.329692908744057
83168,0.0,25.854607295085007
83235,0.0,25.2244423350632
83302,0.0,24.329692908744057
83369,0.0,28.048206787211623
83435,0.0,24.45604203273598
83502,0.0,47.263359233343
83568,,56.429707371177244
83635,,53.383907468029875
83702,137.6953125,52.8020947314075
83768,138.54166666666666,53.94966224998079
83835,,50.02386394100561
83903,,43.59987174441292
83968,153.359375,38.252313231999004
84036,166.25,49.20962915790825
84102,178.53298611111111,50.14491136782282
84169,170.19656808035717,48.188656435302384
84236,170.19656808035717,34.62847035831673
84302,152.34375,50.1815937354091
84368,122.23883928571428,55.859173446171084
84435,136.17721354166667,51.76496411530366
84502,136.17721354166667,47.85685668280902
84568,131.962890625,52.13785953938939
84635,129.60546875,47.43250992380585
84701,124.06901041666666,43.48032126182487
84768,,41.72544554372364
84835,,51.789769472931695
84901,125.65827546296298,52.46215359977286
84968,127.94401041666666,42.03440866830438
85035,127.94921875,36.84486292188734
85102,149.01692708333331,50.016515178285914
85168,149.01692708333331,52.66351663968074
85235,152.2699652777778,52.77515240687802
85302,154.85243055555554,51.947446095293365
85368,157.265625,41.89630657692155
85435,157.265625,40.600175425316
85502,,50.48535023129749
85568,146.07421875,52.54086227579251
85635,133.28938802083334,51.31894421137579
85702,137.33723958333331,35.219222448835005
85768,137.33723958333331,38.22560336942692
85835,,42.73093911672003
85902,525.390625,36.18048096712093
85968,0.0,27.450747915820575
86035,0.0,46.91965102767361
86102,,49.364835820926245
86168,278.90625,50.17600891840818
86235,158.4765625,43.745100600495505
86302,,32.52367514459899
86368,,27.47411807886423
86435,0.0,29.29929560084588
86502,0.0,29.513375187959177
86568,0.0,24.28134794028789
86635,0.0,25.276299008713387
86702,0.0,28.041394323353504
86768,0.0,26.020599913279625
86835,0.0,25.301996982030822
86902,0.0,29.73127853599699
86968,0.0,32.69512944217916
87035,,28.48189116991399
87102,0.0,27.18501688867274
87168,0.0,24.1161970596323
87235,0.0,27.41151598851785
87302,0.0,27.47411807886423
87368,0.0,23.384564936046047
87435,0.0,25.440680443502757
87502,0.0,26.67452952889954
87568,0.0,47.539658658651604
87635,,48.59384507901965
87702,164.15972222222223,45.51449997972875
87768,182.75390625,56.71940744281698
87835,,44.514794051248614
87902,,51.54868083694963
87968,157.15494791666669,48.94952635024377
88035,158.4375,37.44684063276886
88102,,52.50654165406894
88168,,33.736474722092176
88235,75.09486607142857,53.43014497150768
88302,,53.41907143773697
88368,129.69649621212122,53.099855473685444
88435,126.44375,47.34271636776663
88502,126.44375,29.02546779313991
88568,,24.014005407815443
88635,0.0,26.94605198933569
88702,0.0,24.313637641589875
88768,0.0,53.93889185549316
88835,,45.654227574316984
88902,127.82378472222223,56.89460702425378
88968,,58.706637018839714
89035,358.28125,47.07621266561133
89102,358.28125,55.09433725950732
89168,,59.53843740596228
89235,161.94733796296293,51.57066725338878
89302,159.609375,39.53131225183445
89368,95.87760416666666,35.964871337365445
89435,95.87760416666666,32.880255353883626
89502,,30.762762554042176
89568,0.0,42.403245550904344
89635,,58.92220975132552
89702,,51.12467587252944
89768,137.66276041666669,53.54048863694394
89835,137.87760416666669,55.00676859967299
89902,,55.55674733018603
89969,297.265625,44.48938087845421
90035,297.265625,34.70851324526117
90102,,31.245042248342823
90168,0.0,29.960736544852754
90235,,52.2953338394709
90302,,52.738481885705575
90368,132.41659989316238,49.47316064104626
90435,127.20703125,52.95292143016351
90502,126.79687500000001,54.853920325785595
90568,,52.77196495795956
90635,,46.67966330984331
90702,132.09798177083334,35.3198955141255
90768,,54.4343667051716
90835,127.3095703125,49.12264580225968
90902,125.71614583333333,48.84347815770889
90968,125.71614583333333,37.33919151012391
91035,120.6640625,37.414667617697546
91102,125.5810546875,52.383121211494085
91168,108.046875,35.770319856260315
91235,108.046875,55.38724504328037
91302,120.5625,52.57481778091321
91369,,48.24516328007209
91435,114.60574466765873,32.21153321954705
91502,122.02799479166667,52.14030108084064
91569,122.02799479166667,43.90864484372611
91635,,46.81883156660884
91702,104.8984375,40.55760464687735
91769,105.234375,35.3504081325116
91835,105.234375,30.799044676667204
91902,0.0,27.62678563727436
91969,0.0,26.424645202421214
92035,0.0,24.668676203541096
92102,0.0,21.105897102992486
92169,0.0,24.857214264815802
92235,0.0,33.502480183341625
92302,,52.67612841402987
92368,154.453125,36.47089428716555
92436,154.453125,57.61316540904054
92502,,43.40523430789915
92568,195.13671875,50.931133667588284
92635,199.21875,45.46592012319944
92702,,44.11063857460923
92769,,55.778914425687915
92835,370.234375,54.21472302537288
92902,,43.82485323486555
92969,179.70703125,35.00236474825639
93035,,32.7554168840131
93102,,31.264561134318043
93169,44.755859375,39.148718175400504
93235,,42.630202831040464
93302,149.921875,48.271753482986924
93368,149.921875,48.67208130143429
93435,147.8515625,41.46469133071869
93503,146.4453125,33.306166672944386
93569,145.9765625,26.61812685537261
93636,132.265625,41.865325645923974
93702,132.265625,44.090873694478354
93769,,51.451590993308834
93836,255.46875,49.325904402773226
93903,131.25144675925924,49.0175791936986
93969,131.25144675925924,42.95105072809808
94035,126.37369791666666,42.599759281579175
94102,124.98697916666666,50.49245165227105
94168,128.02401620370372,50.78286401979093
94235,139.52473958333331,51.85907454460664
94302,139.52473958333331,35.757649805367194
94368,,34.50249108319361
94435,540.46875,31.528995963937476
94502,489.53125,32.727695865517596
94569,489.53125,48.750960055605844
94635,,49.356684589162555
94702,134.63253348214286,45.01702691990101
94769,,39.47776708464738
94835,128.265625,50.00880724165377
94902,128.265625,50.425794498156506
94969,124.58984375,36.98535492562001
95035,,39.36714758211204
95102,120.57942708333334,47.39137040818866
95169,120.57942708333334,42.65431066826713
95235,112.52604166666666,32.44277120801843
95302,,34.1929472175346
95369,347.265625,45.61900037044633
95435,,44.486290364309184
95502,,41.066327889201155
95569,108.03363591269841,37.33197265106569
95635,105.91634114583334,30.216027160282422
95702,0.0,27.596678446896306
95769,0.0,25.327543789924974
95835,0.0,20.863598306747484
95902,0.0,22.068258760318496
95969,0.0,20.453229787866576
96035,0.0,20.128372247051722
96102,0.0,22.764618041732444
96169,,51.01977216519089
96235,119.00130208333333,54.69994227438089
96302,115.16276041666667,47.54715190145252
96369,111.8115234375,46.362069684340085
96435,111.8115234375,37.603470785299066
96502,109.21875,35.69724949226159
96569,,32.49442961442582
96635,0.0,27.958800173440753
96702,0.0,24.683473304121573
96769,0.0,23.180633349627616
96835,0.0,26.17000341120899
96902,0.0,26.848453616444125
96969,0.0,21.238516409670858
97035,0.0,23.72912002970107
97102,0.0,24.39332693830263
97169,0.0,19.138138523837167
97235,0.0,25.477747053878225
97302,0.0,24.638929889859075
97369,0.0,21.64352855784437
97435,0.0,25.84331224367531
97502,0.0,25.365584425715298
97569,0.0,19.73127853599699
97635,0.0,26.665179805548807
97702,0.0,23.654879848908998
97769,0.0,22.944662261615928
97835,0.0,27.693773260761386
97902,0.0,24.45604203273598
97969,0.0,27.33999286538387
98035,0.0,27.041505168397993
98102,0.0,21.13943352306837
98169,0.0,20.253058652647702
98235,0.0,53.21283520129974
98302,,49.94061869144836
98369,171.4765625,47.76882707285475
98435,140.3125,49.694671672617545
98502,,51.13033722676896
98569,,51.72661300201534
98635,166.92798755787035,51.523984332551166
98702,156.71875,46.34356336067435
98769,121.875,40.39176084376041
98835,121.875,33.78579576115775
98902,114.21875,46.52343055062715
98969,142.15494791666669,41.887035481184284
99035,142.91015625,33.86320573894046
99102,148.046875,47.134653415224065
99169,148.046875,52.96250438456664
99235,159.13467261904762,49.79275147591024
99302,162.63541666666666,44.56335661823608
99369,125.5078125,40.91807597001675
99435,,35.47897717563097
99502,,30.178677189635053
99569,509.375,31.489109931093566
99635,0.0,29.903388547876016
99702,0.0,26.9810054562339
99769,0.0,23.76576957056512
99835,0.0,27.299742856995554
99902,0.0,49.443345919707824
99971,,44.06523148943849
100035,313.4747023809524,43.62237360964099
100102,313.4747023809524,48.65246148741668
100169,173.28938802083331,48.56674524666778
100235,161.796875,48.28002157806885
100302,,40.89799173036164
100369,,32.54306332331286
100435,58.5619212962963,31.027766148834417
100502,0.0,28.506462351830667
100569,0.0,23.72912002970107
100635,0.0,23.384564936046047
100702,0.0,48.18575564472717
100769,,48.96162315887581
100835,135.44921875,51.973301889447015
100902,,56.317673398930324
100969,,46.111176343843844
101035,412.5,42.04879333760662
101102,,48.28640565490179
101169,304.375,50.5512593907255
101236,,46.89228920267321
101302,,48.62793054777707
101369,135.986328125,50.74183547514521
101435,148.0078125,50.39251476179356
101502,157.109375,52.81024271980093
101569,157.109375,50.14944545854617
101636,149.39453125,35.50961752298176
101702,,47.43517603908255
101769,123.125,46.54917388011878
101836,122.1875,31.132746924643506
101902,122.1875,25.774917998372256
101969,0.0,39.73589623427257
102036,,50.26394333438263
102102,147.12337239583334,51.29780092367955
102169,158.60069444444446,51.3762625149202
102236,158.60069444444446,44.426521983425225
102302,,41.336027705101614
102369,763.828125,46.11394011340291
102436,,40.77222510411053
102502,,35.98899887063883
102569,502.421875,31.414497734004673
102636,0.0,30.19116290447073
102702,0.0,25.99883072073688
102769,0.0,24.329692908744057
102836,0.0,28.29303772831025
102902,0.0,26.020599913279625
102969,0.0,22.764618041732444
103036,0.0,27.16003343634799
103103,0.0,26.13841821876069
103169,0.0,21.958996524092335
103236,0.0,52.64902785357776
103303,,48.52467794182316
103369,185.22135416666669,49.30898114410105
103436,185.22135416666669,46.49587961100438
103503,181.7578125,51.564340510715724
103569,,48.68497493889312
103637,133.25086805555554,50.371674377423005
103704,,38.25426117767823
103770,,40.44461360810665
103835,271.09375,47.71785844219836
103902,,46.038585839242366
103969,131.74479166666666,50.59953237072602
104035,131.74479166666666,49.76666297985018
104102,124.35286458333334,41.83895915385611
104169,121.33463541666666,38.06451323247262
104235,,36.701530451921805
104302,124.6484375,43.05028753746333
104369,124.6484375,46.528263025610045
104436,121.63194444444446,46.33124924110061
104502,122.63826884920637,47.424265985183496
104569,124.12434895833333,47.93140551707115
104636,124.12434895833333,37.87743771646467
104702,,25.352941200427708
104769,0.0,23.909351071033793
104836,0.0,23.74748346010104
104902,0.0,19.19078092376074
104969,0.0,45.45010061405061
105036,,43.21701969500737
105102,141.04166666666669,50.01984527619967
105169,130.9722222222222,47.74641032143307
105236,130.9722222222222,43.87496606935564
105302,117.5078125,41.84719815150271
105369,114.56380208333333,36.73389578188305
105436,113.49609375,39.32879457823799
105502,,33.16808752053022
105569,,25.61101383649056
105636,0.0,22.227164711475833
105702,0.0,23.838153659804313
105769,0.0,20.89905111439398
105836,0.0,21.105897102992486
105902,0.0,22.380461031287954
105969,0.0,25.670263661590603
106036,0.0,21.398790864012366
106102,0.0,35.01606922418829
106169,0.0,31.950689964685903
106236,,47.41954812751462
106302,116.59226190476191,44.085113145752246
106369,112.67447916666667,41.99124114623325
106436,112.46875,41.47212416970458
106502,112.46875,39.44778681123507
106569,111.923828125,31.078880251827986
106636,,31.601682929585124
106702,0.0,30.0774777800074
106769,0.0,47.03213972204323
106836,,37.52125307297898
106902,2662.03125,44.23278649642035
106969,,47.948434231874444
107036,111.73673115079366,44.06778551190974
107102,111.73673115079366,39.556877503135055
107169,106.23744419642856,35.59308010907012
107236,,27.867514221455608
107302,0.0,26.503075231319364
107369,0.0,25.854607295085007
107436,0.0,27.067177823367587
107502,0.0,27.17670503002262
107569,0.0,28.69818207979328
107636,0.0,28.312296938670634
107702,0.0,29.694159123539812
107769,0.0,30.916669575956846
107836,0.0,32.688119037397804
107902,0.0,27.427251313046984
107969,0.0,32.98197867109815
108036,0.0,24.74216264076255
108102,0.0,40.247729130796316
108169,,30.216027160282422
108236,123.73697916666666,40.65803712575022
108302,123.73697916666666,43.19085229338698
108369,108.59375,51.1038092944186
108436,113.37890625,48.92667715803331
108502,111.27473958333333,31.917303933628563
108569,105.083984375,44.48397103457768
108636,105.083984375,46.83506318508444
108702,120.95992476851853,43.541852986258604
108769,115.41796875,46.18079490359221
108836,113.73697916666669,45.33810175010569
108902,113.73697916666669,42.67594079761292
108969,116.54296875,45.5119373743579
109036,117.34817708333335,48.96636430529584
109102,115.87425595238096,52.51270678598963
109169,,34.15640979896154
109236,,40.159043778955535
109302,2715.0,50.55087685015685
109369,,49.16722338554009
109436,135.17578125,39.97954004069403
109502,135.17578125,41.55001836231253
109569,,52.50854079788213
109636,309.59114583333337,53.97409845939051
109702,,47.966714489126986
109769,125.27994791666666,33.042750504771284
109836,125.27994791666666,38.95809150169131
109902,,38.317418336456385
109969,124.560546875,40.20568434801363
110036,,47.45051357794347
110102,123.41145833333333,52.66377534919286
110169,123.41145833333333,49.21436749386211
110236,124.85107421875,32.97103650149256
110302,124.00390625,39.41710148941646
110369,,52.5006607892234
110436,,52.138470053445474
110502,122.79382905505955,39.15716337945994
110569,85.23111979166666,40.30518764843542
110636,,51.829165687859586
110702,126.60556891025641,50.71870965780633
110769,126.60556891025641,49.55836818071213
110836,130.11518429487177,41.33826214076394
110902,,39.840319802711804
110969,76.02566964285714,28.692317197309762
111036,76.02566964285714,48.21434915954218
111103,,41.55761012877924
111169,124.77213541666666,41.57728683711451
111236,,49.60028171055502
111302,147.74088541666666,50.685198060009114
111369,147.74088541666666,48.30139387425342
111436,155.6015625,52.10797237478125
111503,145.92317708333331,50.131870492316686
111569,106.78515625,37.013952690139206
111636,106.78515625,47.48637599231294
111703,76.89871651785714,50.56939136389599
111769,,47.29577821184253
111836,166.1733630952381,35.3832233323144
111903,0.0,27.944880466591698
111969,0.0,24.03120521175818
112036,0.0,25.514499979728754
112103,0.0,24.345689040341988
112169,0.0,27.558748556724915
112236,0.0,27.803173121401514
112303,0.0,24.668676203541096
112369,0.0,28.369567370595504
112436,0.0,29.030899869919438
112503,0.0,26.21176281775035
112569,0.0,26.25312450961674
112636,0.0,28.954225460394078
112703,0.0,25.490032620257878
112769,0.0,23.944516808262165
112836,0.0,27.109631189952758
112903,0.0,24.712917110589387
112969,0.0,23.283796034387375
113036,0.0,24.800069429571504
113103,0.0,23.05351369446624
113169,0.0,19.86771734266245
113237,0.0,23.710678622717364
113303,0.0,23.483048630481605
113369,0.0,24.14973347970818
113437,0.0,22.90034611362518
113504,0.0,25.888317255942074
113569,0.0,23.424226808222063
113636,0.0,22.52853030979893
113703,0.0,28.048206787211623
113769,0.0,24.014005407815443
113836,0.0,23.76576957056512
113902,0.0,29.4101424370557
113969,0.0,44.39316901016504
114036,,49.17216584004321
114102,,48.05181306499021
114169,141.49088541666666,45.58300477962864
114236,137.8125,46.28531968204065
114303,104.19921875,43.959027395598575
114369,,30.472748673841792
114436,,32.2219604630172
114503,0.0,29.28907690243953
114569,0.0,46.45353484233083
114636,,50.67268048696022
114703,,50.51110056021869
114769,135.98573521205358,51.90936487241461
114836,127.1240234375,48.22240019784276
114903,122.98270089285712,38.42858762445294
114969,120.2734375,29.703468762300936
115036,120.2734375,27.234556720351858
115103,0.0,29.781805169374138
115169,0.0,27.965743332104296
115236,0.0,24.913616938342727
115303,0.0,25.490032620257878
115369,0.0,36.43353961976863
115436,,51.15677065115837
115503,147.73003472222223,56.26294163376711
115569,,42.09488205413828
115636,,48.691906358773394
115703,2005.46875,36.843964784190206
115769,,52.10117782830792
115836,142.39620535714283,51.91962141435578
115903,142.39620535714283,51.607235704614745
115969,,54.76344621245978
116036,123.81526156135531,55.64313278617802
116103,129.40141369047618,46.72901021618144
116169,128.6953125,42.468923201535986
116236,128.6953125,28.260748027008265
116303,104.94401041666666,39.66704776657875
116369,132.1875,52.12107665547659
116436,128.548828125,48.94758994371892
116503,128.548828125,50.26463804536298
116569,130.24739583333334,52.38236849561112
116636,128.49717881944443,49.720778102450325
116703,,33.6078268987328
116769,77.73809523809524,37.81324455666988
116836,77.73809523809524,46.43195972076743
116903,,50.5163480398712
116969,164.87955729166669,37.52048447819438
117036,160.78125,49.11743377855932
117103,,36.97054892272575
117169,,28.305886686851444
117236,41.986297123015866,51.83614294802623
117303,,49.28897459393603
117369,131.62109375,35.40329474790874
117436,131.62109375,46.83839218095496
117503,,44.26429925193928
117569,123.84033203125,44.75700237151028
117636,125.4296875,29.818186071706634
117703,0.0,35.16667559099043
117769,0.0,47.35383295619002
117836,,45.13683617031995
117903,123.2421875,48.08190709878491
117969,,50.1248289829534
118036,,52.10393437858709
118103,159.86653645833331,51.127524221683196
118169,,51.24305290664977
118236,144.95442708333331,49.65671971220107
118303,160.234375,39.139197649514664
118369,160.234375,52.38036061521796
118436,,46.48730710936328
118503,425.546875,33.63611979892144
118569,414.53125,27.944880466591698
118636,0.0,33.02547372487486
118703,0.0,30.102999566398122
118769,0.0,29.781805169374138
118836,0.0,25.37819095073274
118903,0.0,25.987905067631154
118969,0.0,27.90988475088816
119036,0.0,24.727564493172125
119103,0.0,29.10090545594068
119169,,40.786380383696724
119236,532.6510416666666,40.23951707423387
119303,532.6510416666666,49.03990214378648
119369,392.24609375,48.87409104121123
119436,,40.51306910817974
119503,231.57552083333331,43.07389055653304
119569,231.57552083333331,39.99826247454413
119636,,48.046300374254464
119703,110.57054924242424,46.69605074622326
119769,81.47395833333334,49.49043408733929
119836,,51.22271595500042
119903,,48.49910558301496
119970,496.796875,32.51151343175354
120036,,30.519239160461066
120103,0.0,28.976270912904415
120169,0.0,23.72912002970107
120236,0.0,22.833012287035498
120303,0.0,21.986570869544227
120369,0.0,25.7978359661681
120436,0.0,26.148972160331347
120503,0.0,47.27061153281322
120569,,46.18173657686871
120636,139.84375,54.56211117260746
120703,163.6059027777778,53.63002411990684
120770,163.6059027777778,53.349400494542046
120836,155.68359375,55.412309199289176
120903,146.39431423611111,53.56964219772678
120970,141.54687500000003,47.263685439436145
121036,142.02734375,35.535189401489696
121103,142.02734375,32.814878879400815
121170,0.0,26.344772701607315
121236,0.0,24.313637641589875
121303,,46.010926094938974
121370,118.92708333333333,45.855960729309544
121436,118.92708333333333,48.277181195482946
121503,123.0859375,48.00166990201363
121569,133.88671875,47.80374926160122
121636,140.078125,49.67688350453312
121703,140.078125,54.11904092550043
121770,154.0234375,54.119108213380464
121836,159.26199776785714,42.08575708947575
121903,160.078125,47.61514385682483
121970,155.44417735042737,51.34199427571289
122036,155.44417735042737,52.175444780136715
122103,151.26953125,50.457648735041126
122170,,33.92169149489736
122236,148.59375,48.13460890540445
122303,148.59375,51.374427338548486
122370,145.87673611111111,37.91199246498876
122436,,33.60214613295352
122503,146.875,29.232440186302764
122570,0.0,29.014583213961124
122636,0.0,26.522463410033232
122703,0.0,26.67452952889954
122770,0.0,48.65506680437694
122837,,38.58176137982345
122903,72.16471354166666,38.66523625532844
122970,72.16471354166666,41.01334573220179
123037,,50.74750633465428
123103,116.01469494047619,51.363019211221825
123170,123.5649181547619,31.690863574870228
123237,123.5649181547619,43.81926930637227
123305,,48.78567750157818
123370,188.734375,47.1652084783545
123436,220.625,43.30636951476591
123503,241.484375,32.46498580795801
123570,241.484375,28.57935264719429
123636,0.0,25.526682161121933
123703,0.0,28.363241157067517
123770,0.0,25.74031267727719
123836,0.0,24.99687082618404
123903,0.0,26.794278966121187
123970,0.0,28.208579894397
124036,0.0,28.432327780980096
124103,0.0,28.457180179666587
124170,0.0,28.208579894397
124236,0.0,25.7978359661681
124303,0.0,24.329692908744057
124370,,49.28503388283109
124436,,41.125379756093075
124503,153.30946180555554,46.70691055042279
124570,166.23177083333334,46.67480970984987
124636,,40.01344230411601
124703,328.1875,33.58886204405869
124770,328.1875,26.857417386022636
124836,0.0,30.802656273398448
124903,0.0,37.657430414210445
124970,,39.68342830958945
125036,35.537109375,37.45855195173729
125103,35.537109375,28.055008581584
125170,0.0,37.14581208839532
125236,,51.80501489285262
125303,169.87141927083331,51.57728683711451
125370,169.87141927083331,48.69284536118385
125436,166.54459635416666,51.241519513403944
125503,152.65329569327733,52.26432340889765
125570,154.765625,53.468065947614754
125636,154.765625,53.5791579857913
125703,168.29361279121864,53.26192438127772
125770,,50.28676966946282
125836,410.78125,37.16587577675692
125903,,32.83527364861693
125970,,54.48127905941904
126036,157.71805245535714,55.070350622247865
126103,159.19731635551952,49.71015936673466
126170,159.82840401785714,36.27673031766616
126236,,52.29487300339056
126303,,47.69052222158073
126370,268.203125,37.06973676176178
126436,,53.22634777788555
126503,394.0625,37.03978825008386
126570,394.0625,43.511776536842845
126636,,59.115948802734735
126703,157.70865885416666,57.47930476067498
126770,170.50416666666666,42.88383384399775
126836,180.04557291666669,31.97004728023046
126903,180.04557291666669,34.21768401206924
126970,179.21875,54.59318591092103
127036,,39.213742954184745
127103,97.216796875,31.445742076096167
127170,,45.744595603602264
127236,,52.952371307315346
127303,128.61607142857144,49.14126220196966
127370,124.61588541666667,48.47535643830479
127436,124.62239583333334,39.77677887673994
127503,124.62239583333334,48.39302031312193
127570,127.54231770833334,51.21438369182038
127636,132.0421875,51.49092810080299
127703,136.24570741758242,52.3824437730704
127770,,38.38974954955468
127836,,33.308194664958364
127903,411.5625,29.561684304753634
127970,0.0,26.522463410033232
128036,0.0,28.943160626844385
128103,0.0,24.440447959180762
128170,0.0,25.514499979728754
128236,0.0,30.24074987307426
128303,0.0,25.575072019056577
128370,0.0,27.596678446896306
128436,0.0,28.055008581584
128503,0.0,26.893088591236204
128570,0.0,39.22932956555212
128636,,52.661799358665874
128703,,50.83355680175227
128770,140.1519097222222,51.21467920283696
128836,134.30338541666666,47.175290430661114
128903,130.078125,38.08075868091307
128970,133.203125,39.76074731619874
129036,133.203125,52.0468148799639
129103,133.564453125,54.12850145624035
129170,130.04557291666666,31.5836249209525
129236,73.20033482142857,31.775364999298624
129303,73.20033482142857,38.18951311640173
129370,,54.41905556485263
129436,127.8505859375,53.97420281612911
129503,146.46484375,55.58931659008807
129570,156.02430555555554,52.401272285476296
129636,156.02430555555554,53.43418441639639
129703,,46.34749248807666
129770,280.6640625,38.103669536816255
129836,278.33984375,36.15002614524588
129903,,52.79244761604363
129970,,52.16150061468886
130036,127.63671875,32.63872676865223
130103,,36.535019469629326
130170,534.0625,26.90196080028514
130236,534.0625,34.55758203104137
130303,,50.8088251532795
130370,125.8984375,44.46739045333934
130437,97.96064814814814,54.93346500366719
130503,113.49565972222223,53.68171553710255
130570,113.49565972222223,46.920357140156916
130636,109.95591517857142,31.476763242410986
130703,110.76326884920634,38.06858029518818
130770,93.7797619047619,28.704039052790268
130836,0.0,26.30427875025024
130903,0.0,29.4101424370557
130970,0.0,27.752462597402364
131037,0.0,46.41136856018871
131103,,28.08210972924222
131170,,26.570558528571038
131237,0.0,33.014640731433
131304,,44.905904870288325
131370,130.15625,41.8369680863468
131437,,55.26562829799799
131503,,50.45135135149688
131570,83.41238839285714,49.80221600882875
131637,,44.27843005705534
131703,48.43861607142857,41.497731775596655
131770,48.43861607142857,40.70960915800934
131837,,48.902756707164876
131903,318.671875,47.81094457259969
131970,305.625,39.312544064164136
132037,,33.63987829748491
132103,,30.453229787866576
132170,0.0,28.84795363948981
132237,0.0,29.62369335670021
132303,0.0,28.162412999917834
132370,0.0,25.158738437116792
132437,0.0,26.13841821876069
132503,0.0,26.063813651106052
132570,0.0,28.305886686851444
132637,,52.28092239156982
132703,,52.30078335665561
132770,203.828125,35.46542663478131
132837,,40.10850957373923
132903,306.015625,49.52782759670099
132970,306.015625,34.580331924965066
133037,312.8125,30.261245167454504
133103,,27.48962861256161
133170,0.0,24.969296480732147
133237,0.0,24.727564493172125
133303,0.0,30.236639181977935
133370,0.0,24.871383754771866
133437,0.0,23.673559210260187
133504,0.0,29.60470777534299
133570,,47.910376642346826
133637,,41.63131546034948
133703,253.90625,33.356584522893016
133770,136.5625,51.455568732272845
133837,136.49739583333334,49.926948724798386
133903,136.49739583333334,46.56347394448541
133970,,38.265283063406514
134037,112.724609375,29.863237770507652
134103,0.0,27.693773260761386
134170,0.0,24.265112613645755
134237,0.0,25.728716022004804
134303,0.0,26.148972160331347
134370,0.0,22.355284469075485
134437,0.0,27.015679850559273
134503,0.0,24.800069429571504
134570,0.0,24.653828514484182
134637,0.0,36.04334073102911
134703,,28.597385661971472
134770,0.0,29.1539983521227
134837,0.0,26.042260530844704
134903,0.0,23.909351071033793
134970,0.0,42.870175013221015
135037,,53.72031480604398
135103,,50.88879956108052
135170,199.21875,38.00648355363988
135237,157.38671875,52.96735373597479
135303,158.984375,48.72581614691007
135370,137.74088541666669,50.58285539361334
135437,137.74088541666669,50.186214532054116
135503,,43.52626236830804
135570,175.0,37.68268016451548
135637,,54.11703863405971
135703,438.046875,54.30487858512411
135770,438.046875,50.58289336853383
135837,,39.11956189072687
135903,343.984375,46.416525510250935
135970,,49.32585368076885
136037,,47.617625045556544
136103,1357.2786458333335,49.81728025361616
136170,,42.079842467661564
136237,126.11979166666667,37.31669331828636
136303,146.98828125,54.60703944848205
136370,146.98828125,53.0616544563177
136437,173.58072916666666,49.974213362690406
136503,186.77095734126985,47.88260313008655
136570,170.779296875,49.86431328928953
136637,170.779296875,48.92484179364687
136703,177.07291666666666,46.22390192628622
136770,192.05078125,38.432950827365076
136837,145.30381944444446,53.60045940890042
136903,,50.79224673324488
136970,,42.84994386722994
137037,426.875,29.907826918031375
137103,0.0,29.169800473203825
137170,0.0,30.629578340845104
137237,0.0,32.46498580795801
137303,0.0,28.62727528317975
137370,0.0,24.409090820652178
137437,0.0,29.148718175400504
137503,0.0,30.289777052087782
137570,0.0,53.50015298234692
137637,,47.20266829679724
137703,178.359375,31.77824971864682
137770,,32.079035303860515
137837,0.0,30.330214446829107
137903,0.0,30.149403497929367
137970,0.0,24.871383754771866
138037,0.0,33.90581878550435
138103,,52.81487887940081
138170,,53.09289410655256
138237,490.390625,45.8732924660681
138303,388.046875,46.77980868888067
138370,,39.21738483684599
138437,143.26171875,51.324774227350204
138503,143.26171875,54.53772276889458
138570,162.34375,48.237871214618636
138637,,52.42103932103052
138703,178.515625,50.55420382501968
138770,178.515625,51.00604863043565
138837,175.41666666666669,51.13241232432599
138903,169.16015625,43.3685982091681
138970,174.453125,48.455445133344206
139037,138.4375,41.660747173570805
139103,138.4375,36.20344299754493
139170,118.33984375,52.426979249975254
139237,142.1484375,52.77574836071538
139303,157.6519097222222,45.529965499794955
139370,157.6519097222222,36.79427896612119
139437,,52.78042147030922
139503,125.97265625,54.606603434752536
139570,140.79241071428572,48.915430326622236
139637,155.27018229166666,36.028193424327
139703,155.27018229166666,46.4371909363954
139770,144.609375,28.954225460394078
139837,138.125,28.29946695941636
139903,,52.812243238806545
139971,570.859375,52.66311678557362
140037,570.859375,43.37918272572673
140103,,31.613680022349747
140170,61.14583333333333,52.76498568287539
140237,,51.43576832158996
140303,,43.96861620602315
140370,142.1440972222222,51.02275876483398
140437,172.158203125,52.38078736748153
140503,183.83569834183672,47.719474066452165
140570,,46.968192729041434
140637,,42.46916917014926
140703,391.71875,34.681995860726126
140770,,32.19060332448861
140837,0.0,28.73320601815399
140904,0.0,26.03144372620182
140970,0.0,27.067177823367587
141037,0.0,26.62757831681574
141104,,32.501759480839254
141170,135.77083333333331,44.7243463049411
141237,135.77083333333331,51.20853500528125
141304,128.76302083333334,52.91828213550022
141370,,42.641564367458855
141437,184.140625,48.4767135121887
141504,184.140625,49.210462646582926
141570,220.33203125,47.38161961758311
141637,240.3125,46.34215203716743
141704,249.453125,32.273724422896365
141770,0.0,30.681858617461618
141837,0.0,26.963563887333322
141904,0.0,24.548448600085102
141971,0.0,27.084209001347126
142037,0.0,26.884198220027105
142104,0.0,22.174839442139064
142170,0.0,48.772273251482076
142237,,56.8419253219958
142304,298.6796875,57.764709032969755
142371,170.5171130952381,53.86176022917574
142437,170.5171130952381,46.37709823009697
142504,,52.47762201944017
142570,141.36067708333331,52.563328184256726
142637,144.5703125,46.86037137455341
142704,144.453125,39.287542021766534
142770,144.453125,50.010757169767274
142837,,55.851707270375556
142904,200.56222098214286,52.27138251208445
142970,151.41895461309522,50.98169376471512
143037,151.41895461309522,51.01454926409783
143104,148.671875,47.27907081406697
143170,148.54352678571428,31.020905255118368
143237,146.81640625,54.03026099068281
143304,135.57167658730157,52.22830880969728
143370,135.57167658730157,51.67113434378349
143437,136.34151785714286,51.75265314644166
143504,148.765625,49.24563552490818
143570,158.515625,34.36162647040756
143638,158.515625,31.19585774961784
143704,158.8671875,27.226339225338123
143771,0.0,32.45759355967277
143837,,48.92550928862525
143904,136.73177083333331,42.510295385239026
143970,136.73177083333331,50.922432899538336
144037,142.81773933531747,51.41089018081178
144104,158.1486607142857,52.45608892862304
144170,154.453125,45.524370174640644
144237,107.95833333333334,42.48733229804805
144304,107.95833333333334,54.82902154674314
144370,152.5859375,38.521749044203034
144437,85.9375,55.12689731497437
144504,,40.61716293159897
144570,,29.375178920173468
144637,72.55133928571428,49.59504075053144
144704,,49.3986854445951
144770,427.734375,38.03593664771344
144837,,44.99851973267187
144904,,36.5263306808311
144974,130.859375,37.74297938499277
145037,130.78125,26.483600109809316
145104,127.31966145833333,52.894038697732
145170,127.31966145833333,52.629823600790566
145237,152.36511479591837,50.036586768434866
145304,124.12388392857143,49.225178602446114
145370,176.37276785714286,40.55148889889394
145437,,31.03803720955957
145504,,32.06825876031849
145570,0.0,30.24895960107485
145637,0.0,30.74450718954591
145704,0.0,27.09269960975831
145770,0.0,28.836614351536177
145837,0.0,29.813655090785446
145904,0.0,39.42355349707677
145970,,36.93023067923694
146037,163.10546875,38.435442119456354
146104,163.10546875,26.522463410033232
146170,0.0,48.67001712207801
146237,,37.59214431234244
146304,166.86197916666669,55.77991295816267
146370,166.86197916666669,51.922105050598915
146437,155.29296875,51.768260424372
146504,146.63020833333331,46.323155412509905
146570,138.4765625,50.78848159245237
146637,143.9892578125,55.05303311487534
146704,143.9892578125,52.31795698560818
146770,,46.92961424024017
146837,127.734375,31.455071714096626
146904,,33.37059726320525
146970,535.859375,31.56851901070011
147037,535.859375,33.37259539750276
147104,,36.734816970733476
147170,142.8125,29.400181550076635
147237,,54.497267168567035
147304,,46.00896696988087
147370,159.609375,41.397531856953535
147437,,49.826329943948494
147504,144.66796875,50.83083172668622
147570,131.953125,48.531930659832845
147637,131.953125,52.49107818963792
147704,131.9291087962963,52.778452046958144
147770,,52.82896150722425
147837,187.01822916666669,52.01784811708634
147904,187.01822916666669,54.56965431612897
147970,201.46484375,55.71704174470236
148037,160.0390625,52.55163917908865
148104,129.9956597222222,41.212971528249454
148170,140.54036458333331,33.94101302040045
148237,140.54036458333331,30.549958615291416
148304,0.0,28.686444383948256
148370,0.0,26.30427875025024
148437,0.0,26.919651027673606
148504,,51.33050052044805
148570,,52.898385778213274
148637,201.46809895833331,46.051541483968904
148704,161.71875,34.21603926869831
148770,179.53125,42.97103650149257
148837,179.53125,56.18008328167693
148904,188.12825520833331,48.44408826457672
148970,199.80794270833331,38.294967497201824
149037,,50.08612944941192
149104,156.953125,34.02605241919915
149170,156.953125,32.15637563435062
149237,,48.44837385120825
149304,270.64918154761904,49.883136494546534
149370,155.81163194444443,54.33430583849899
149437,155.81163194444443,47.40117836321156
149504,187.00520833333331,39.30286647245519
149570,106.86383928571428,31.64352855784437
149637,76.33668154761904,45.92298920245912
149704,,34.015728456764464
149770,,37.358383343170736
149837,120.99702380952381,53.62576712460539
149904,156.55750868055557,52.265354650437395
149973,171.70572916666666,48.78142483928328
150037,171.70572916666666,52.27349286160841
150104,168.89322916666669,46.82090899046872
150170,178.56770833333331,48.878197738734045
150237,134.853515625,47.01438454464351
150304,128.0859375,34.073909044707314
150370,128.0859375,35.92731766393962
150437,,53.77701381258837
150504,140.9552951388889,52.93389075702074
150571,147.84179687499997,36.18048096712093
150637,142.109375,32.390490931401914
150704,142.109375,51.1656125738153
150771,152.34375,51.5376000262916
150837,151.75925925925927,47.27435517035999
150904,,54.29283828934125
150970,,53.034746943259954
151037,160.7734375,40.27960859785448
151104,136.09375,41.733028418881865
151171,129.41731770833334,53.29334815630595
151237,128.06484375,51.224256000561084
151304,128.06484375,37.36077637003946
151371,,33.0941722577814
151437,123.251953125,53.63269673616519
151504,122.40234375,47.16487479070017
151571,122.40234375,47.87417964005772
151637,127.08984375,33.98113691730502
151704,,26.866362692622936
151771,0.0,30.265332645232967
151837,0.0,28.597385661971472
151904,0.0,29.074113607745858
151971,0.0,26.972293427597176
152037,0.0,35.90953235187986
152104,,43.53262085916316
152171,158.75,40.30073230712518
152237,158.75,36.38788667157398
152304,,24.06540180433955
152371,0.0,29.907826918031375
152437,,37.54348335711019
152504,,36.97229342759718
152571,422.421875,35.918434112247844
152638,433.59375,38.17234730425498
152704,,48.248284706765425
152771,163.59375,45.424021258224165
152837,163.59375,39.77311973396926
152904,158.828125,27.209857441537388
152971,0.0,25.301996982030822
153037,0.0,25.263392773898442
153104,0.0,25.888317255942074
153171,0.0,48.374179694493115
153238,,42.762319579218335
153304,188.515625,50.92401296299726
153371,189.01041666666666,48.46621599361651
153437,189.01041666666666,43.499376971477524
153504,184.44661458333331,39.189734304929544
153571,187.421875,43.9473178046953
153638,188.28125,33.59645792674543
153704,188.28125,49.742030175291426
153771,167.283203125,54.01048826678413
153837,164.90478515625,42.90880105267162
153904,163.80533854166669,35.24525936626376
153971,,31.14944415712585
154037,,30.64832219738574
154104,0.0,31.894903136993676
154171,,30.59184617631371
154238,0.0,29.34498451243568
154304,0.0,26.580113966571126
154371,0.0,46.80833895327369
154437,,56.15165931652497
154504,162.09201388888889,52.22209064526325
154571,161.04817708333334,54.124202242135134
154637,161.04817708333334,40.052234248581364
154704,158.125,41.899672983512716
154771,,53.13658455862458
154837,147.890625,42.48292122630316
154904,147.890625,46.9079835660196
154972,161.09933035714286,53.49730046058661
155037,,52.2351670768558
155104,146.12019469246033,49.92235301556633
155171,,41.87266838179294
155237,,39.49682690795204
155304,160.96028645833331,31.67317334748176
155371,,29.052560487484513
155437,0.0,28.62727528317975
155504,0.0,26.19093330626743
155571,0.0,27.101173651118163
155637,0.0,25.563025007672874
155704,0.0,23.26335860928751
155771,0.0,25.07855871695831
155837,0.0,25.809249756756195
155904,0.0,22.71841606536499
155971,0.0,23.909351071033793
156037,0.0,24.69822015978163
156104,0.0,24.668676203541096
156171,0.0,22.09515014542631
156237,0.0,24.345689040341988
156304,0.0,21.760912590556813
156371,0.0,24.04833716619938
156437,0.0,22.944662261615928
156504,0.0,26.60865478003869
156571,0.0,23.22219294733919
156637,0.0,25.327543789924974
156704,0.0,23.710678622717364
156771,0.0,23.324384599156055
156837,0.0,28.981764834976765
156904,,45.78822514595423
156971,126.75130208333333,40.26247181477774
157037,134.765625,38.940390008046094
157104,134.765625,33.209766773428235
157171,,45.671322787268096
157237,480.2578125,41.400678690522874
157304,,41.2057393120585
157371,,41.46562113157557
157437,193.8515625,40.200711035338415
157504,193.28125,31.367205671564065
157571,,29.929950984313415
157637,0.0,30.281644194244702
157704,0.0,26.053050461411097
157771,0.0,23.344537511509312
157837,0.0,27.25094521081469
157904,0.0,25.185139398778876
157971,0.0,24.94154594018443
158037,0.0,33.66422957225973
158104,,31.451964061141815
158171,0.0,28.773713458697742
158237,0.0,29.304395947667
158304,0.0,27.193312869837264
158371,0.0,23.384564936046047
158438,0.0,25.526682161121933
158504,0.0,20.755469613925307
158571,0.0,21.67317334748176
158637,0.0,21.958996524092335
158704,0.0,22.600713879850748
158771,0.0,24.18301291319746
158837,0.0,26.180480967120925
158904,0.0,24.409090820652178
158971,0.0,27.481880270062003
159037,0.0,23.443922736851107
159104,0.0,27.41939077729199
159171,0.0,29.02546779313991
159237,0.0,23.324384599156055
159304,0.0,27.730546933642625
159371,0.0,29.20123326290724
159438,0.0,23.783979009481374
159504,0.0,26.90196080028514
159571,0.0,28.142475957319203
159637,0.0,22.405492482826
159704,0.0,25.403294747908735
159771,0.0,26.830470382388498
159837,0.0,25.010592622177516
159904,0.0,22.69512944217916
159974,0.0,22.355284469075485
160038,0.0,22.50420002308894
160104,0.0,25.09202522331103
160171,0.0,23.46352974450639
