sensor,language,tone,participant,script,time_1,autocorrelation_mean,autocorrelation_median,autocorrelation_std,autocorrelation_min,autocorrelation_max,autocorrelation_missing
autocorrelations,ch,bus,subject1,t1,1.0,6.226504329122449e-08,5.256731295e-08,3.5077665017410955e-08,2.376348838e-08,2.12729016e-07,0.0
autocorrelations,ch,bus,subject1,t1,2.0,1.4149862904577552e-08,1.083009157e-08,1.3296255986380201e-08,-5.551323744e-09,4.212596103e-08,0.0
autocorrelations,ch,bus,subject1,t1,3.0,-1.7303180215846938e-08,-1.747439467e-08,9.347796061495644e-09,-3.493149894e-08,6.97402549e-10,0.0
autocorrelations,ch,bus,subject1,t1,4.0,-3.5722878293061226e-08,-3.569478297e-08,6.065706391476545e-09,-4.717071045e-08,-1.942203961e-08,0.0
autocorrelations,ch,bus,subject1,t1,5.0,-3.348540105061224e-08,-3.429635873e-08,6.9436726906431355e-09,-4.740881174e-08,-1.512387765e-08,0.0
autocorrelations,ch,bus,subject1,t1,6.0,-1.021936756397347e-08,-7.692880922e-09,7.744742290615019e-09,-3.049299366e-08,-1.029778437e-10,0.0
autocorrelations,ch,bus,subject1,t1,7.0,2.881817090330408e-09,3.182948879e-09,4.7247242368619126e-09,-8.603232168e-09,1.065292795e-08,0.0
autocorrelations,ch,bus,subject1,t1,8.0,1.5615445950918366e-08,1.450562772e-08,4.7625690904648154e-09,6.890490353e-09,2.477835918e-08,0.0
autocorrelations,ch,bus,subject1,t1,9.0,1.0432950142348981e-08,1.191647388e-08,6.910736725559531e-09,-4.820788327e-09,2.228680515e-08,0.0
autocorrelations,ch,bus,subject1,t1,10.0,1.449738467163265e-09,9.731677133e-10,3.2471325833577677e-09,-5.135774695e-09,8.415248667e-09,0.0
autocorrelations,ch,bus,subject1,t1,11.0,-4.653378393020408e-10,-5.134380489e-10,3.74311424638473e-09,-7.219388836e-09,7.252587996e-09,0.0
autocorrelations,ch,bus,subject1,t1,12.0,-1.2828660250020409e-08,-1.275903125e-08,4.787024590518569e-09,-2.434651764e-08,-3.442766521e-09,0.0
autocorrelations,ch,bus,subject1,t1,13.0,-1.781390166630612e-08,-1.705272191e-08,6.775367047021349e-09,-3.138149263e-08,-6.728716565e-09,0.0
autocorrelations,ch,bus,subject1,t1,14.0,-1.1448744193287757e-08,-1.250629976e-08,5.5713873471508e-09,-1.93871964e-08,5.47002073e-09,0.0
autocorrelations,ch,bus,subject1,t1,15.0,1.8705282275183675e-09,2.354798202e-09,4.787794300753686e-09,-8.591535829e-09,1.055674524e-08,0.0
autocorrelations,ch,bus,subject1,t1,16.0,2.0817091011571426e-08,2.148221423e-08,5.5096246681838755e-09,8.267578457e-09,2.944841518e-08,0.0
autocorrelations,ch,bus,subject1,t1,17.0,2.6141957370000002e-08,2.594206117e-08,5.24572993978235e-09,1.514418623e-08,3.864766997e-08,0.0
autocorrelations,ch,bus,subject1,t1,18.0,2.008877850667347e-08,1.899337185e-08,7.762611647119002e-09,6.978277172e-09,3.549410359e-08,0.0
autocorrelations,ch,bus,subject1,t1,19.0,8.49667579407551e-09,9.321110211e-09,5.677801836738782e-09,-3.83758765e-09,2.24708921e-08,0.0
autocorrelations,ch,bus,subject1,t1,20.0,-7.63983047573793e-09,-7.398907527e-09,4.263647386448191e-09,-1.52836211e-08,-1.829857194e-10,0.0
autocorrelations,ch,bus,subject1,t2,1.0,2.36738765144898e-07,2.370471189e-07,3.5355503116214746e-08,1.630065314e-07,3.181630746e-07,0.0
autocorrelations,ch,bus,subject1,t2,2.0,1.0331298415142857e-07,1.024025415e-07,4.429651637428196e-08,2.72130714e-08,1.868999802e-07,0.0
autocorrelations,ch,bus,subject1,t2,3.0,-2.5298533480793884e-08,-2.593725417e-08,3.7326774803339456e-08,-9.848336174e-08,5.484640066e-08,0.0
autocorrelations,ch,bus,subject1,t2,4.0,-1.1953339886612245e-07,-1.194688318e-07,2.628200021690726e-08,-1.667473473e-07,-6.660519299e-08,0.0
autocorrelations,ch,bus,subject1,t2,5.0,-1.4165535942040817e-07,-1.397128363e-07,1.8962433918001064e-08,-1.719449237e-07,-1.02979594e-07,0.0
autocorrelations,ch,bus,subject1,t2,6.0,-8.846540732061229e-08,-8.771150878e-08,2.6618008785530944e-08,-1.392362046e-07,-3.677465068e-08,0.0
autocorrelations,ch,bus,subject1,t2,7.0,-2.1068024172381427e-08,-1.962285193e-08,2.4390959434842284e-08,-7.220293308e-08,3.221031027e-08,0.0
autocorrelations,ch,bus,subject1,t2,8.0,4.270697095018979e-08,4.190720436e-08,2.3569125924740906e-08,-4.290235468e-09,8.913092594e-08,0.0
autocorrelations,ch,bus,subject1,t2,9.0,6.935741782081633e-08,6.862543651e-08,1.8290603338798026e-08,2.814725475e-08,9.858420708e-08,0.0
autocorrelations,ch,bus,subject1,t2,10.0,8.576700740081632e-09,8.10205607e-09,2.8142757792067187e-08,-4.772321339e-08,6.153725144e-08,0.0
autocorrelations,ch,bus,subject1,t2,11.0,-6.43500931755102e-08,-6.250688556e-08,2.4317238707017036e-08,-1.148190498e-07,-1.353412583e-08,0.0
autocorrelations,ch,bus,subject1,t2,12.0,-1.0787472656632652e-07,-1.063931429e-07,1.84690293645373e-08,-1.409968478e-07,-6.963630688e-08,0.0
autocorrelations,ch,bus,subject1,t2,13.0,-1.0489502691591837e-07,-1.017487669e-07,2.0474732542054523e-08,-1.410554309e-07,-5.700347245e-08,0.0
autocorrelations,ch,bus,subject1,t2,14.0,-3.116762580709388e-08,-3.020688388e-08,3.3352254581905515e-08,-1.015506261e-07,3.550378963e-08,0.0
autocorrelations,ch,bus,subject1,t2,15.0,5.8537936698326523e-08,5.742543165e-08,2.564762845738992e-08,5.549866788e-09,1.06028971e-07,0.0
autocorrelations,ch,bus,subject1,t2,16.0,1.125971724346939e-07,1.100743085e-07,2.0281153451596053e-08,6.965371619e-08,1.528680614e-07,0.0
autocorrelations,ch,bus,subject1,t2,17.0,1.358823532795919e-07,1.371040043e-07,1.5920020035596493e-08,1.121198484e-07,1.606705378e-07,0.0
autocorrelations,ch,bus,subject1,t2,18.0,1.0121088554714286e-07,1.018020625e-07,2.573066818028862e-08,4.658964338e-08,1.522519852e-07,0.0
autocorrelations,ch,bus,subject1,t2,19.0,2.7228466539140826e-08,2.786505663e-08,2.64585950594061e-08,-2.217004376e-08,7.814922176e-08,0.0
autocorrelations,ch,bus,subject1,t2,20.0,-2.0406981478903448e-08,-2.232076225e-08,1.8392529250747428e-08,-5.2880956e-08,1.300576201e-08,0.0
autocorrelations,ch,bus,subject1,t3,1.0,5.456411544734696e-08,5.376301363e-08,1.1694232163476682e-08,3.543396258e-08,7.888748466e-08,0.0
autocorrelations,ch,bus,subject1,t3,2.0,1.6227667749448982e-08,1.466828129e-08,9.53834473096782e-09,2.255729417e-09,3.443619617e-08,0.0
autocorrelations,ch,bus,subject1,t3,3.0,-1.1844492551704082e-09,-1.045573303e-09,1.653859342911847e-09,-4.084892075e-09,2.050613061e-09,0.0
autocorrelations,ch,bus,subject1,t3,4.0,-5.926614647142857e-09,-4.87229181e-09,1.938998560703913e-09,-1.074630973e-08,-4.13089209e-09,0.0
autocorrelations,ch,bus,subject1,t3,5.0,-1.4282597819795918e-08,-1.437127076e-08,1.331899527728349e-09,-1.6422226e-08,-1.102213389e-08,0.0
autocorrelations,ch,bus,subject1,t3,6.0,-1.988734583653061e-08,-2.07995375e-08,1.8329257857433311e-09,-2.188917528e-08,-1.641675882e-08,0.0
autocorrelations,ch,bus,subject1,t3,7.0,-2.4229575201020413e-08,-2.484856733e-08,2.162332650567497e-09,-2.685410697e-08,-2.108295953e-08,0.0
autocorrelations,ch,bus,subject1,t3,8.0,-2.2362842395306123e-08,-2.297591489e-08,2.3484184644416197e-09,-2.571720766e-08,-1.68016169e-08,0.0
autocorrelations,ch,bus,subject1,t3,9.0,-9.403616922428572e-09,-9.363573248e-09,4.283315559068641e-09,-1.656224515e-08,-2.68310616e-09,0.0
autocorrelations,ch,bus,subject1,t3,10.0,1.1391685803234694e-09,1.772342937e-09,1.95525850138603e-09,-2.419216681e-09,3.635926398e-09,0.0
autocorrelations,ch,bus,subject1,t3,11.0,-4.470796322081632e-11,-2.375711693e-10,5.190581010773551e-10,-6.240079358e-10,1.498026634e-09,0.0
autocorrelations,ch,bus,subject1,t3,12.0,1.5192824128248972e-09,1.858028111e-09,9.227258561588924e-10,-3.443270082e-10,3.313899054e-09,0.0
autocorrelations,ch,bus,subject1,t3,13.0,4.7891296026326535e-09,4.766968678e-09,5.321393359510798e-10,3.538450893e-09,5.672520406e-09,0.0
autocorrelations,ch,bus,subject1,t3,14.0,7.166120111591836e-09,6.792659349e-09,1.2790982571323083e-09,5.477617805e-09,1.081284747e-08,0.0
autocorrelations,ch,bus,subject1,t3,15.0,1.7057489831836735e-08,1.687743225e-08,3.533769809410702e-09,1.085803499e-08,2.218434646e-08,0.0
autocorrelations,ch,bus,subject1,t3,16.0,1.9489442762653066e-08,2.013901523e-08,2.4540631208299748e-09,1.381218381e-08,2.234096843e-08,0.0
autocorrelations,ch,bus,subject1,t3,17.0,6.243788587326531e-09,4.872071576e-09,2.7371286939358116e-09,3.585638854e-09,1.32337784e-08,0.0
autocorrelations,ch,bus,subject1,t3,18.0,2.146079450877551e-09,2.049573878e-09,5.356023449171828e-10,1.125001548e-09,3.452255725e-09,0.0
autocorrelations,ch,bus,subject1,t3,19.0,-4.245824727034899e-09,-3.063749918e-09,4.168391585805514e-09,-1.149112479e-08,1.01049807e-09,0.0
autocorrelations,ch,bus,subject1,t3,20.0,-1.4010642356551724e-08,-1.362098523e-08,1.8352547195767391e-09,-1.765196948e-08,-1.15174441e-08,0.0
autocorrelations,ch,bus,subject1,t4,1.0,2.575090536571429e-07,2.57362031e-07,7.223563972198195e-08,1.043055811e-07,4.025531234e-07,0.0
autocorrelations,ch,bus,subject1,t4,2.0,1.0015732485448976e-08,4.8268038e-09,7.541303990604397e-08,-1.21839104e-07,1.657430466e-07,0.0
autocorrelations,ch,bus,subject1,t4,3.0,-1.27157175887551e-07,-1.284143707e-07,4.116352694271168e-08,-1.981980855e-07,-3.952762024e-08,0.0
autocorrelations,ch,bus,subject1,t4,4.0,-1.380875255744898e-07,-1.367996396e-07,3.661930661569237e-08,-1.985852575e-07,-7.407357211e-08,0.0
autocorrelations,ch,bus,subject1,t4,5.0,-7.13659509680204e-08,-6.975047776e-08,4.598380814811774e-08,-1.656748605e-07,2.179924152e-08,0.0
autocorrelations,ch,bus,subject1,t4,6.0,1.9120280271193472e-08,2.338295904e-08,4.1173292081299865e-08,-6.268414986e-08,9.47546412e-08,0.0
autocorrelations,ch,bus,subject1,t4,7.0,5.486724428951021e-08,5.930328559e-08,3.5848638003363385e-08,2.495434759e-09,1.090514627e-07,0.0
autocorrelations,ch,bus,subject1,t4,8.0,2.848773343125857e-08,2.999711427e-08,3.484156650274355e-08,-3.023359184e-08,8.971510691e-08,0.0
autocorrelations,ch,bus,subject1,t4,9.0,7.45728468044898e-09,7.779696191e-09,3.3868455519128506e-08,-4.520342079e-08,5.988049043e-08,0.0
autocorrelations,ch,bus,subject1,t4,10.0,-1.6719164366467344e-08,-1.74029027e-08,3.2617151882722024e-08,-7.473048889e-08,4.101456471e-08,0.0
autocorrelations,ch,bus,subject1,t4,11.0,-3.5339751483387754e-08,-3.888102834e-08,3.144078438648132e-08,-8.16228724e-08,1.108404729e-08,0.0
autocorrelations,ch,bus,subject1,t4,12.0,-2.1628639795363268e-08,-2.343442069e-08,3.00929037320838e-08,-6.721281697e-08,2.283124113e-08,0.0
autocorrelations,ch,bus,subject1,t4,13.0,-5.6705936631251024e-08,-5.65946601e-08,3.332451755871789e-08,-1.148166631e-07,5.932812382e-09,0.0
autocorrelations,ch,bus,subject1,t4,14.0,-6.201641353208163e-08,-6.422546352e-08,3.4321043298670915e-08,-1.218761976e-07,1.089565995e-08,0.0
autocorrelations,ch,bus,subject1,t4,15.0,3.080748508642449e-08,2.89118093e-08,3.8025185981137137e-08,-4.927534837e-08,1.002171247e-07,0.0
autocorrelations,ch,bus,subject1,t4,16.0,8.941946757959182e-08,8.917033849e-08,2.896875437722644e-08,3.764866925e-08,1.409235423e-07,0.0
autocorrelations,ch,bus,subject1,t4,17.0,1.1569213493795917e-07,1.179656532e-07,2.6697882254451613e-08,7.196526567e-08,1.568270502e-07,0.0
autocorrelations,ch,bus,subject1,t4,18.0,7.33611005854694e-08,7.436374382e-08,3.7685691060521306e-08,-8.889962082e-09,1.467568062e-07,0.0
autocorrelations,ch,bus,subject1,t4,19.0,-4.502450069175511e-08,-4.299029819e-08,4.624646143032256e-08,-1.349033985e-07,4.290102352e-08,0.0
autocorrelations,ch,bus,subject1,t4,20.0,-1.3524400110241377e-07,-1.385068907e-07,2.8293555857878905e-08,-1.846782388e-07,-7.769358184e-08,0.0
autocorrelations,ch,bus,subject2,t1,1.0,1.6361005828367344e-07,1.606677046e-07,1.2502217626522712e-08,1.468421884e-07,2.042780537e-07,0.0
autocorrelations,ch,bus,subject2,t1,2.0,1.210020703897959e-07,1.183447121e-07,1.4091039215112498e-08,1.000075846e-07,1.458588149e-07,0.0
autocorrelations,ch,bus,subject2,t1,3.0,8.125310864775513e-08,8.189135484e-08,1.1195081717675098e-08,6.441352957e-08,9.957071294e-08,0.0
autocorrelations,ch,bus,subject2,t1,4.0,4.7751092976734693e-08,4.795245955e-08,9.759018399371873e-09,3.432163575e-08,6.57358762e-08,0.0
autocorrelations,ch,bus,subject2,t1,5.0,2.0931182285408164e-08,2.14649985e-08,7.617496937676394e-09,7.502997439e-09,3.382352986e-08,0.0
autocorrelations,ch,bus,subject2,t1,6.0,-3.904822052956122e-09,-5.037959457e-09,6.823582352308328e-09,-1.260517441e-08,7.587762201e-09,0.0
autocorrelations,ch,bus,subject2,t1,7.0,-1.6072419247142857e-08,-1.636814138e-08,1.7748281709056572e-09,-1.860563418e-08,-1.041012256e-08,0.0
autocorrelations,ch,bus,subject2,t1,8.0,-1.572428132040816e-08,-1.596306601e-08,1.2103301243350882e-09,-1.782645764e-08,-1.319758637e-08,0.0
autocorrelations,ch,bus,subject2,t1,9.0,-2.2360916974285712e-08,-2.030489542e-08,3.6366600361649983e-09,-2.942810394e-08,-1.806635352e-08,0.0
autocorrelations,ch,bus,subject2,t1,10.0,-3.19412654777551e-08,-3.187483532e-08,2.620195713625819e-09,-3.622770835e-08,-2.860338829e-08,0.0
autocorrelations,ch,bus,subject2,t1,11.0,-3.8257365132040826e-08,-3.710710444e-08,1.9211154719570795e-09,-4.181519001e-08,-3.615730743e-08,0.0
autocorrelations,ch,bus,subject2,t1,12.0,-4.1645943974693895e-08,-4.173438634e-08,6.57427163526093e-10,-4.2627595e-08,-4.024054519e-08,0.0
autocorrelations,ch,bus,subject2,t1,13.0,-4.5891315592244896e-08,-4.493338192e-08,2.382480198760746e-09,-5.162941193e-08,-4.268079274e-08,0.0
autocorrelations,ch,bus,subject2,t1,14.0,-5.2386840179387774e-08,-5.247100462e-08,1.0863357682679402e-09,-5.429132016e-08,-5.02375997e-08,0.0
autocorrelations,ch,bus,subject2,t1,15.0,-3.9533971111020406e-08,-4.040375632e-08,7.855917347786439e-09,-5.042263633e-08,-2.570303307e-08,0.0
autocorrelations,ch,bus,subject2,t1,16.0,-1.8780190123673472e-08,-1.919194352e-08,4.456856019009108e-09,-2.538497091e-08,-1.114484806e-08,0.0
autocorrelations,ch,bus,subject2,t1,17.0,-8.56679484397959e-09,-8.738466203e-09,1.606487692796528e-09,-1.091452563e-08,-5.862792579e-09,0.0
autocorrelations,ch,bus,subject2,t1,18.0,-9.894863571163264e-09,-1.017895216e-08,1.892794623602128e-09,-1.373633945e-08,-6.08925021e-09,0.0
autocorrelations,ch,bus,subject2,t1,19.0,-1.6153452083877548e-08,-1.634050056e-08,7.268525490478446e-10,-1.71862207e-08,-1.447519248e-08,0.0
autocorrelations,ch,bus,subject2,t1,20.0,-1.6991930720689657e-08,-1.726637717e-08,8.965418802661146e-10,-1.847190809e-08,-1.53907667e-08,0.0
autocorrelations,ch,bus,subject2,t2,1.0,1.5726910745714288e-07,1.566362571e-07,1.8647803266996898e-08,1.290596015e-07,1.855732694e-07,0.0
autocorrelations,ch,bus,subject2,t2,2.0,1.173941752367347e-07,1.190353256e-07,7.286278443279125e-09,1.005718064e-07,1.283912584e-07,0.0
autocorrelations,ch,bus,subject2,t2,3.0,6.553375218204081e-08,6.104396564e-08,1.7417536017030718e-08,4.584391662e-08,9.922659072e-08,0.0
autocorrelations,ch,bus,subject2,t2,4.0,4.4203925079591844e-08,4.601276664e-08,3.779507158628235e-09,3.456451367e-08,4.743158417e-08,0.0
autocorrelations,ch,bus,subject2,t2,5.0,3.2292789646122455e-08,3.030885226e-08,6.0069114444774704e-09,2.626107888e-08,4.685890952e-08,0.0
autocorrelations,ch,bus,subject2,t2,6.0,4.996746092469387e-08,5.120242305e-08,4.9505395967601565e-09,3.985973939e-08,5.561314006e-08,0.0
autocorrelations,ch,bus,subject2,t2,7.0,4.8352768072448986e-08,4.740185621e-08,7.797814172056606e-09,3.88587751e-08,6.038198648e-08,0.0
autocorrelations,ch,bus,subject2,t2,8.0,4.080132174469387e-08,4.273866835e-08,1.5545686243080517e-08,1.418144299e-08,6.040899715e-08,0.0
autocorrelations,ch,bus,subject2,t2,9.0,9.33233304034694e-09,9.62152671e-09,1.8938623972280126e-09,3.491523991e-09,1.349954692e-08,0.0
autocorrelations,ch,bus,subject2,t2,10.0,-2.1062186095263264e-08,-2.38129334e-08,1.2833815331773686e-08,-3.626571332e-08,2.702653152e-09,0.0
autocorrelations,ch,bus,subject2,t2,11.0,-3.2936338006938775e-08,-3.270862838e-08,2.1553940383922514e-09,-3.699616148e-08,-3.013015917e-08,0.0
autocorrelations,ch,bus,subject2,t2,12.0,-3.783006672e-08,-3.997933203e-08,5.936224771785919e-09,-4.368498686e-08,-2.329154917e-08,0.0
autocorrelations,ch,bus,subject2,t2,13.0,-1.3881141095918366e-08,-1.306337749e-08,3.127918302534187e-09,-2.235306191e-08,-1.046218815e-08,0.0
autocorrelations,ch,bus,subject2,t2,14.0,-8.295019952733673e-09,-1.128079272e-08,9.3411448539105e-09,-1.798507095e-08,9.219780783e-09,0.0
autocorrelations,ch,bus,subject2,t2,15.0,-1.0117150230142855e-09,1.792411734e-09,1.1049705190646114e-08,-2.179972527e-08,1.11096328e-08,0.0
autocorrelations,ch,bus,subject2,t2,16.0,-2.8641348438367353e-08,-2.895415153e-08,2.3049472680362886e-09,-3.386573706e-08,-2.251546172e-08,0.0
autocorrelations,ch,bus,subject2,t2,17.0,-5.788554716795917e-08,-6.011956749e-08,1.3172663127286096e-08,-7.468284432e-08,-3.457408791e-08,0.0
autocorrelations,ch,bus,subject2,t2,18.0,-7.615796275551021e-08,-7.511575586e-08,1.6842269172051395e-09,-8.078108261e-08,-7.481823675e-08,0.0
autocorrelations,ch,bus,subject2,t2,19.0,-8.391985040408163e-08,-8.498023409e-08,4.2336763581215375e-09,-8.845938981e-08,-7.266835621e-08,0.0
autocorrelations,ch,bus,subject2,t2,20.0,-6.191545010068965e-08,-6.035211198e-08,4.6160880974498135e-09,-7.168742821e-08,-5.724635183e-08,0.0
autocorrelations,ch,bus,subject2,t3,1.0,1.1415217974102041e-07,1.138607672e-07,1.3237137065202089e-08,8.732682348e-08,1.413964097e-07,0.0
autocorrelations,ch,bus,subject2,t3,2.0,7.669358868612248e-08,7.624163307e-08,1.0836606003743116e-08,5.671461708e-08,9.97307267e-08,0.0
autocorrelations,ch,bus,subject2,t3,3.0,5.1986913740204096e-08,5.139802568e-08,1.0482843642788242e-08,2.915609825e-08,7.297844348e-08,0.0
autocorrelations,ch,bus,subject2,t3,4.0,2.724428352081633e-08,2.815377169e-08,7.976668964310566e-09,1.34736189e-08,4.337458941e-08,0.0
autocorrelations,ch,bus,subject2,t3,5.0,2.2585109875306125e-08,2.317219115e-08,7.036508989266651e-09,1.099967218e-08,3.243116958e-08,0.0
autocorrelations,ch,bus,subject2,t3,6.0,1.3172233405950002e-08,1.309783647e-08,7.553067157922515e-09,-7.041624395e-11,2.757789144e-08,0.0
autocorrelations,ch,bus,subject2,t3,7.0,1.343717725560449e-08,1.232027777e-08,7.831010533957881e-09,-7.276036302e-10,2.94680931e-08,0.0
autocorrelations,ch,bus,subject2,t3,8.0,2.2079228146734696e-08,2.188050599e-08,6.79715522718114e-09,1.128747134e-08,3.302783863e-08,0.0
autocorrelations,ch,bus,subject2,t3,9.0,2.016606670210204e-08,2.058783177e-08,7.092992417533025e-09,9.162274608e-09,3.188462142e-08,0.0
autocorrelations,ch,bus,subject2,t3,10.0,2.1064295352775512e-08,1.999842656e-08,7.306572638157829e-09,6.421424759e-09,3.270461796e-08,0.0
autocorrelations,ch,bus,subject2,t3,11.0,6.870766349020405e-10,1.369991346e-09,9.643675402296e-09,-1.789271196e-08,2.122653702e-08,0.0
autocorrelations,ch,bus,subject2,t3,12.0,-9.843549122132654e-09,-1.039236303e-08,7.004408379745361e-09,-2.186554256e-08,9.211350626e-10,0.0
autocorrelations,ch,bus,subject2,t3,13.0,-2.289617612920408e-08,-2.320413958e-08,9.215259610003633e-09,-4.034381146e-08,-4.919459074e-09,0.0
autocorrelations,ch,bus,subject2,t3,14.0,-3.645921514122448e-08,-3.690482107e-08,6.958930217541721e-09,-4.657291293e-08,-2.541256947e-08,0.0
autocorrelations,ch,bus,subject2,t3,15.0,-4.06512323832653e-08,-4.0359111e-08,7.596753874433226e-09,-5.511741493e-08,-2.780058374e-08,0.0
autocorrelations,ch,bus,subject2,t3,16.0,-5.048592090755102e-08,-4.958236119e-08,7.286455459231855e-09,-6.171397341e-08,-3.76293339e-08,0.0
autocorrelations,ch,bus,subject2,t3,17.0,-3.661239302857144e-08,-3.683764914e-08,9.163754312467218e-09,-5.446569718e-08,-1.955801204e-08,0.0
autocorrelations,ch,bus,subject2,t3,18.0,-2.7750002520816327e-08,-2.810294357e-08,7.0703428376157835e-09,-3.793220267e-08,-1.742953997e-08,0.0
autocorrelations,ch,bus,subject2,t3,19.0,-2.3775640458367348e-08,-2.395359187e-08,7.0746374429067855e-09,-3.605728306e-08,-1.1532503e-08,0.0
autocorrelations,ch,bus,subject2,t3,20.0,-2.1748570454827596e-08,-2.129259042e-08,7.190559961509528e-09,-3.377645668e-08,-1.046712758e-08,0.0
autocorrelations,ch,bus,subject2,t4,1.0,6.288633853857144e-08,6.211443127e-08,6.8709564106495915e-09,4.971521765e-08,7.781633281e-08,0.0
autocorrelations,ch,bus,subject2,t4,2.0,4.0656123220612245e-08,4.021460065e-08,7.050715493606756e-09,2.860328969e-08,5.513794988e-08,0.0
autocorrelations,ch,bus,subject2,t4,3.0,2.6763272946326527e-08,2.719780572e-08,4.1718122259155295e-09,1.873875224e-08,3.593590555e-08,0.0
autocorrelations,ch,bus,subject2,t4,4.0,1.8631689148571436e-08,1.862909952e-08,4.343655523562298e-09,1.028695085e-08,2.700280825e-08,0.0
autocorrelations,ch,bus,subject2,t4,5.0,8.218217362733264e-09,8.141879161e-09,4.617660891517245e-09,-1.364092405e-09,1.780693464e-08,0.0
autocorrelations,ch,bus,subject2,t4,6.0,-3.0199908806224487e-09,-3.166493958e-09,4.455242894037381e-09,-1.126911155e-08,5.985821255e-09,0.0
autocorrelations,ch,bus,subject2,t4,7.0,-1.0989359835530612e-08,-1.111947224e-08,3.865888808258557e-09,-1.738970059e-08,-3.017531552e-09,0.0
autocorrelations,ch,bus,subject2,t4,8.0,-1.6343386606510203e-08,-1.665828248e-08,4.086183023120131e-09,-2.407721972e-08,-8.657620953e-09,0.0
autocorrelations,ch,bus,subject2,t4,9.0,-2.198104964979592e-08,-2.227540015e-08,3.6923083042330206e-09,-2.86211195e-08,-1.529737632e-08,0.0
autocorrelations,ch,bus,subject2,t4,10.0,-2.3403039727142865e-08,-2.359710069e-08,3.317295199846586e-09,-2.831766467e-08,-1.847818553e-08,0.0
autocorrelations,ch,bus,subject2,t4,11.0,-2.503939152755102e-08,-2.495871203e-08,3.9626155400700305e-09,-3.354673434e-08,-1.819158087e-08,0.0
autocorrelations,ch,bus,subject2,t4,12.0,-3.196333646795918e-08,-3.141628088e-08,3.7611816051330856e-09,-3.873587189e-08,-2.450530259e-08,0.0
autocorrelations,ch,bus,subject2,t4,13.0,-3.1467551331632656e-08,-3.102233724e-08,3.802004196066389e-09,-3.851743265e-08,-2.364335575e-08,0.0
autocorrelations,ch,bus,subject2,t4,14.0,-2.4360374014081643e-08,-2.380887675e-08,3.850350459766942e-09,-3.263961008e-08,-1.722804676e-08,0.0
autocorrelations,ch,bus,subject2,t4,15.0,-2.1125073315510203e-08,-2.100119617e-08,3.332296468573448e-09,-2.610188512e-08,-1.580643573e-08,0.0
autocorrelations,ch,bus,subject2,t4,16.0,-2.1427301040000013e-08,-2.135319877e-08,3.4294052567673182e-09,-2.676741639e-08,-1.620991097e-08,0.0
autocorrelations,ch,bus,subject2,t4,17.0,-1.9317472507551018e-08,-1.990115103e-08,3.8889761948356285e-09,-2.643822581e-08,-1.195723307e-08,0.0
autocorrelations,ch,bus,subject2,t4,18.0,-8.458050403367348e-09,-8.162139875e-09,5.065420717342211e-09,-1.950277067e-08,1.614286566e-09,0.0
autocorrelations,ch,bus,subject2,t4,19.0,1.0577378421153062e-09,1.24485011e-09,3.610753079875973e-09,-6.086078645e-09,7.214692512e-09,0.0
autocorrelations,ch,bus,subject2,t4,20.0,4.48597390562138e-09,5.453073927e-09,3.5522622722211473e-09,-1.592109645e-09,1.044848623e-08,0.0
autocorrelations,ch,casual,subject1,t1,1.0,1.3697460894381636e-07,1.443532441e-07,9.478648875999108e-08,-2.634102441e-08,2.757851811e-07,0.0
autocorrelations,ch,casual,subject1,t1,2.0,-6.06390943483837e-08,-6.750331268e-08,2.5653537124779865e-08,-8.991741304e-08,-4.358581728e-10,0.0
autocorrelations,ch,casual,subject1,t1,3.0,4.974008948540815e-08,5.487414911e-08,1.9140226724709803e-08,4.154902945e-09,7.089922146e-08,0.0
autocorrelations,ch,casual,subject1,t1,4.0,-7.585342517733879e-08,-9.113783087e-08,4.2688368629494574e-08,-1.191319653e-07,1.508790608e-08,0.0
autocorrelations,ch,casual,subject1,t1,5.0,-3.1899693310918365e-08,-2.839659467e-08,4.7316783236439394e-08,-1.097967416e-07,3.360222479e-08,0.0
autocorrelations,ch,casual,subject1,t1,6.0,-1.3204514781897962e-08,-5.139026045e-09,4.100556277867864e-08,-9.033188392e-08,3.501871087e-08,0.0
autocorrelations,ch,casual,subject1,t1,7.0,-7.535854923253062e-08,-9.245547977e-08,3.455488648600624e-08,-1.082818957e-07,3.597019311e-09,0.0
autocorrelations,ch,casual,subject1,t1,8.0,6.517159780981632e-08,7.281016527e-08,2.224833469478546e-08,8.131990271e-09,8.721964268e-08,0.0
autocorrelations,ch,casual,subject1,t1,9.0,-2.0857025244755107e-08,-3.065185683e-08,3.705650128219053e-08,-6.1460249e-08,5.342660408e-08,0.0
autocorrelations,ch,casual,subject1,t1,10.0,9.398095482606122e-09,1.015281251e-08,4.411635695547812e-08,-5.832250053e-08,7.575340232e-08,0.0
autocorrelations,ch,casual,subject1,t1,11.0,4.491999454700408e-08,5.835846303e-08,3.653243551638974e-08,-3.316749546e-08,8.1186779e-08,0.0
autocorrelations,ch,casual,subject1,t1,12.0,-8.147101450081634e-08,-8.715259273e-08,1.666854988979171e-08,-9.856500917e-08,-3.719585647e-08,0.0
autocorrelations,ch,casual,subject1,t1,13.0,-7.7548381877551e-09,1.054520451e-09,2.874523202417796e-08,-6.706716541e-08,2.268252111e-08,0.0
autocorrelations,ch,casual,subject1,t1,14.0,-5.510328323102042e-10,-3.53583062e-09,1.3894371773230528e-08,-1.63830983e-08,2.219335208e-08,0.0
autocorrelations,ch,casual,subject1,t1,15.0,3.608153553377755e-08,3.517120348e-08,3.2095371181913315e-08,-1.277546382e-08,8.837302961e-08,0.0
autocorrelations,ch,casual,subject1,t1,16.0,6.869125496816326e-08,7.928203191e-08,2.635481119964825e-08,1.140910727e-08,9.452843787e-08,0.0
autocorrelations,ch,casual,subject1,t1,17.0,-2.757527960908164e-08,-3.181976122e-08,1.4593987103546362e-08,-4.383311266e-08,8.00622026e-09,0.0
autocorrelations,ch,casual,subject1,t1,18.0,5.3976549956077566e-08,6.248269843e-08,2.9968623143191235e-08,-6.359616139e-09,8.613523381e-08,0.0
autocorrelations,ch,casual,subject1,t1,19.0,6.589640732428572e-09,1.052413643e-08,5.126054292500279e-08,-8.136943676e-08,8.107854729e-08,0.0
autocorrelations,ch,casual,subject1,t1,20.0,-1.0075630610413793e-07,-1.026779506e-07,6.504464644858803e-09,-1.076238204e-07,-8.416975205e-08,0.0
autocorrelations,ch,casual,subject1,t2,1.0,7.452718876097959e-07,9.012495915e-07,1.376194431715055e-06,-1.609638594e-06,2.537497009e-06,0.0
autocorrelations,ch,casual,subject1,t2,2.0,-1.1686495905232654e-06,-1.58540025e-06,8.938429808495637e-07,-2.045723912e-06,7.65819642e-07,0.0
autocorrelations,ch,casual,subject1,t2,3.0,1.3072391307863263e-06,1.447148645e-06,5.111422787128032e-07,3.114687683e-08,1.855301585e-06,0.0
autocorrelations,ch,casual,subject1,t2,4.0,-1.4020549030661224e-06,-1.562887509e-06,5.298506968567708e-07,-1.959656172e-06,-7.183093064e-08,0.0
autocorrelations,ch,casual,subject1,t2,5.0,8.775335800855101e-07,1.236547281e-06,8.572069022159055e-07,-9.479965662e-07,1.726810344e-06,0.0
autocorrelations,ch,casual,subject1,t2,6.0,-5.346001087704082e-07,-7.000109055e-07,1.1115740268105302e-06,-1.909658966e-06,1.403901207e-06,0.0
autocorrelations,ch,casual,subject1,t2,7.0,-2.483163038330612e-07,-3.376112904e-07,1.1941087792777551e-06,-1.89561988e-06,1.705181231e-06,0.0
autocorrelations,ch,casual,subject1,t2,8.0,9.826966964118367e-07,1.288608839e-06,9.061749178769848e-07,-8.485831504e-07,1.918451028e-06,0.0
autocorrelations,ch,casual,subject1,t2,9.0,-1.121049479351837e-06,-1.281764071e-06,5.231058208570913e-07,-1.653699005e-06,1.709818532e-07,0.0
autocorrelations,ch,casual,subject1,t2,10.0,1.2237599227836735e-06,1.327195328e-06,3.9890619642010233e-07,2.613815881e-07,1.672786456e-06,0.0
autocorrelations,ch,casual,subject1,t2,11.0,-8.924897183871633e-07,-1.199543042e-06,6.561833143171017e-07,-1.52748797e-06,5.926452836e-07,0.0
autocorrelations,ch,casual,subject1,t2,12.0,5.050597832748979e-07,7.152181503e-07,8.4304546381451e-07,-1.092015826e-06,1.435905771e-06,0.0
autocorrelations,ch,casual,subject1,t2,13.0,-2.2073689023891845e-07,-2.551376873e-07,1.0120186056971431e-06,-1.670603929e-06,1.348929872e-06,0.0
autocorrelations,ch,casual,subject1,t2,14.0,-5.107647346543878e-07,-6.852578799e-07,9.849277819475929e-07,-1.692096955e-06,1.260785347e-06,0.0
autocorrelations,ch,casual,subject1,t2,15.0,9.62194107416449e-07,1.312497648e-06,7.072973012636464e-07,-6.01387695e-07,1.651338001e-06,0.0
autocorrelations,ch,casual,subject1,t2,16.0,-1.1820888603653062e-06,-1.297846227e-06,4.05448224444836e-07,-1.633843098e-06,-1.924499157e-07,0.0
autocorrelations,ch,casual,subject1,t2,17.0,1.124576816954898e-06,1.279882511e-06,4.934640425615491e-07,-1.048936835e-07,1.622520703e-06,0.0
autocorrelations,ch,casual,subject1,t2,18.0,-6.60978867416653e-07,-9.57102944e-07,7.368207920056271e-07,-1.397956666e-06,8.833755436e-07,0.0
autocorrelations,ch,casual,subject1,t2,19.0,5.00860794317551e-07,6.454967108e-07,9.418901692875228e-07,-1.139347663e-06,1.648307705e-06,0.0
autocorrelations,ch,casual,subject1,t2,20.0,8.707050134958619e-07,9.732038247e-07,5.836426098199863e-07,-2.407542808e-07,1.623213164e-06,0.0
autocorrelations,ch,casual,subject1,t3,1.0,6.343460014734694e-05,6.576596507e-05,1.2602915876487478e-05,3.955712086e-05,7.883520603e-05,0.0
autocorrelations,ch,casual,subject1,t3,2.0,2.131199860171429e-05,2.011860147e-05,8.555940526824058e-06,8.009674945e-06,3.85332508e-05,0.0
autocorrelations,ch,casual,subject1,t3,3.0,-1.676865198117143e-05,-1.497351787e-05,1.657930519384084e-05,-4.688999946e-05,7.38786745e-06,0.0
autocorrelations,ch,casual,subject1,t3,4.0,-6.37601956477551e-05,-6.631994308e-05,5.988461965534629e-06,-6.916515903e-05,-4.813806913e-05,0.0
autocorrelations,ch,casual,subject1,t3,5.0,-5.2352318264693886e-05,-5.097669228e-05,5.922743044414862e-06,-6.398500237e-05,-4.500334206e-05,0.0
autocorrelations,ch,casual,subject1,t3,6.0,-3.5541521861836734e-05,-3.863349528e-05,8.759154699118706e-06,-4.488606329e-05,-1.536690762e-05,0.0
autocorrelations,ch,casual,subject1,t3,7.0,2.0281419666520408e-05,2.223854724e-05,1.9063308108397228e-05,-1.398780513e-05,4.769795515e-05,0.0
autocorrelations,ch,casual,subject1,t3,8.0,5.163715291571429e-05,5.168655477e-05,1.0166917430099026e-06,4.827973281e-05,5.281004089e-05,0.0
autocorrelations,ch,casual,subject1,t3,9.0,5.669917310081633e-05,5.745913397e-05,3.018017873457742e-06,5.151553649e-05,6.017452743e-05,0.0
autocorrelations,ch,casual,subject1,t3,10.0,3.589119078273469e-05,3.829617612e-05,1.6696138985452634e-05,4.810661534e-06,5.849201641e-05,0.0
autocorrelations,ch,casual,subject1,t3,11.0,-1.7732381798887755e-05,-2.043672441e-05,9.712601671826935e-06,-2.957576801e-05,3.474434782e-06,0.0
autocorrelations,ch,casual,subject1,t3,12.0,-4.161719249265306e-05,-4.002836361e-05,8.74736971746381e-06,-5.847175375e-05,-2.984610701e-05,0.0
autocorrelations,ch,casual,subject1,t3,13.0,-6.502631075714286e-05,-6.604326948e-05,3.7858835914757e-06,-6.928792662e-05,-5.583234326e-05,0.0
autocorrelations,ch,casual,subject1,t3,14.0,-2.9122185151816323e-05,-2.765224711e-05,1.433045966343443e-05,-5.482466824e-05,-8.195101138e-06,0.0
autocorrelations,ch,casual,subject1,t3,15.0,3.929037717387347e-06,2.591983213e-06,7.725318659398264e-06,-7.666504589e-06,2.003297786e-05,0.0
autocorrelations,ch,casual,subject1,t3,16.0,4.682296279e-05,4.853754434e-05,1.4265253308258244e-05,2.105113343e-05,6.638650725e-05,0.0
autocorrelations,ch,casual,subject1,t3,17.0,5.90082363922449e-05,6.086350921e-05,7.47035660848772e-06,4.458955851e-05,6.725214727e-05,0.0
autocorrelations,ch,casual,subject1,t3,18.0,3.5326904831428574e-05,3.483875308e-05,4.163656747857274e-06,2.803477742e-05,4.399378902e-05,0.0
autocorrelations,ch,casual,subject1,t3,19.0,3.774767500889795e-06,6.014876772e-06,1.69485408074999e-05,-2.764892026e-05,2.753236433e-05,0.0
autocorrelations,ch,casual,subject1,t3,20.0,-4.391786300862069e-05,-4.52182641e-05,7.700101500505498e-06,-5.425666734e-05,-2.900670186e-05,0.0
autocorrelations,ch,casual,subject1,t4,1.0,1.459476021432041e-07,1.720772507e-07,1.9259114960795162e-07,-1.93654732e-07,3.985546452e-07,0.0
autocorrelations,ch,casual,subject1,t4,2.0,-1.791729544330408e-07,-2.245118876e-07,1.0448601274625689e-07,-2.806397155e-07,6.355014147e-08,0.0
autocorrelations,ch,casual,subject1,t4,3.0,2.0693438149448979e-07,2.209299695e-07,6.177721650576512e-08,7.832597154e-08,2.782936022e-07,0.0
autocorrelations,ch,casual,subject1,t4,4.0,-2.073784405576939e-07,-2.642298352e-07,1.281947948512461e-07,-3.325826572e-07,7.184093841e-08,0.0
autocorrelations,ch,casual,subject1,t4,5.0,2.68659087774898e-08,4.402837639e-08,1.823188320444293e-07,-2.804334857e-07,2.747197178e-07,0.0
autocorrelations,ch,casual,subject1,t4,6.0,7.578917412751022e-08,1.029429011e-07,1.648064851244841e-07,-2.193662444e-07,2.769280414e-07,0.0
autocorrelations,ch,casual,subject1,t4,7.0,-1.860034856533061e-07,-2.372339019e-07,1.0883022749177804e-07,-2.901244974e-07,6.442399885e-08,0.0
autocorrelations,ch,casual,subject1,t4,8.0,2.2403770363163265e-07,2.389446215e-07,6.235888777736439e-08,7.855456213e-08,2.951432911e-07,0.0
autocorrelations,ch,casual,subject1,t4,9.0,-1.5760378928730613e-07,-2.100444688e-07,1.2549907859203357e-07,-2.814192555e-07,1.118835755e-07,0.0
autocorrelations,ch,casual,subject1,t4,10.0,5.3596460722448986e-08,6.837669369e-08,1.740659377243074e-07,-2.371460493e-07,2.909336361e-07,0.0
autocorrelations,ch,casual,subject1,t4,11.0,8.834810778841429e-08,1.1600833e-07,1.668993833353074e-07,-2.119174041e-07,2.926717393e-07,0.0
autocorrelations,ch,casual,subject1,t4,12.0,-1.88392640101898e-07,-2.325113331e-07,1.046540208985417e-07,-2.889075315e-07,5.445219603e-08,0.0
autocorrelations,ch,casual,subject1,t4,13.0,2.0777636464102042e-07,2.22403557e-07,6.10929252817091e-08,6.876596677e-08,2.780427281e-07,0.0
autocorrelations,ch,casual,subject1,t4,14.0,-1.693531842805919e-07,-2.241535254e-07,1.1926322356330572e-07,-2.856578688e-07,9.158124631e-08,0.0
autocorrelations,ch,casual,subject1,t4,15.0,6.870940737436735e-08,8.852482935e-08,1.7581064855615956e-07,-2.316464559e-07,3.013566074e-07,0.0
autocorrelations,ch,casual,subject1,t4,16.0,8.262204005110206e-08,1.081345943e-07,1.74307520916165e-07,-2.258233513e-07,3.020408555e-07,0.0
autocorrelations,ch,casual,subject1,t4,17.0,-1.953857879191429e-07,-2.446272416e-07,1.080268838493941e-07,-2.993744908e-07,5.248641115e-08,0.0
autocorrelations,ch,casual,subject1,t4,18.0,2.022461143716327e-07,2.19201579e-07,6.11576091627005e-08,6.68124758e-08,2.731822851e-07,0.0
autocorrelations,ch,casual,subject1,t4,19.0,-1.8146719222057146e-07,-2.363320721e-07,1.1891304170115178e-07,-2.972106863e-07,7.989145568e-08,0.0
autocorrelations,ch,casual,subject1,t4,20.0,-7.009849859506894e-08,-7.658104875e-08,1.1405070744316445e-07,-2.43541455e-07,1.255859759e-07,0.0
autocorrelations,ch,casual,subject2,t1,1.0,1.2167780925091838e-07,1.438000275e-07,2.1452925834520498e-07,-2.392581805e-07,4.241287631e-07,0.0
autocorrelations,ch,casual,subject2,t1,2.0,-1.7645793527102037e-07,-2.418400616e-07,1.3165578809683272e-07,-3.044713406e-07,1.097065516e-07,0.0
autocorrelations,ch,casual,subject2,t1,3.0,2.083079833161225e-07,2.269248602e-07,7.555659804980129e-08,2.042125858e-08,2.909040366e-07,0.0
autocorrelations,ch,casual,subject2,t1,4.0,-2.317391627152653e-07,-2.639505644e-07,9.634274274596228e-08,-3.282718638e-07,4.313146392e-09,0.0
autocorrelations,ch,casual,subject2,t1,5.0,1.1014491559693877e-07,1.5686441e-07,1.5738606603910685e-07,-2.031397806e-07,2.768290005e-07,0.0
autocorrelations,ch,casual,subject2,t1,6.0,-3.0911854308387754e-08,-3.988017404e-08,1.787273027873673e-07,-2.848784953e-07,2.539836271e-07,0.0
autocorrelations,ch,casual,subject2,t1,7.0,-8.711278211955102e-08,-1.166453473e-07,1.6943951039175137e-07,-2.889817028e-07,2.190176967e-07,0.0
autocorrelations,ch,casual,subject2,t1,8.0,1.830462110321225e-07,2.339777759e-07,1.1095233767044903e-07,-6.85623668e-08,2.896861684e-07,0.0
autocorrelations,ch,casual,subject2,t1,9.0,-1.935791502993877e-07,-2.10006532e-07,6.385626385160491e-08,-2.674735072e-07,-5.275258846e-08,0.0
autocorrelations,ch,casual,subject2,t1,10.0,1.869775552639592e-07,2.241762952e-07,9.360641367491057e-08,-3.854081592e-08,2.773050641e-07,0.0
autocorrelations,ch,casual,subject2,t1,11.0,-9.75891295887755e-08,-1.33987245e-07,1.5028571777037914e-07,-2.649709851e-07,1.863734213e-07,0.0
autocorrelations,ch,casual,subject2,t1,12.0,-6.493349902387756e-09,-7.979216611e-09,1.621696416602427e-07,-2.528935307e-07,2.38735357e-07,0.0
autocorrelations,ch,casual,subject2,t1,13.0,8.69506064057143e-08,1.194201047e-07,1.4396743399974533e-07,-1.82905357e-07,2.492899111e-07,0.0
autocorrelations,ch,casual,subject2,t1,14.0,-1.696076460478061e-07,-2.105400052e-07,9.623506268201924e-08,-2.626652896e-07,5.475678826e-08,0.0
autocorrelations,ch,casual,subject2,t1,15.0,1.874337059077551e-07,1.992780564e-07,5.70529210595596e-08,6.789893933e-08,2.544250312e-07,0.0
autocorrelations,ch,casual,subject2,t1,16.0,-1.584644700667143e-07,-2.033412345e-07,9.84894237507238e-08,-2.532658946e-07,6.747059753e-08,0.0
autocorrelations,ch,casual,subject2,t1,17.0,8.179743218281633e-08,1.101242285e-07,1.464777223808915e-07,-1.857278913e-07,2.513037119e-07,0.0
autocorrelations,ch,casual,subject2,t1,18.0,2.7394921247183672e-08,3.119753478e-08,1.5059998814022254e-07,-2.121414517e-07,2.449843211e-07,0.0
autocorrelations,ch,casual,subject2,t1,19.0,-1.0751982326416328e-07,-1.432651077e-07,1.2017835668860864e-07,-2.349142725e-07,1.320196677e-07,0.0
autocorrelations,ch,casual,subject2,t1,20.0,2.041382576551724e-07,2.124691951e-07,2.4198556605082123e-08,1.417451776e-07,2.284404683e-07,0.0
autocorrelations,ch,casual,subject2,t2,1.0,7.044017639855102e-07,8.491608525e-07,1.1818048744573143e-06,-1.332988948e-06,2.241341087e-06,0.0
autocorrelations,ch,casual,subject2,t2,2.0,-1.0408190464967343e-06,-1.36783782e-06,6.877929182274778e-07,-1.727060776e-06,4.414308602e-07,0.0
autocorrelations,ch,casual,subject2,t2,3.0,7.641007247953061e-07,8.772356821e-07,4.163694612320003e-07,-2.592744816e-07,1.203531677e-06,0.0
autocorrelations,ch,casual,subject2,t2,4.0,-9.533182152530612e-07,-1.028935549e-06,3.418624825892188e-07,-1.350003879e-06,-2.146464945e-07,0.0
autocorrelations,ch,casual,subject2,t2,5.0,1.1556848164075512e-06,1.351331177e-06,5.386336059327532e-07,-1.305045089e-07,1.689582519e-06,0.0
autocorrelations,ch,casual,subject2,t2,6.0,-6.735663320716326e-07,-9.044367245e-07,9.169905020150608e-07,-1.684395459e-06,1.081573224e-06,0.0
autocorrelations,ch,casual,subject2,t2,7.0,-1.5166136056836737e-07,-1.202010795e-07,9.392199082437214e-07,-1.609380801e-06,1.208953845e-06,0.0
autocorrelations,ch,casual,subject2,t2,8.0,3.6388895644612244e-07,4.799002494e-07,7.323802304920915e-07,-9.037269946e-07,1.245034841e-06,0.0
autocorrelations,ch,casual,subject2,t2,9.0,-4.065882961231224e-07,-6.27354734e-07,6.38241385669484e-07,-1.066292594e-06,8.736286364e-07,0.0
autocorrelations,ch,casual,subject2,t2,10.0,8.04742141907347e-07,1.016112046e-06,5.21108566159966e-07,-4.190551923e-07,1.308356642e-06,0.0
autocorrelations,ch,casual,subject2,t2,11.0,-1.1019909979510205e-06,-1.173461461e-06,3.237938122025063e-07,-1.478526617e-06,-4.189518109e-07,0.0
autocorrelations,ch,casual,subject2,t2,12.0,8.277093779755103e-07,1.020041874e-06,4.885877651855691e-07,-3.424329507e-07,1.300964703e-06,0.0
autocorrelations,ch,casual,subject2,t2,13.0,-4.019242549655102e-07,-6.284221381e-07,5.999341350086249e-07,-1.009058438e-06,8.26481567e-07,0.0
autocorrelations,ch,casual,subject2,t2,14.0,4.009792637359184e-07,5.271594038e-07,6.953784401764279e-07,-8.278491243e-07,1.221314668e-06,0.0
autocorrelations,ch,casual,subject2,t2,15.0,-9.896794945428569e-08,-8.662005836e-08,8.66262024178889e-07,-1.420710599e-06,1.181793564e-06,0.0
autocorrelations,ch,casual,subject2,t2,16.0,-5.813145916840816e-07,-7.68272214e-07,7.996481362692843e-07,-1.478584924e-06,9.212243207e-07,0.0
autocorrelations,ch,casual,subject2,t2,17.0,8.650356930706122e-07,1.070304255e-06,4.990840971574155e-07,-2.85032823e-07,1.353131162e-06,0.0
autocorrelations,ch,casual,subject2,t2,18.0,-7.979922651134693e-07,-8.778900435e-07,3.0310089036458226e-07,-1.143467234e-06,-9.115411786e-08,0.0
autocorrelations,ch,casual,subject2,t2,19.0,7.808177580940816e-07,8.775741189e-07,3.270906862303619e-07,-2.448750834e-08,1.138770967e-06,0.0
autocorrelations,ch,casual,subject2,t2,20.0,-4.822704234240689e-07,-5.277719267e-07,5.015594730326969e-07,-1.209642301e-06,4.02281043e-07,0.0
autocorrelations,ch,casual,subject2,t3,1.0,1.0164294975569388e-07,1.040545049e-07,1.7242192593098365e-07,-1.979404208e-07,4.07549281e-07,0.0
autocorrelations,ch,casual,subject2,t3,2.0,-1.1646820074000002e-08,-7.512721042e-09,1.5949350167866826e-07,-2.501097083e-07,2.340884294e-07,0.0
autocorrelations,ch,casual,subject2,t3,3.0,8.649647591938777e-09,-2.276080885e-09,1.6425759828660512e-07,-2.260887556e-07,2.451152889e-07,0.0
autocorrelations,ch,casual,subject2,t3,4.0,-5.6674409441224495e-08,-5.494923698e-08,1.590662815670319e-07,-3.059930017e-07,2.062574939e-07,0.0
autocorrelations,ch,casual,subject2,t3,5.0,-5.396334738008164e-08,-5.555958882e-08,1.636573009361524e-07,-3.142836345e-07,2.043292714e-07,0.0
autocorrelations,ch,casual,subject2,t3,6.0,1.5022330981428567e-09,2.495722512e-09,1.5188538314800892e-07,-2.229006981e-07,2.302340301e-07,0.0
autocorrelations,ch,casual,subject2,t3,7.0,-3.597598320671428e-08,-3.963348285e-08,1.5718166288739044e-07,-2.551682303e-07,1.970967991e-07,0.0
autocorrelations,ch,casual,subject2,t3,8.0,1.3621802004285713e-08,2.221707758e-08,1.481742092508464e-07,-2.237490454e-07,2.399956862e-07,0.0
autocorrelations,ch,casual,subject2,t3,9.0,2.057380824287756e-08,3.139244258e-08,1.5274313842987965e-07,-2.148288467e-07,2.492888003e-07,0.0
autocorrelations,ch,casual,subject2,t3,10.0,-3.32851173918367e-10,8.797925438e-09,1.4419070708758804e-07,-2.132597946e-07,2.149235274e-07,0.0
autocorrelations,ch,casual,subject2,t3,11.0,3.1315024744122455e-08,1.90472376e-08,1.4609615174506294e-07,-1.834598398e-07,2.415229155e-07,0.0
autocorrelations,ch,casual,subject2,t3,12.0,-1.3852994561714284e-08,-2.214578469e-08,1.400292186856102e-07,-2.230889479e-07,1.973390218e-07,0.0
autocorrelations,ch,casual,subject2,t3,13.0,-6.289901341020409e-09,2.160535485e-09,1.3917187902797253e-07,-2.239982361e-07,1.993572893e-07,0.0
autocorrelations,ch,casual,subject2,t3,14.0,-1.3322444520816326e-08,-2.428349886e-08,1.349613064961553e-07,-2.1334194e-07,1.863132365e-07,0.0
autocorrelations,ch,casual,subject2,t3,15.0,-2.4524020247714287e-08,-2.588768357e-08,1.3087516692004396e-07,-2.239924991e-07,1.737742258e-07,0.0
autocorrelations,ch,casual,subject2,t3,16.0,4.12024186465102e-08,4.481352392e-08,1.2910031401223765e-07,-1.517800986e-07,2.287328243e-07,0.0
autocorrelations,ch,casual,subject2,t3,17.0,1.7412962035612246e-08,2.889222454e-08,1.234644831353393e-07,-1.738432872e-07,2.16151102e-07,0.0
autocorrelations,ch,casual,subject2,t3,18.0,2.065649672138776e-08,5.438516545e-09,1.2513103496104305e-07,-1.717572936e-07,2.101598486e-07,0.0
autocorrelations,ch,casual,subject2,t3,19.0,2.9526417061877553e-08,3.518276482e-08,1.1791068872599761e-07,-1.55069655e-07,2.161908229e-07,0.0
autocorrelations,ch,casual,subject2,t3,20.0,-3.1924043583620695e-08,-3.008254334e-08,1.1683383246277383e-07,-2.097495879e-07,1.440885286e-07,0.0
autocorrelations,ch,casual,subject2,t4,1.0,1.042355400767959e-07,8.866977613e-08,3.635197802683693e-07,-5.474376769e-07,7.355818525e-07,0.0
autocorrelations,ch,casual,subject2,t4,2.0,-8.752756184081633e-08,-1.252150201e-07,3.406506255967678e-07,-6.189598959e-07,4.330293901e-07,0.0
autocorrelations,ch,casual,subject2,t4,3.0,9.359450861614288e-08,9.010337404e-08,3.499760336952889e-07,-4.404305666e-07,6.051574981e-07,0.0
autocorrelations,ch,casual,subject2,t4,4.0,-1.1798214932661225e-07,-1.116987594e-07,3.391183600563532e-07,-6.387922615e-07,4.519463201e-07,0.0
autocorrelations,ch,casual,subject2,t4,5.0,3.906713046767346e-08,4.777745546e-08,3.606638087743175e-07,-6.092274037e-07,6.20176039e-07,0.0
autocorrelations,ch,casual,subject2,t4,6.0,2.0812569305326533e-08,2.939308309e-08,3.4306090328137725e-07,-5.541920556e-07,5.817844576e-07,0.0
autocorrelations,ch,casual,subject2,t4,7.0,-1.0369399660979593e-07,-9.270477192e-08,3.549288163708189e-07,-6.442859335e-07,5.194833358e-07,0.0
autocorrelations,ch,casual,subject2,t4,8.0,1.0104724156469388e-07,1.353229591e-07,3.352479029027217e-07,-4.165324391e-07,6.157746984e-07,0.0
autocorrelations,ch,casual,subject2,t4,9.0,-9.026194408232653e-08,-6.381971512e-08,3.528387763964469e-07,-6.174082329e-07,4.845804945e-07,0.0
autocorrelations,ch,casual,subject2,t4,10.0,5.0357196598918384e-08,7.35450438e-08,3.4877985420500413e-07,-5.031623148e-07,6.109680752e-07,0.0
autocorrelations,ch,casual,subject2,t4,11.0,7.65249927142853e-10,-1.349735961e-08,3.6096058717938107e-07,-6.238969698e-07,6.111701144e-07,0.0
autocorrelations,ch,casual,subject2,t4,12.0,-7.110745588685714e-08,-6.014630093e-08,3.478986778632199e-07,-6.228527787e-07,5.216022588e-07,0.0
autocorrelations,ch,casual,subject2,t4,13.0,1.0882545933979593e-07,1.419806822e-07,3.449690935861959e-07,-3.908014894e-07,6.277049755e-07,0.0
autocorrelations,ch,casual,subject2,t4,14.0,-1.0455355858653065e-07,-1.287507873e-07,3.450780566494288e-07,-6.237499706e-07,3.932649102e-07,0.0
autocorrelations,ch,casual,subject2,t4,15.0,8.266446291422451e-08,6.04907531e-08,3.484036310579907e-07,-5.17247494e-07,6.428618745e-07,0.0
autocorrelations,ch,casual,subject2,t4,16.0,8.670870630204079e-09,2.137297361e-08,3.641355549445797e-07,-6.13619022e-07,6.439265088e-07,0.0
autocorrelations,ch,casual,subject2,t4,17.0,-6.142266893816327e-08,-9.564423946e-08,3.4971032881464e-07,-6.243145534e-07,4.987896948e-07,0.0
autocorrelations,ch,casual,subject2,t4,18.0,8.722192331432655e-08,7.181790224e-08,3.550885335709596e-07,-4.901711512e-07,6.139730547e-07,0.0
autocorrelations,ch,casual,subject2,t4,19.0,-1.0741177642436739e-07,-1.279413337e-07,3.368336974974138e-07,-6.242264354e-07,4.180148434e-07,0.0
autocorrelations,ch,casual,subject2,t4,20.0,5.734225994896551e-08,9.554174309e-08,3.488058966470048e-07,-5.340915859e-07,5.7048714e-07,0.0
autocorrelations,en,bus,subject1,t1,1.0,4.966407148857144e-08,4.846523898e-08,1.0996701561972016e-08,3.329537e-08,7.323843117e-08,0.0
autocorrelations,en,bus,subject1,t1,2.0,1.5892993684081632e-08,1.470768568e-08,9.117713485372518e-09,3.032194612e-09,3.249670858e-08,0.0
autocorrelations,en,bus,subject1,t1,3.0,-3.228467581453674e-09,-3.306812305e-09,3.262176712703342e-09,-7.792352184e-09,2.812784322e-09,0.0
autocorrelations,en,bus,subject1,t1,4.0,-8.755572751775511e-09,-8.816117203e-09,5.028346663410773e-10,-9.818020783e-09,-7.761622308e-09,0.0
autocorrelations,en,bus,subject1,t1,5.0,-1.1226296756938777e-08,-1.11003035e-08,6.605792241327013e-10,-1.240496466e-08,-1.010760102e-08,0.0
autocorrelations,en,bus,subject1,t1,6.0,-1.3506038949591836e-08,-1.340169271e-08,7.949860563373241e-10,-1.484594282e-08,-1.17020661e-08,0.0
autocorrelations,en,bus,subject1,t1,7.0,-1.4745413454285716e-08,-1.491338273e-08,6.79323688036481e-10,-1.567342176e-08,-1.333324884e-08,0.0
autocorrelations,en,bus,subject1,t1,8.0,-1.3450733589387758e-08,-1.356171684e-08,4.644362618751529e-10,-1.40876983e-08,-1.173479118e-08,0.0
autocorrelations,en,bus,subject1,t1,9.0,-9.993600282734694e-09,-9.746739535e-09,6.37379843520848e-10,-1.167122377e-08,-9.209958822e-09,0.0
autocorrelations,en,bus,subject1,t1,10.0,-8.660505682020409e-09,-8.885913035e-09,8.515721782458482e-10,-9.94787788e-09,-7.319721152e-09,0.0
autocorrelations,en,bus,subject1,t1,11.0,-8.485132398e-09,-8.464682597e-09,5.490748292705e-10,-9.277047363e-09,-7.603184951e-09,0.0
autocorrelations,en,bus,subject1,t1,12.0,-5.9417033311734694e-09,-6.81094201e-09,2.584351000201e-09,-8.546911618e-09,-6.180816327e-10,0.0
autocorrelations,en,bus,subject1,t1,13.0,6.144568363450204e-09,5.728256495e-09,3.752453744745073e-09,9.552026406e-11,1.231475047e-08,0.0
autocorrelations,en,bus,subject1,t1,14.0,1.3433537422244898e-08,1.361267765e-08,5.173194422481724e-10,1.206939739e-08,1.404077088e-08,0.0
autocorrelations,en,bus,subject1,t1,15.0,7.284628989612245e-09,7.5325552e-09,2.721673928582406e-09,3.055873581e-09,1.183599161e-08,0.0
autocorrelations,en,bus,subject1,t1,16.0,5.934424662836734e-09,6.453805013e-09,1.8758705670178992e-09,2.996777881e-09,8.154858578e-09,0.0
autocorrelations,en,bus,subject1,t1,17.0,9.9495578867551e-09,1.027091091e-08,1.118029669166999e-09,7.88259919e-09,1.124318129e-08,0.0
autocorrelations,en,bus,subject1,t1,18.0,1.3859614965102042e-08,1.401211778e-08,2.189656590863317e-09,1.070551071e-08,1.694095235e-08,0.0
autocorrelations,en,bus,subject1,t1,19.0,1.4501303335040818e-08,1.533479034e-08,2.043622185567507e-09,8.882458974e-09,1.673502952e-08,0.0
autocorrelations,en,bus,subject1,t1,20.0,2.129415170334482e-09,2.110514659e-09,3.999927828971859e-09,-4.445907505e-09,8.510444463e-09,0.0
autocorrelations,en,bus,subject1,t2,1.0,3.018778904979592e-07,3.039368102e-07,5.4829667879035286e-08,2.044454916e-07,4.065659596e-07,0.0
autocorrelations,en,bus,subject1,t2,2.0,7.831682589070002e-08,6.624388914e-08,6.470581235032375e-08,-1.051465761e-08,1.955061909e-07,0.0
autocorrelations,en,bus,subject1,t2,3.0,-5.6452129140816335e-08,-6.281151609e-08,2.025744811722881e-08,-7.741281285e-08,-1.404134169e-08,0.0
autocorrelations,en,bus,subject1,t2,4.0,-7.251900566040817e-08,-7.562753943e-08,6.141355607369612e-09,-7.865477088e-08,-5.702808677e-08,0.0
autocorrelations,en,bus,subject1,t2,5.0,-4.232818462040816e-08,-4.035676931e-08,5.824386723505094e-09,-5.612351311e-08,-3.58530623e-08,0.0
autocorrelations,en,bus,subject1,t2,6.0,-6.561382901959184e-08,-6.458725138e-08,1.9279771367879883e-08,-9.857079282e-08,-3.85780186e-08,0.0
autocorrelations,en,bus,subject1,t2,7.0,-1.2140155909734696e-07,-1.261387285e-07,9.890803297094052e-09,-1.310770835e-07,-9.982657767e-08,0.0
autocorrelations,en,bus,subject1,t2,8.0,-1.163997825122449e-07,-1.178181895e-07,7.612959099131643e-09,-1.277832245e-07,-1.00240642e-07,0.0
autocorrelations,en,bus,subject1,t2,9.0,-7.578330705204083e-08,-7.710624384e-08,1.4853731034339873e-08,-9.902908438e-08,-4.674940276e-08,0.0
autocorrelations,en,bus,subject1,t2,10.0,-1.3082676564877547e-09,-7.081059299e-10,2.457891198783515e-08,-4.355867059e-08,3.681694637e-08,0.0
autocorrelations,en,bus,subject1,t2,11.0,4.655546831469388e-08,4.800578016e-08,4.76346956619055e-09,3.65851128e-08,5.228348089e-08,0.0
autocorrelations,en,bus,subject1,t2,12.0,1.5538090162740816e-08,1.526911824e-08,1.0545342800269156e-08,-1.477781014e-09,3.488514484e-08,0.0
autocorrelations,en,bus,subject1,t2,13.0,-6.313730587816327e-09,-6.655754502e-09,2.317745678604053e-09,-9.82208814e-09,-1.74722483e-09,0.0
autocorrelations,en,bus,subject1,t2,14.0,1.0567057514918368e-08,8.196718712e-09,1.063476538965816e-08,-2.554593437e-09,3.256641537e-08,0.0
autocorrelations,en,bus,subject1,t2,15.0,5.2297859905714286e-08,5.259979621e-08,1.0326078161007116e-08,3.330666693e-08,6.922976168e-08,0.0
autocorrelations,en,bus,subject1,t2,16.0,7.422142170408165e-08,7.429587859e-08,1.8723424751656443e-09,6.993533757e-08,7.772175389e-08,0.0
autocorrelations,en,bus,subject1,t2,17.0,7.996655062428571e-08,8.024387201e-08,8.703717446709942e-10,7.726937926e-08,8.143427439e-08,0.0
autocorrelations,en,bus,subject1,t2,18.0,6.258149664510206e-08,6.559576755e-08,1.3275776407925842e-08,3.542186434e-08,8.043415426e-08,0.0
autocorrelations,en,bus,subject1,t2,19.0,3.4814454410714286e-09,7.983448264e-10,1.5788141180715377e-08,-1.808007237e-08,3.478482685e-08,0.0
autocorrelations,en,bus,subject1,t2,20.0,-2.288650759172414e-08,-2.354998548e-08,1.8939208752477343e-09,-2.500624076e-08,-1.878195275e-08,0.0
autocorrelations,en,bus,subject1,t3,1.0,5.80705720432653e-08,5.634179758e-08,1.2362219938084056e-08,3.793610806e-08,8.610310033e-08,0.0
autocorrelations,en,bus,subject1,t3,2.0,1.2954729857363674e-08,1.110297279e-08,1.3176517833673478e-08,-6.722830127e-09,3.688025634e-08,0.0
autocorrelations,en,bus,subject1,t3,3.0,-2.0682167758918373e-08,-2.155559836e-08,6.7696472393215165e-09,-3.001604231e-08,-7.293709589e-09,0.0
autocorrelations,en,bus,subject1,t3,4.0,-3.941862398918367e-08,-4.060819929e-08,4.77291099848813e-09,-4.520160465e-08,-3.024566636e-08,0.0
autocorrelations,en,bus,subject1,t3,5.0,-4.3511196520816334e-08,-4.516722274e-08,3.198823363598092e-09,-4.628510874e-08,-3.531871198e-08,0.0
autocorrelations,en,bus,subject1,t3,6.0,-1.9214344546244897e-08,-1.981614363e-08,9.872887437824345e-09,-3.465133362e-08,-1.398946934e-09,0.0
autocorrelations,en,bus,subject1,t3,7.0,1.445732799912857e-08,1.587383432e-08,7.778560273610189e-09,-6.293558011e-10,2.545635928e-08,0.0
autocorrelations,en,bus,subject1,t3,8.0,2.9813644915714293e-08,3.032259438e-08,1.5268222532641223e-09,2.595351063e-08,3.140158446e-08,0.0
autocorrelations,en,bus,subject1,t3,9.0,2.838721260897959e-08,2.892943324e-08,1.6681724008165803e-09,2.453351445e-08,3.062518447e-08,0.0
autocorrelations,en,bus,subject1,t3,10.0,1.795733570808163e-08,1.810427478e-08,4.2543520434405646e-09,9.763656636e-09,2.455879896e-08,0.0
autocorrelations,en,bus,subject1,t3,11.0,-4.707395883430613e-09,-4.309159584e-09,8.675411167250368e-09,-1.955384075e-08,9.27044109e-09,0.0
autocorrelations,en,bus,subject1,t3,12.0,-2.946812404163265e-08,-3.017335673e-08,4.934471542322208e-09,-3.576849019e-08,-2.000955622e-08,0.0
autocorrelations,en,bus,subject1,t3,13.0,-2.989113165020408e-08,-3.055841044e-08,4.762507748296515e-09,-3.602396403e-08,-2.117483992e-08,0.0
autocorrelations,en,bus,subject1,t3,14.0,-1.1426417286959185e-08,-1.137185591e-08,5.723865609495353e-09,-2.09676215e-08,-2.58235494e-09,0.0
autocorrelations,en,bus,subject1,t3,15.0,3.4096371883224487e-09,3.368017653e-09,3.515845332860551e-09,-2.727185964e-09,9.328572183e-09,0.0
autocorrelations,en,bus,subject1,t3,16.0,1.7971006547632656e-08,1.859787342e-08,4.270709108941659e-09,9.639245924e-09,2.489554843e-08,0.0
autocorrelations,en,bus,subject1,t3,17.0,2.5961730806326527e-08,2.604866812e-08,4.2210197720037046e-10,2.476422903e-08,2.659026218e-08,0.0
autocorrelations,en,bus,subject1,t3,18.0,1.926959995714286e-08,1.934803163e-08,3.5517607857180033e-09,1.232511202e-08,2.499283735e-08,0.0
autocorrelations,en,bus,subject1,t3,19.0,3.865809225031224e-09,3.901796734e-09,4.3615839673344335e-09,-3.410036404e-09,1.199048102e-08,0.0
autocorrelations,en,bus,subject1,t3,20.0,-7.642164353448276e-09,-7.728334995e-09,2.425839163673468e-09,-1.142167024e-08,-3.725290298e-09,0.0
autocorrelations,en,bus,subject1,t4,1.0,5.374036820918368e-08,4.70990652e-08,2.6056474094092523e-08,1.858451062e-08,1.052540028e-07,0.0
autocorrelations,en,bus,subject1,t4,2.0,-2.541674733904081e-09,-4.615071297e-09,8.789673714352091e-09,-1.228063257e-08,1.742735653e-08,0.0
autocorrelations,en,bus,subject1,t4,3.0,4.870339439357144e-09,5.625402448e-09,4.261311196731716e-09,-4.390863759e-09,1.008399602e-08,0.0
autocorrelations,en,bus,subject1,t4,4.0,-2.1045940468551018e-08,-2.464091618e-08,7.694161879163439e-09,-2.850182145e-08,-4.927222828e-09,0.0
autocorrelations,en,bus,subject1,t4,5.0,-1.1502491943993878e-08,-1.001558124e-08,8.156657853776836e-09,-2.622449824e-08,-2.387587285e-10,0.0
autocorrelations,en,bus,subject1,t4,6.0,-1.3958406444966124e-08,-1.262763239e-08,1.1104053602221288e-08,-3.294489033e-08,-7.975753274e-11,0.0
autocorrelations,en,bus,subject1,t4,7.0,-3.0695680238163274e-08,-3.25160825e-08,4.808500721526139e-09,-3.576456831e-08,-1.922936691e-08,0.0
autocorrelations,en,bus,subject1,t4,8.0,-1.184774981991837e-09,9.61324631e-10,6.920078580182577e-09,-1.812349133e-08,5.897394564e-09,0.0
autocorrelations,en,bus,subject1,t4,9.0,-3.361380116408163e-09,-3.530777595e-09,1.2731828237695951e-09,-5.115175342e-09,-1.39377977e-09,0.0
autocorrelations,en,bus,subject1,t4,10.0,8.495030845236735e-09,1.082396631e-08,5.8088358522175925e-09,-1.343676915e-09,1.50776019e-08,0.0
autocorrelations,en,bus,subject1,t4,11.0,-2.8927786956571434e-09,-1.015632691e-09,9.395617471196672e-09,-1.923414931e-08,1.063674101e-08,0.0
autocorrelations,en,bus,subject1,t4,12.0,-6.157445614657142e-09,-7.79369944e-09,1.1671339322946572e-08,-2.026485289e-08,1.490292967e-08,0.0
autocorrelations,en,bus,subject1,t4,13.0,2.5233929711224485e-08,2.630886441e-08,4.437569516484141e-09,1.588422391e-08,3.058676972e-08,0.0
autocorrelations,en,bus,subject1,t4,14.0,3.837304536190204e-09,2.32054354e-09,5.455843845344915e-09,-2.066294352e-09,1.683718463e-08,0.0
autocorrelations,en,bus,subject1,t4,15.0,1.13429892566e-08,1.19539465e-08,5.937668427293765e-09,4.688305912e-10,1.885859599e-08,0.0
autocorrelations,en,bus,subject1,t4,16.0,-4.544761032132653e-09,-7.02167901e-09,1.216767053209842e-08,-1.836380046e-08,1.69812295e-08,0.0
autocorrelations,en,bus,subject1,t4,17.0,-1.2981281247122449e-08,-1.625247376e-08,6.7332386501915814e-09,-1.860382733e-08,4.819969857e-09,0.0
autocorrelations,en,bus,subject1,t4,18.0,6.831656050646938e-09,7.774253361e-09,5.899014055631354e-09,-4.620966436e-09,1.429072436e-08,0.0
autocorrelations,en,bus,subject1,t4,19.0,-1.4829713930061225e-08,-1.538185933e-08,4.926494536083787e-09,-2.103694757e-08,-5.076635076e-09,0.0
autocorrelations,en,bus,subject1,t4,20.0,4.9511664329482764e-09,6.161465874e-09,1.0146498979500705e-08,-1.314659664e-08,1.966494527e-08,0.0
autocorrelations,en,bus,subject2,t1,1.0,3.92833295467347e-08,3.555488965e-08,2.43151570722388e-08,1.177500591e-08,1.782814823e-07,0.0
autocorrelations,en,bus,subject2,t1,2.0,2.3319373185918373e-08,2.36686832e-08,5.197358278678692e-09,1.31459618e-08,3.404907825e-08,0.0
autocorrelations,en,bus,subject2,t1,3.0,1.4083621804897956e-08,1.421028056e-08,3.260507127990042e-09,7.606908674e-09,2.037057865e-08,0.0
autocorrelations,en,bus,subject2,t1,4.0,1.124083566707551e-08,1.154447003e-08,8.458476589212011e-09,-5.982990061e-09,4.87353193e-08,0.0
autocorrelations,en,bus,subject2,t1,5.0,8.940636392438774e-09,8.217352944e-09,5.263271187953376e-09,-2.665549733e-09,2.793576355e-08,0.0
autocorrelations,en,bus,subject2,t1,6.0,6.333521246857142e-09,6.236408789e-09,2.884002814809438e-09,-1.00992876e-09,1.234849533e-08,0.0
autocorrelations,en,bus,subject2,t1,7.0,3.6118144215489805e-09,3.672459991e-09,3.014866056107369e-09,-4.658706461e-09,8.180854445e-09,0.0
autocorrelations,en,bus,subject2,t1,8.0,4.2056507728959164e-10,-3.847128764e-10,3.6816226632475886e-09,-7.041044103e-09,9.996986204e-09,0.0
autocorrelations,en,bus,subject2,t1,9.0,-2.421934736489796e-09,-2.434357072e-09,3.136230114686382e-09,-7.838978826e-09,6.150073706e-09,0.0
autocorrelations,en,bus,subject2,t1,10.0,-1.985737007257143e-09,-1.960563502e-09,7.436466011810004e-09,-1.744242231e-08,1.998174631e-08,0.0
autocorrelations,en,bus,subject2,t1,11.0,-1.320365582398775e-09,-1.374212794e-09,3.298381997650321e-09,-6.617190697e-09,5.661834023e-09,0.0
autocorrelations,en,bus,subject2,t1,12.0,-5.394177461934693e-09,-5.56173103e-09,3.182362871606445e-09,-1.114844192e-08,1.303764667e-09,0.0
autocorrelations,en,bus,subject2,t1,13.0,-9.665754221510205e-09,-9.599034e-09,2.7841898737579127e-09,-1.481794193e-08,-4.181192409e-09,0.0
autocorrelations,en,bus,subject2,t1,14.0,-1.1756684122683674e-08,-1.181789763e-08,4.230303862811988e-09,-1.946299733e-08,1.262672775e-10,0.0
autocorrelations,en,bus,subject2,t1,15.0,-1.0403433631020413e-08,-1.061282579e-08,4.112412765550179e-09,-1.890968717e-08,-1.813136515e-09,0.0
autocorrelations,en,bus,subject2,t1,16.0,-8.940362396224489e-09,-8.873155405e-09,2.819253971333085e-09,-1.431585401e-08,-3.660967856e-09,0.0
autocorrelations,en,bus,subject2,t1,17.0,-1.0324710141163268e-08,-1.00648382e-08,2.625900279314408e-09,-1.607070146e-08,-5.4457969e-09,0.0
autocorrelations,en,bus,subject2,t1,18.0,-1.1807964896918368e-08,-1.133677839e-08,2.700178985912316e-09,-1.724353949e-08,-7.167209459e-09,0.0
autocorrelations,en,bus,subject2,t1,19.0,-1.0801558358387756e-08,-1.005754138e-08,3.026080495680633e-09,-1.866201252e-08,-5.482176035e-09,0.0
autocorrelations,en,bus,subject2,t1,20.0,-9.724730083793104e-09,-9.953766362e-09,3.451328154735813e-09,-1.596689452e-08,-2.340580037e-09,0.0
autocorrelations,en,bus,subject2,t2,1.0,1.83789452744898e-07,1.822075527e-07,9.840456896043014e-09,1.676442198e-07,2.009192858e-07,0.0
autocorrelations,en,bus,subject2,t2,2.0,1.375544857367347e-07,1.366404361e-07,1.748657381484297e-08,1.09110719e-07,1.667407197e-07,0.0
autocorrelations,en,bus,subject2,t2,3.0,7.970680127591838e-08,7.932478791e-08,1.653874132593313e-08,5.3178234e-08,1.079805241e-07,0.0
autocorrelations,en,bus,subject2,t2,4.0,2.988649914142857e-08,2.889851915e-08,1.2558505660649397e-08,1.019683408e-08,5.224707996e-08,0.0
autocorrelations,en,bus,subject2,t2,5.0,-9.809599529673473e-09,-1.064537009e-08,1.0992705233169984e-08,-2.692501849e-08,9.452108378e-09,0.0
autocorrelations,en,bus,subject2,t2,6.0,-4.403949564755102e-08,-4.381956446e-08,1.0037461624505412e-08,-6.028579847e-08,-2.752391344e-08,0.0
autocorrelations,en,bus,subject2,t2,7.0,-7.145740430163265e-08,-7.12992374e-08,6.594334238257409e-09,-8.133528477e-08,-6.073499602e-08,0.0
autocorrelations,en,bus,subject2,t2,8.0,-8.221374028857145e-08,-8.220761286e-08,5.010130580386566e-10,-8.293943649e-08,-8.142823219e-08,0.0
autocorrelations,en,bus,subject2,t2,9.0,-7.606347263816328e-08,-7.574456753e-08,3.586203882342948e-09,-8.207646267e-08,-7.030348961e-08,0.0
autocorrelations,en,bus,subject2,t2,10.0,-6.163533199857142e-08,-6.089895921e-08,4.841748062838954e-09,-7.008037615e-08,-5.410437678e-08,0.0
autocorrelations,en,bus,subject2,t2,11.0,-4.133978017836735e-08,-4.113893076e-08,7.300303816206985e-09,-5.368514601e-08,-2.90550048e-08,0.0
autocorrelations,en,bus,subject2,t2,12.0,-1.1073661320330612e-08,-1.10747507e-08,1.0810749085963256e-08,-2.850858162e-08,7.584825793e-09,0.0
autocorrelations,en,bus,subject2,t2,13.0,3.0018683796999995e-08,2.982232659e-08,1.3174599254231472e-08,8.400374012e-09,5.192793375e-08,0.0
autocorrelations,en,bus,subject2,t2,14.0,7.099976944244898e-08,7.177714539e-08,1.0102184320588081e-08,5.273333221e-08,8.649548126e-08,0.0
autocorrelations,en,bus,subject2,t2,15.0,9.432028935265305e-08,9.557509799e-08,3.240741922240766e-09,8.696645289e-08,9.747692023e-08,0.0
autocorrelations,en,bus,subject2,t2,16.0,9.199368488755102e-08,9.297907678e-08,4.435116401124361e-09,8.27222662e-08,9.743849663e-08,0.0
autocorrelations,en,bus,subject2,t2,17.0,6.596308298795919e-08,6.587908099e-08,9.905820816016464e-09,4.880238598e-08,8.21793957e-08,0.0
autocorrelations,en,bus,subject2,t2,18.0,2.414027656689796e-08,2.337732041e-08,1.4037701680890056e-08,1.96998483e-09,4.796917158e-08,0.0
autocorrelations,en,bus,subject2,t2,19.0,-2.5825283888206132e-08,-2.662733639e-08,1.6155602565085174e-08,-5.132332444e-08,1.112637529e-09,0.0
autocorrelations,en,bus,subject2,t2,20.0,-6.661734333793104e-08,-6.63134751e-08,8.991836386215547e-09,-8.186643431e-08,-5.223918094e-08,0.0
autocorrelations,en,bus,subject2,t3,1.0,1.195972339236735e-07,1.202989205e-07,1.174849991539408e-08,9.866865331e-08,1.382783191e-07,0.0
autocorrelations,en,bus,subject2,t3,2.0,6.893612952122448e-08,7.042044924e-08,1.851497282979456e-08,3.633278227e-08,9.775002631e-08,0.0
autocorrelations,en,bus,subject2,t3,3.0,3.428785065366122e-09,2.524090543e-09,1.7986853744135468e-08,-2.523157256e-08,3.496288786e-08,0.0
autocorrelations,en,bus,subject2,t3,4.0,-4.610932500408162e-08,-4.73204156e-08,1.0251867686948078e-08,-6.115786714e-08,-2.62787257e-08,0.0
autocorrelations,en,bus,subject2,t3,5.0,-6.191675018489795e-08,-6.28229381e-08,2.4061249791051686e-09,-6.427442224e-08,-5.589400954e-08,0.0
autocorrelations,en,bus,subject2,t3,6.0,-3.912007243755104e-08,-4.055548684e-08,1.0980549633518672e-08,-5.536862765e-08,-1.884848226e-08,0.0
autocorrelations,en,bus,subject2,t3,7.0,5.8907833624346935e-09,5.871661738e-09,1.4157324179657908e-08,-1.78920005e-08,2.972689696e-08,0.0
autocorrelations,en,bus,subject2,t3,8.0,4.855285968877551e-08,4.980049239e-08,9.083176953619476e-09,3.070050862e-08,6.206275488e-08,0.0
autocorrelations,en,bus,subject2,t3,9.0,6.655494207163265e-08,6.691426752e-08,1.5705772440461094e-09,6.251180375e-08,6.829720843e-08,0.0
autocorrelations,en,bus,subject2,t3,10.0,4.953970110653061e-08,5.126155774e-08,1.0362512093436605e-08,2.957714563e-08,6.401376565e-08,0.0
autocorrelations,en,bus,subject2,t3,11.0,2.1380365587312242e-09,2.214288306e-09,1.5822710243141253e-08,-2.455849481e-08,2.860285775e-08,0.0
autocorrelations,en,bus,subject2,t3,12.0,-4.7012817043673466e-08,-4.822930998e-08,1.1523973677251024e-08,-6.403477253e-08,-2.557553051e-08,0.0
autocorrelations,en,bus,subject2,t3,13.0,-7.111654889285714e-08,-7.231591194e-08,2.838230795767782e-09,-7.384529339e-08,-6.446855516e-08,0.0
autocorrelations,en,bus,subject2,t3,14.0,-6.076660772469388e-08,-6.245813142e-08,8.871054775312723e-09,-7.282509024e-08,-4.31835632e-08,0.0
autocorrelations,en,bus,subject2,t3,15.0,-1.7472890050138774e-08,-1.835973687e-08,1.5365495961380186e-08,-4.22804487e-08,9.173167391e-09,0.0
autocorrelations,en,bus,subject2,t3,16.0,3.3171236771836746e-08,3.380980125e-08,1.2653059317027208e-08,1.028563359e-08,5.338328127e-08,0.0
autocorrelations,en,bus,subject2,t3,17.0,6.602275395408163e-08,6.78748466e-08,5.234080101414537e-09,5.414706608e-08,7.141825397e-08,0.0
autocorrelations,en,bus,subject2,t3,18.0,6.484688766530613e-08,6.632140213e-08,5.880063417388536e-09,5.218903419e-08,7.141864443e-08,0.0
autocorrelations,en,bus,subject2,t3,19.0,2.994452907744898e-08,3.071511442e-08,1.3552707913711677e-08,5.77643586e-09,5.146250138e-08,0.0
autocorrelations,en,bus,subject2,t3,20.0,-8.810243216241381e-09,-9.205470325e-09,7.768385708106045e-09,-2.138570095e-08,4.711169879e-09,0.0
autocorrelations,en,bus,subject2,t4,1.0,2.17511110544898e-07,2.180295682e-07,1.568156810552323e-08,1.904059518e-07,2.421388388e-07,0.0
autocorrelations,en,bus,subject2,t4,2.0,1.83343225889796e-07,1.827144984e-07,2.553608011252328e-09,1.801866105e-07,1.892458679e-07,0.0
autocorrelations,en,bus,subject2,t4,3.0,1.777588438755102e-07,1.824736829e-07,1.1899928484176876e-08,1.516172649e-07,1.895931511e-07,0.0
autocorrelations,en,bus,subject2,t4,4.0,1.284930258244898e-07,1.240353102e-07,9.319955933509481e-09,1.198901468e-07,1.504235432e-07,0.0
autocorrelations,en,bus,subject2,t4,5.0,1.265135080510204e-07,1.275685537e-07,3.406770061259182e-09,1.174669985e-07,1.304001757e-07,0.0
autocorrelations,en,bus,subject2,t4,6.0,8.653561650836736e-08,8.441363937e-08,1.6809394157945693e-08,6.390489922e-08,1.161216909e-07,0.0
autocorrelations,en,bus,subject2,t4,7.0,6.818787982979593e-08,6.830066824e-08,4.326812980991677e-09,6.25267385e-08,7.391250232e-08,0.0
autocorrelations,en,bus,subject2,t4,8.0,4.893833701428572e-08,5.190671816e-08,1.7392744127304274e-08,1.693883388e-08,7.242511232e-08,0.0
autocorrelations,en,bus,subject2,t4,9.0,5.302176182514285e-09,4.37143456e-09,3.871925489556146e-09,8.428556668e-10,1.596008317e-08,0.0
autocorrelations,en,bus,subject2,t4,10.0,6.192646935483673e-09,1.026250745e-08,7.553187149840314e-09,-1.232684272e-08,1.303559388e-08,0.0
autocorrelations,en,bus,subject2,t4,11.0,-3.56125737979592e-08,-4.004770294e-08,9.636470959915966e-09,-4.461943843e-08,-1.372949368e-08,0.0
autocorrelations,en,bus,subject2,t4,12.0,-3.0028804195306125e-08,-2.804194763e-08,5.338026257284007e-09,-4.152966025e-08,-2.44334306e-08,0.0
autocorrelations,en,bus,subject2,t4,13.0,-5.3595359452857136e-08,-5.473634419e-08,1.4411989855324705e-08,-7.43512961e-08,-2.943180791e-08,0.0
autocorrelations,en,bus,subject2,t4,14.0,-6.741948670816326e-08,-6.828943797e-08,6.979558119261938e-09,-7.591766804e-08,-5.620560473e-08,0.0
autocorrelations,en,bus,subject2,t4,15.0,-6.97833866255102e-08,-6.64355546e-08,1.3054764099494302e-08,-9.53211325e-08,-5.509491148e-08,0.0
autocorrelations,en,bus,subject2,t4,16.0,-1.0631615618653061e-07,-1.072580497e-07,4.383944918595159e-09,-1.115383039e-07,-9.597961251e-08,0.0
autocorrelations,en,bus,subject2,t4,17.0,-9.189336650877553e-08,-9.083160701e-08,3.9662888995099484e-09,-1.007958938e-07,-8.725862629e-08,0.0
autocorrelations,en,bus,subject2,t4,18.0,-1.2345842875102042e-07,-1.268004285e-07,1.0256717893261902e-08,-1.339615176e-07,-1.021935316e-07,0.0
autocorrelations,en,bus,subject2,t4,19.0,-1.177153343877551e-07,-1.153075666e-07,7.476038215426532e-09,-1.316643236e-07,-1.095721482e-07,0.0
autocorrelations,en,bus,subject2,t4,20.0,-1.225090313275862e-07,-1.212328908e-07,7.855606732045632e-09,-1.368151475e-07,-1.113636382e-07,0.0
autocorrelations,en,casual,subject1,t1,1.0,1.0054861475367347e-05,1.022021561e-05,3.3955686869123064e-06,3.760314337e-06,1.641627188e-05,0.0
autocorrelations,en,casual,subject1,t1,2.0,-9.28892482763061e-07,-1.254231714e-06,3.7741214943904816e-06,-7.388806034e-06,5.819197342e-06,0.0
autocorrelations,en,casual,subject1,t1,3.0,-8.64590185532653e-06,-8.560348301e-06,1.4132549653355298e-06,-1.101491371e-05,-5.297055533e-06,0.0
autocorrelations,en,casual,subject1,t1,4.0,-6.346772907734693e-06,-6.48878024e-06,2.4962551569584903e-06,-1.074553276e-05,-1.533033541e-06,0.0
autocorrelations,en,casual,subject1,t1,5.0,8.221946769612245e-07,7.250225648e-07,2.143208110340788e-06,-3.759303704e-06,5.250439716e-06,0.0
autocorrelations,en,casual,subject1,t1,6.0,5.21936952989796e-06,5.090012445e-06,1.309478598003036e-06,2.685144216e-06,7.327917446e-06,0.0
autocorrelations,en,casual,subject1,t1,7.0,4.494816436816326e-06,4.527945435e-06,1.5207552710591188e-06,1.158746408e-06,7.194324245e-06,0.0
autocorrelations,en,casual,subject1,t1,8.0,-9.491591608653061e-08,-7.368700065e-08,2.0559254726660548e-06,-3.956113978e-06,3.868345165e-06,0.0
autocorrelations,en,casual,subject1,t1,9.0,-4.592897605204082e-06,-4.681615074e-06,1.4951966762754252e-06,-7.281642398e-06,-1.370630139e-06,0.0
autocorrelations,en,casual,subject1,t1,10.0,-4.361709449114285e-06,-4.385361891e-06,1.6874077438546469e-06,-7.204483743e-06,-7.287804236e-07,0.0
autocorrelations,en,casual,subject1,t1,11.0,1.0369701639578817e-06,1.077447736e-06,2.064314751313546e-06,-3.197769779e-06,5.285371617e-06,0.0
autocorrelations,en,casual,subject1,t1,12.0,4.81972028855102e-06,4.807751723e-06,1.2117404347607295e-06,2.848512401e-06,6.699778317e-06,0.0
autocorrelations,en,casual,subject1,t1,13.0,2.5965287386851017e-06,2.554975972e-06,1.7716168432890164e-06,-1.12782001e-06,5.894512542e-06,0.0
autocorrelations,en,casual,subject1,t1,14.0,-1.885568229312041e-06,-1.851008665e-06,1.4525352095770048e-06,-4.511981893e-06,1.258316375e-06,0.0
autocorrelations,en,casual,subject1,t1,15.0,-2.879325492389796e-06,-2.779699194e-06,1.1798277439410403e-06,-4.734731384e-06,-9.243090661e-07,0.0
autocorrelations,en,casual,subject1,t1,16.0,-1.415444162693878e-06,-1.535343847e-06,1.3174813616073577e-06,-3.909664439e-06,1.154853896e-06,0.0
autocorrelations,en,casual,subject1,t1,17.0,1.213704213200102e-06,1.148894053e-06,1.4296273841164351e-06,-1.59078928e-06,3.697404771e-06,0.0
autocorrelations,en,casual,subject1,t1,18.0,1.963316972091836e-06,1.835428528e-06,1.2014706688784322e-06,1.441162898e-07,3.821209714e-06,0.0
autocorrelations,en,casual,subject1,t1,19.0,1.2067892833932651e-06,1.225436387e-06,1.2056124236843402e-06,-9.299802684e-07,3.312825785e-06,0.0
autocorrelations,en,casual,subject1,t1,20.0,-1.0734351002931037e-07,-2.787904086e-07,1.2381045313794924e-06,-2.230226664e-06,1.974798833e-06,0.0
autocorrelations,en,casual,subject1,t2,1.0,1.4678308849726533e-07,1.285985892e-07,1.952251484930701e-07,-2.611199341e-07,5.201357029e-07,0.0
autocorrelations,en,casual,subject1,t2,2.0,-1.5156925565377552e-07,-1.530527181e-07,1.4387342042419322e-07,-3.922393346e-07,9.957032427e-08,0.0
autocorrelations,en,casual,subject1,t2,3.0,7.702336287428572e-08,7.865325355e-08,1.5484870256526626e-07,-2.433485278e-07,3.261955822e-07,0.0
autocorrelations,en,casual,subject1,t2,4.0,-1.7336316393916324e-08,8.217362114e-09,1.5428185129537388e-07,-2.936447956e-07,2.746612135e-07,0.0
autocorrelations,en,casual,subject1,t2,5.0,-5.284306535885306e-08,-3.946267931e-08,1.503733021927405e-07,-3.055071888e-07,2.056674091e-07,0.0
autocorrelations,en,casual,subject1,t2,6.0,1.1452313987081634e-08,3.024255402e-08,1.3851733663053728e-07,-2.081434727e-07,2.309255538e-07,0.0
autocorrelations,en,casual,subject1,t2,7.0,-4.0984548244602046e-08,-4.181039459e-08,1.446944840820971e-07,-2.472150937e-07,1.975525455e-07,0.0
autocorrelations,en,casual,subject1,t2,8.0,4.740226786479592e-08,3.912624576e-08,1.3894051512423198e-07,-1.77863571e-07,2.572632995e-07,0.0
autocorrelations,en,casual,subject1,t2,9.0,7.423202743142856e-09,6.505624755e-09,1.4601793065511504e-07,-2.244299776e-07,2.462088409e-07,0.0
autocorrelations,en,casual,subject1,t2,10.0,-1.8813084284102042e-08,-2.597060134e-08,1.4056972306701208e-07,-2.27961402e-07,1.917000364e-07,0.0
autocorrelations,en,casual,subject1,t2,11.0,1.8170275887118373e-08,1.690329767e-08,1.430560418590485e-07,-1.825487367e-07,2.25856503e-07,0.0
autocorrelations,en,casual,subject1,t2,12.0,2.2812393684220412e-08,2.914440358e-08,1.4239876054029556e-07,-2.033651967e-07,2.323494384e-07,0.0
autocorrelations,en,casual,subject1,t2,13.0,-6.358429134728572e-08,-7.156218526e-08,1.439980836010572e-07,-2.872169786e-07,1.713735345e-07,0.0
autocorrelations,en,casual,subject1,t2,14.0,-1.3577072157714288e-08,4.164132212e-09,1.5579556378202825e-07,-2.935668353e-07,2.796916837e-07,0.0
autocorrelations,en,casual,subject1,t2,15.0,7.937835022132654e-08,9.681846811e-08,1.469056360725262e-07,-1.813827446e-07,3.144351972e-07,0.0
autocorrelations,en,casual,subject1,t2,16.0,-1.0195243158248981e-07,-1.020614946e-07,1.515447088025708e-07,-3.408592141e-07,1.852442986e-07,0.0
autocorrelations,en,casual,subject1,t2,17.0,2.4079146145265304e-08,9.511250911e-09,1.5911641112331065e-07,-2.754673852e-07,3.063987979e-07,0.0
autocorrelations,en,casual,subject1,t2,18.0,5.808107035836736e-08,3.731625665e-08,1.555710365355088e-07,-2.261873993e-07,3.238003823e-07,0.0
autocorrelations,en,casual,subject1,t2,19.0,-3.989912727734695e-08,-4.933761461e-08,1.4100635786235385e-07,-2.644647901e-07,1.8574407e-07,0.0
autocorrelations,en,casual,subject1,t2,20.0,5.6060828370344834e-08,6.53472753e-08,1.4511516772733068e-07,-1.745449712e-07,2.580459667e-07,0.0
autocorrelations,en,casual,subject1,t3,1.0,5.445994810163265e-07,6.311748199e-07,5.851781930797536e-07,-5.09947322e-07,1.292849774e-06,0.0
autocorrelations,en,casual,subject1,t3,2.0,-6.36998878287347e-07,-7.059952983e-07,2.3744588284490882e-07,-8.787823283e-07,-5.115640245e-08,0.0
autocorrelations,en,casual,subject1,t3,3.0,5.709202294703062e-07,6.521980595e-07,2.307249747323957e-07,-6.322178915e-09,7.977566415e-07,0.0
autocorrelations,en,casual,subject1,t3,4.0,-2.686039805863266e-07,-3.47790535e-07,4.19720244852193e-07,-7.777012597e-07,5.105072815e-07,0.0
autocorrelations,en,casual,subject1,t3,5.0,-2.775213128029592e-07,-3.124015837e-07,3.680575407545978e-07,-7.746607263e-07,3.481641922e-07,0.0
autocorrelations,en,casual,subject1,t3,6.0,2.994597200595919e-07,3.835821968e-07,1.9094300818503225e-07,-1.343464326e-07,4.857099434e-07,0.0
autocorrelations,en,casual,subject1,t3,7.0,-4.575972953265306e-07,-4.959229092e-07,1.1235128215417637e-07,-5.725730416e-07,-1.643422645e-07,0.0
autocorrelations,en,casual,subject1,t3,8.0,-2.1903900962122454e-08,2.025568825e-08,1.841120072649015e-07,-3.813624897e-07,1.934540126e-07,0.0
autocorrelations,en,casual,subject1,t3,9.0,1.1154582258224489e-07,1.06444392e-07,5.299428368247585e-08,4.282695722e-08,1.934809441e-07,0.0
autocorrelations,en,casual,subject1,t3,10.0,4.60763341297143e-08,5.020387342e-08,1.6106991834755165e-08,-2.838254694e-09,6.253583065e-08,0.0
autocorrelations,en,casual,subject1,t3,11.0,-7.712464930591837e-08,-8.403738837e-08,3.4721426142197496e-08,-1.190666115e-07,-5.16419448e-09,0.0
autocorrelations,en,casual,subject1,t3,12.0,2.735129730989388e-07,3.112692378e-07,1.467218356156121e-07,-6.884705416e-09,4.363497971e-07,0.0
autocorrelations,en,casual,subject1,t3,13.0,1.4720427128367348e-08,3.312154893e-08,2.800052755425727e-07,-4.477409322e-07,4.167263887e-07,0.0
autocorrelations,en,casual,subject1,t3,14.0,-2.559075919969388e-07,-3.611112716e-07,2.63542426815992e-07,-5.133722274e-07,3.170475527e-07,0.0
autocorrelations,en,casual,subject1,t3,15.0,6.197083340265306e-07,6.57902432e-07,1.407558139510825e-07,3.197732479e-07,7.825307002e-07,0.0
autocorrelations,en,casual,subject1,t3,16.0,-5.076723885169387e-07,-6.290225497e-07,3.912796204076957e-07,-9.186562173e-07,2.861313916e-07,0.0
autocorrelations,en,casual,subject1,t3,17.0,-8.073300239322449e-08,-8.832493457e-08,5.171147688391594e-07,-8.636574443e-07,7.305659951e-07,0.0
autocorrelations,en,casual,subject1,t3,18.0,4.236328947334286e-07,5.588183454e-07,3.860526813509209e-07,-3.814049926e-07,8.160702886e-07,0.0
autocorrelations,en,casual,subject1,t3,19.0,-7.188342092816327e-07,-7.684704011e-07,1.723873784808409e-07,-9.161935443e-07,-3.271981669e-07,0.0
autocorrelations,en,casual,subject1,t3,20.0,2.923607810900001e-07,3.204363291e-07,3.281925728745962e-07,-2.863014136e-07,7.789098531e-07,0.0
autocorrelations,en,casual,subject1,t4,1.0,3.612430028246938e-07,4.129947617e-07,3.872631971208671e-07,-3.251711201e-07,8.632512375e-07,0.0
autocorrelations,en,casual,subject1,t4,2.0,-3.8318458554557146e-07,-4.349954896e-07,1.5611454653337285e-07,-5.407418186e-07,-6.149342953e-09,0.0
autocorrelations,en,casual,subject1,t4,3.0,2.6921547098428575e-07,2.992430022e-07,1.0328945406431345e-07,1.861555767e-08,3.850724073e-07,0.0
autocorrelations,en,casual,subject1,t4,4.0,-3.108576987330204e-07,-3.945630878e-07,1.9015627885856906e-07,-4.968277067e-07,1.02263542e-07,0.0
autocorrelations,en,casual,subject1,t4,5.0,5.1374958454693895e-09,3.789445816e-08,2.4513942413372534e-07,-4.203651071e-07,3.189743023e-07,0.0
autocorrelations,en,casual,subject1,t4,6.0,1.0248868967183676e-08,3.167997229e-08,2.310290328160061e-07,-3.716679646e-07,3.185941052e-07,0.0
autocorrelations,en,casual,subject1,t4,7.0,-1.7931768728700006e-07,-2.553737616e-07,2.2565048948067485e-07,-4.102880639e-07,2.844814427e-07,0.0
autocorrelations,en,casual,subject1,t4,8.0,4.440741680612245e-07,4.693196184e-07,1.058845695111096e-07,1.828182623e-07,5.615648332e-07,0.0
autocorrelations,en,casual,subject1,t4,9.0,-2.778714606329592e-07,-3.741286783e-07,1.918772754305083e-07,-4.601815659e-07,1.579356598e-07,0.0
autocorrelations,en,casual,subject1,t4,10.0,1.0743476062963265e-07,1.423441157e-07,2.7264290729407935e-07,-3.648987653e-07,4.593526624e-07,0.0
autocorrelations,en,casual,subject1,t4,11.0,1.3349249463024493e-07,1.632491569e-07,2.5033929080800185e-07,-2.992268195e-07,4.596478822e-07,0.0
autocorrelations,en,casual,subject1,t4,12.0,-2.494105576577143e-07,-3.118260758e-07,1.4240618766924425e-07,-3.893892782e-07,6.432403847e-08,0.0
autocorrelations,en,casual,subject1,t4,13.0,1.655912589141837e-07,1.895330052e-07,8.659135247103304e-08,-5.164031587e-08,2.593138933e-07,0.0
autocorrelations,en,casual,subject1,t4,14.0,-3.172746387165306e-07,-3.479880286e-07,1.004038394280308e-07,-4.242368071e-07,-7.02688811e-08,0.0
autocorrelations,en,casual,subject1,t4,15.0,2.360363826997347e-07,2.989201627e-07,2.3498908207052922e-07,-2.226954363e-07,4.908882102e-07,0.0
autocorrelations,en,casual,subject1,t4,16.0,1.9261168879679586e-08,2.558544311e-08,2.985967508483249e-07,-4.449869463e-07,4.661655532e-07,0.0
autocorrelations,en,casual,subject1,t4,17.0,-2.092227976715776e-07,-2.875512107e-07,2.565520179696849e-07,-4.779624579e-07,3.110500045e-07,0.0
autocorrelations,en,casual,subject1,t4,18.0,4.917364009163266e-07,5.200481103e-07,1.1527511284409197e-07,2.118964418e-07,6.209159475e-07,0.0
autocorrelations,en,casual,subject1,t4,19.0,-2.941458872317755e-07,-3.914994058e-07,2.155113147279804e-07,-5.011376943e-07,1.852219471e-07,0.0
autocorrelations,en,casual,subject1,t4,20.0,-1.5359408010375864e-07,-1.604169916e-07,1.725546709677406e-07,-4.204301586e-07,1.365826624e-07,0.0
autocorrelations,en,casual,subject2,t1,1.0,5.167493611156122e-07,5.652279776e-07,1.299055699359228e-06,-1.729191837e-06,2.600773975e-06,0.0
autocorrelations,en,casual,subject2,t1,2.0,-1.0674986276e-06,-1.366516197e-06,9.053029331674788e-07,-1.95046414e-06,8.467850997e-07,0.0
autocorrelations,en,casual,subject2,t1,3.0,1.292718930065102e-06,1.42593882e-06,4.902440494142621e-07,1.500541969e-08,1.812566235e-06,0.0
autocorrelations,en,casual,subject2,t1,4.0,-1.2603295734818369e-06,-1.411444071e-06,4.809666935329118e-07,-1.802638489e-06,-7.855995141e-08,0.0
autocorrelations,en,casual,subject2,t1,5.0,8.524118051667348e-07,1.124253773e-06,8.096684677714535e-07,-8.222131992e-07,1.665663892e-06,0.0
autocorrelations,en,casual,subject2,t1,6.0,-2.957457334857143e-07,-3.315882457e-07,1.0178764193682236e-06,-1.683393031e-06,1.411753145e-06,0.0
autocorrelations,en,casual,subject2,t1,7.0,-3.366829244091837e-07,-5.026966323e-07,1.012590705370099e-06,-1.664118634e-06,1.427176011e-06,0.0
autocorrelations,en,casual,subject2,t1,8.0,8.824491733939999e-07,1.178620757e-06,7.701655476586227e-07,-7.283316414e-07,1.637759014e-06,0.0
autocorrelations,en,casual,subject2,t1,9.0,-1.1600816750020408e-06,-1.267752426e-06,4.186934676590929e-07,-1.619017237e-06,-1.079934743e-07,0.0
autocorrelations,en,casual,subject2,t1,10.0,1.095449974995306e-06,1.232414395e-06,4.532779011658593e-07,-3.111566028e-08,1.561625683e-06,0.0
autocorrelations,en,casual,subject2,t1,11.0,-7.991290758030408e-07,-1.077824005e-06,7.795288326443303e-07,-1.614522058e-06,7.939334795e-07,0.0
autocorrelations,en,casual,subject2,t1,12.0,2.335408420171429e-07,3.142559763e-07,1.006048790986652e-06,-1.401743421e-06,1.620910018e-06,0.0
autocorrelations,en,casual,subject2,t1,13.0,4.1563556970020413e-07,5.861563713e-07,9.764452925904242e-07,-1.314651949e-06,1.634335955e-06,0.0
autocorrelations,en,casual,subject2,t1,14.0,-9.16743246095306e-07,-1.251587285e-06,7.105019151481097e-07,-1.615820885e-06,6.305268838e-07,0.0
autocorrelations,en,casual,subject2,t1,15.0,1.1921345253734693e-06,1.26526218e-06,3.771055950844997e-07,2.706582363e-07,1.619694452e-06,0.0
autocorrelations,en,casual,subject2,t1,16.0,-1.036884192600612e-06,-1.249034349e-06,5.145959493259965e-07,-1.515350504e-06,1.946830753e-07,0.0
autocorrelations,en,casual,subject2,t1,17.0,5.701718517026531e-07,7.879198949e-07,7.914742703215975e-07,-9.449895479e-07,1.445094772e-06,0.0
autocorrelations,en,casual,subject2,t1,18.0,2.961483433693877e-08,3.514296016e-08,8.848256762869411e-07,-1.315223531e-06,1.355914109e-06,0.0
autocorrelations,en,casual,subject2,t1,19.0,-6.011245373640817e-07,-8.157687381e-07,7.523156223098054e-07,-1.438683878e-06,8.544193951e-07,0.0
autocorrelations,en,casual,subject2,t1,20.0,1.2624467167965515e-06,1.322204422e-06,1.357189069872383e-07,9.060512124e-07,1.384980444e-06,0.0
autocorrelations,en,casual,subject2,t2,1.0,7.260572187637756e-07,7.796521303e-07,4.1776120697386674e-07,-3.568110015e-09,1.274045984e-06,0.0
autocorrelations,en,casual,subject2,t2,2.0,-6.1968654001428625e-09,-6.630883377e-08,1.714461119354032e-07,-1.820079952e-07,3.707131191e-07,0.0
autocorrelations,en,casual,subject2,t2,3.0,3.0635716151461224e-07,4.053230353e-07,2.2734108362689605e-07,-2.329505109e-07,5.190253954e-07,0.0
autocorrelations,en,casual,subject2,t2,4.0,-6.752785018795918e-07,-7.187801026e-07,1.5910854225940197e-07,-8.408928642e-07,-2.666708989e-07,0.0
autocorrelations,en,casual,subject2,t2,5.0,-4.473310597436736e-08,6.525378723e-08,2.2498627283106585e-07,-5.394228848e-07,1.731736018e-07,0.0
autocorrelations,en,casual,subject2,t2,6.0,-4.441137063564695e-07,-5.124477598e-07,2.683806274860447e-07,-7.39577021e-07,5.842019874e-08,0.0
autocorrelations,en,casual,subject2,t2,7.0,-1.0917059558591834e-07,-1.143704433e-07,3.9378101604164914e-07,-7.030377607e-07,5.02325063e-07,0.0
autocorrelations,en,casual,subject2,t2,8.0,2.848072065589184e-07,3.581732585e-07,2.525047314355738e-07,-2.022376793e-07,5.545294313e-07,0.0
autocorrelations,en,casual,subject2,t2,9.0,-1.4879009844591836e-07,-2.363025517e-07,1.9420902842894938e-07,-3.374812105e-07,2.902729539e-07,0.0
autocorrelations,en,casual,subject2,t2,10.0,4.409767990359184e-07,4.774780177e-07,1.3527498962025492e-07,9.876815246e-08,5.867626345e-07,0.0
autocorrelations,en,casual,subject2,t2,11.0,-3.9209104109891844e-07,-4.713328225e-07,1.914435438356575e-07,-5.737504503e-07,6.871388711e-08,0.0
autocorrelations,en,casual,subject2,t2,12.0,1.3286459564081629e-08,9.612449117e-08,2.0470410943480306e-07,-4.10799153e-07,2.196695097e-07,0.0
autocorrelations,en,casual,subject2,t2,13.0,-3.566909199108368e-07,-4.009339236e-07,2.835339752103854e-07,-7.021418838e-07,1.389231685e-07,0.0
autocorrelations,en,casual,subject2,t2,14.0,-2.093992733401021e-07,-2.344887534e-07,3.4889805657881986e-07,-6.951339795e-07,3.646588449e-07,0.0
autocorrelations,en,casual,subject2,t2,15.0,2.3564238423977558e-07,3.132445414e-07,2.020848993897657e-07,-1.725189175e-07,4.42570433e-07,0.0
autocorrelations,en,casual,subject2,t2,16.0,-1.015353371012245e-07,-1.989039915e-07,2.072078623309123e-07,-2.986318473e-07,3.758110319e-07,0.0
autocorrelations,en,casual,subject2,t2,17.0,6.642969913224491e-07,6.940326302e-07,1.1835885765142483e-07,4.03623284e-07,8.010095211e-07,0.0
autocorrelations,en,casual,subject2,t2,18.0,-6.3785958590816364e-09,-8.798801254e-08,1.8594871121061146e-07,-1.854390406e-07,4.276374079e-07,0.0
autocorrelations,en,casual,subject2,t2,19.0,4.054787954678939e-07,4.870721398e-07,2.196225199560055e-07,-3.778321964e-08,6.312760831e-07,0.0
autocorrelations,en,casual,subject2,t2,20.0,2.197172432762415e-07,2.3833354e-07,2.270998781859671e-07,-1.802830526e-07,5.542317732e-07,0.0
autocorrelations,en,casual,subject2,t3,1.0,1.0553887663677552e-06,1.376306395e-06,2.4885157204363395e-06,-3.25687914e-06,4.253186247e-06,0.0
autocorrelations,en,casual,subject2,t3,2.0,-2.413488000910204e-06,-3.216523966e-06,1.7096774358428424e-06,-4.077796679e-06,1.345640918e-06,0.0
autocorrelations,en,casual,subject2,t3,3.0,2.9331495984428573e-06,3.172683935e-06,9.019954485510612e-07,8.224438817e-07,3.960018611e-06,0.0
autocorrelations,en,casual,subject2,t3,4.0,-2.651786876211653e-06,-3.202380362e-06,1.3680256253973717e-06,-3.979371425e-06,6.173447722e-07,0.0
autocorrelations,en,casual,subject2,t3,5.0,1.5077973452246937e-06,2.023891452e-06,2.192758422096927e-06,-2.639542142e-06,3.964179236e-06,0.0
autocorrelations,en,casual,subject2,t3,6.0,7.059166064285715e-08,1.022520657e-07,2.505585121076112e-06,-3.77934069e-06,3.810214854e-06,0.0
autocorrelations,en,casual,subject2,t3,7.0,-1.704995184912041e-06,-2.277066448e-06,2.1266561693769606e-06,-4.009938695e-06,2.422769453e-06,0.0
autocorrelations,en,casual,subject2,t3,8.0,2.7636492412112245e-06,3.175870553e-06,1.2428231475318092e-06,-2.878819681e-07,3.991711062e-06,0.0
autocorrelations,en,casual,subject2,t3,9.0,-2.898884453338776e-06,-3.136412561e-06,9.640255474310735e-07,-3.948722026e-06,-4.945447526e-07,0.0
autocorrelations,en,casual,subject2,t3,10.0,2.1286596499834693e-06,2.851316785e-06,1.8107847848480688e-06,-1.704220962e-06,3.927661951e-06,0.0
autocorrelations,en,casual,subject2,t3,11.0,-6.258281709071428e-07,-8.636063405e-07,2.364286541243797e-06,-3.781415485e-06,3.353362415e-06,0.0
autocorrelations,en,casual,subject2,t3,12.0,-9.161191436595916e-07,-1.214821826e-06,2.259899463859474e-06,-3.789802692e-06,2.997158966e-06,0.0
autocorrelations,en,casual,subject2,t3,13.0,2.095061962558367e-06,2.828065516e-06,1.6374172441158983e-06,-1.462217148e-06,3.697763631e-06,0.0
autocorrelations,en,casual,subject2,t3,14.0,-2.792336545932653e-06,-3.00905526e-06,8.844464428609889e-07,-3.779431799e-06,-6.366435117e-07,0.0
autocorrelations,en,casual,subject2,t3,15.0,2.61467047674102e-06,3.083844036e-06,1.262015821903431e-06,-4.387079427e-07,3.847748722e-06,0.0
autocorrelations,en,casual,subject2,t3,16.0,-1.5424855653438777e-06,-2.062714257e-06,2.0941498785407703e-06,-3.858162614e-06,2.460826651e-06,0.0
autocorrelations,en,casual,subject2,t3,17.0,-5.26092743271429e-08,-6.428785353e-08,2.41075409403038e-06,-3.685653896e-06,3.621503457e-06,0.0
autocorrelations,en,casual,subject2,t3,18.0,1.611264657498163e-06,2.140952111e-06,2.0272477505468606e-06,-2.301518139e-06,3.825339307e-06,0.0
autocorrelations,en,casual,subject2,t3,19.0,-2.546829236569062e-06,-2.988324799e-06,1.2020766177903678e-06,-3.729497241e-06,3.837359448e-07,0.0
autocorrelations,en,casual,subject2,t3,20.0,2.6225909680896546e-06,2.894916568e-06,9.973166789705792e-07,5.779996356e-07,3.71660757e-06,0.0
autocorrelations,en,casual,subject2,t4,1.0,1.8357115262040808e-07,2.468768425e-07,2.409881075717088e-06,-3.301192948e-06,3.634076954e-06,0.0
autocorrelations,en,casual,subject2,t4,2.0,-2.652837323938776e-08,-7.757357623e-08,2.3353525596282868e-06,-3.415450378e-06,3.33598314e-06,0.0
autocorrelations,en,casual,subject2,t4,3.0,-1.6015428350408152e-08,-1.014748425e-07,2.4243126947429744e-06,-3.346874094e-06,3.40221687e-06,0.0
autocorrelations,en,casual,subject2,t4,4.0,-1.1221983937959181e-07,-1.346195952e-07,2.3216963861900136e-06,-3.454863294e-06,3.296313609e-06,0.0
autocorrelations,en,casual,subject2,t4,5.0,-3.3541098611020445e-08,-9.013004243e-08,2.435437557426613e-06,-3.524162458e-06,3.339737646e-06,0.0
autocorrelations,en,casual,subject2,t4,6.0,3.213324614285712e-08,1.485945619e-07,2.316157657961256e-06,-3.319252692e-06,3.394650043e-06,0.0
autocorrelations,en,casual,subject2,t4,7.0,-1.0543039448061222e-07,-1.130334995e-08,2.4318945832187144e-06,-3.428203809e-06,3.330340811e-06,0.0
autocorrelations,en,casual,subject2,t4,8.0,9.722954711653065e-08,2.781151551e-08,2.322343334277391e-06,-3.320126479e-06,3.451313473e-06,0.0
autocorrelations,en,casual,subject2,t4,9.0,1.1619875084551025e-07,2.282243956e-07,2.4210421480600044e-06,-3.368829142e-06,3.504148535e-06,0.0
autocorrelations,en,casual,subject2,t4,10.0,-7.546595488571428e-08,-1.039254488e-07,2.342600216060363e-06,-3.422975703e-06,3.30324631e-06,0.0
autocorrelations,en,casual,subject2,t4,11.0,1.9239185516326768e-09,-2.016227443e-07,2.402416406756056e-06,-3.349545125e-06,3.422223953e-06,0.0
autocorrelations,en,casual,subject2,t4,12.0,-6.611239891591837e-08,4.309940501e-08,2.3683435457155096e-06,-3.475879418e-06,3.307499079e-06,0.0
autocorrelations,en,casual,subject2,t4,13.0,-2.5278173546938765e-08,-1.199406159e-07,2.376277006648329e-06,-3.497351477e-06,3.374962739e-06,0.0
autocorrelations,en,casual,subject2,t4,14.0,-2.0217738504285608e-09,-2.583343471e-09,2.390006744558476e-06,-3.318234056e-06,3.412612215e-06,0.0
autocorrelations,en,casual,subject2,t4,15.0,-5.882812465551022e-08,-9.543249292e-08,2.346975422919566e-06,-3.390838209e-06,3.313078282e-06,0.0
autocorrelations,en,casual,subject2,t4,16.0,1.574053835304082e-07,2.979127986e-07,2.413144986289085e-06,-3.290291034e-06,3.487913114e-06,0.0
autocorrelations,en,casual,subject2,t4,17.0,8.8459093052449e-08,4.969509107e-08,2.327860100808924e-06,-3.352974765e-06,3.485126766e-06,0.0
autocorrelations,en,casual,subject2,t4,18.0,-6.578832569795918e-08,-2.057877078e-07,2.4305987205110705e-06,-3.393274154e-06,3.348065614e-06,0.0
autocorrelations,en,casual,subject2,t4,19.0,2.9661275396734683e-08,1.240534984e-08,2.318717358795597e-06,-3.339302396e-06,3.394062438e-06,0.0
autocorrelations,en,casual,subject2,t4,20.0,-2.6438334951724134e-08,1.286849694e-07,2.4015289818899536e-06,-3.488129792e-06,3.289166413e-06,0.0
