time_5,language,tone,participant,script,sensor,pitch_max,pitch_min,pitch_mean,pitch_median
0,ch,bus,jack,t3,pitch,461.328125,0.0,84.51745612577909,104.41796875
5,ch,bus,jack,t3,pitch,589.6298363095239,0.0,149.54194369366837,113.376953125
10,ch,bus,jack,t3,pitch,410.5357142857143,0.0,107.69181834241165,102.578125
15,ch,bus,jack,t3,pitch,381.71875,0.0,108.63145910303777,108.76063368055554
20,ch,bus,jack,t3,pitch,365.859375,0.0,97.80327268252053,106.50431657037817
25,ch,bus,jack,t3,pitch,363.28125,0.0,67.9544600441554,0.0
30,ch,bus,jack,t3,pitch,702.1875,0.0,129.14694836674906,120.79996744791666
35,ch,bus,jack,t3,pitch,478.59375,0.0,102.5298446607114,105.234375
40,ch,bus,jack,t3,pitch,492.1875,0.0,139.0651304229072,121.22884114583331
45,ch,bus,jack,t3,pitch,455.234375,0.0,108.1444005606014,107.4609375
50,ch,bus,jack,t3,pitch,370.234375,0.0,99.15368056703777,108.19173177083333
55,ch,bus,jack,t3,pitch,540.890625,0.0,134.18604357157284,117.841796875
60,ch,bus,jack,t3,pitch,1465.15625,0.0,114.4357114885428,105.7421875
65,ch,bus,jack,t3,pitch,773.875,0.0,130.08661224409272,108.66815476190476
70,ch,bus,jack,t3,pitch,493.203125,0.0,108.71984436421224,103.0859375
75,ch,bus,jack,t3,pitch,589.1759672619048,0.0,147.98264367516012,118.515625
80,ch,bus,jack,t3,pitch,608.046875,0.0,99.01324775235881,106.34114583333334
85,ch,bus,jack,t3,pitch,3717.96875,0.0,172.23856657515736,109.47421874999999
90,ch,bus,jack,t3,pitch,604.9479166666667,0.0,113.58949663849914,107.900390625
95,ch,bus,jack,t3,pitch,426.875,0.0,89.98319245821564,106.83268229166666
100,ch,bus,jack,t3,pitch,610.859375,0.0,102.36381208512287,107.89713541666666
105,ch,bus,jack,t3,pitch,668.55859375,0.0,113.55281091024372,115.81398809523807
110,ch,bus,jack,t3,pitch,410.9375,0.0,104.0716308452832,121.201171875
115,ch,bus,jack,t3,pitch,523.5885416666667,0.0,97.79971178680127,103.205078125
120,ch,bus,jack,t3,pitch,328.75,0.0,104.56490489733449,117.87946428571428
125,ch,bus,jack,t3,pitch,816.60546875,0.0,100.45736872457643,103.17626953125
130,ch,bus,jack,t3,pitch,638.75,0.0,107.38439049127358,122.83365885416667
135,ch,bus,jack,t3,pitch,320.625,0.0,111.51702386645752,126.171875
140,ch,bus,jack,t3,pitch,1003.5872395833331,0.0,139.7838245369015,117.4921875
145,ch,bus,jack,t3,pitch,999.8958333333331,0.0,154.51740092418547,116.2353515625
150,ch,bus,jack,t3,pitch,503.046875,0.0,93.96088453827711,99.72005208333333
155,ch,bus,jack,t3,pitch,253.75,0.0,26.068915343915343,0.0
0,ch,bus,jack,t2,pitch,513.828125,0.0,57.97502905857617,0.0
5,ch,bus,jack,t2,pitch,483.046875,0.0,114.1308963190311,111.8908420138889
10,ch,bus,jack,t2,pitch,665.3125,0.0,96.53966468681583,0.0
15,ch,bus,jack,t2,pitch,601.2708333333333,0.0,93.14654048350897,85.49441964285714
20,ch,bus,jack,t2,pitch,663.83203125,0.0,79.13620645854824,77.31026785714286
25,ch,bus,jack,t2,pitch,342.109375,0.0,111.57686031973012,119.05598958333334
30,ch,bus,jack,t2,pitch,348.828125,0.0,82.35806904141866,0.0
35,ch,bus,jack,t2,pitch,312.1875,0.0,101.8849977032509,112.2265625
40,ch,bus,jack,t2,pitch,340.703125,0.0,85.9062798260468,101.13337053571429
45,ch,bus,jack,t2,pitch,824.1341145833333,0.0,126.3025325993745,112.42838541666669
50,ch,bus,jack,t2,pitch,3104.53125,0.0,147.1835985606527,98.60302734375
55,ch,bus,jack,t2,pitch,518.125,0.0,116.01520910050108,116.95847284226188
60,ch,bus,jack,t2,pitch,959.7200520833331,0.0,136.33386638144842,114.0625
65,ch,bus,jack,t2,pitch,489.53125,0.0,90.26908444005495,0.0
70,ch,bus,jack,t2,pitch,560.1227678571429,0.0,94.49660493044283,72.86049107142857
75,ch,bus,jack,t2,pitch,350.9375,0.0,108.2659100284459,108.5546875
80,ch,bus,jack,t2,pitch,617.2083333333333,0.0,128.17201904138238,141.10026041666666
85,ch,bus,jack,t2,pitch,538.984375,0.0,101.83452146088865,111.009765625
90,ch,bus,jack,t2,pitch,542.96875,0.0,95.46116303412722,54.328125
95,ch,bus,jack,t2,pitch,932.7018229166669,0.0,129.80902214847015,103.828125
100,ch,bus,jack,t2,pitch,690.2890625,0.0,138.4832402221273,123.63188244047619
105,ch,bus,jack,t2,pitch,467.65625,0.0,104.8042438413395,106.9748263888889
110,ch,bus,jack,t2,pitch,3342.03125,0.0,189.68771391369046,109.921875
115,ch,bus,jack,t2,pitch,358.671875,0.0,69.78842342854387,0.0
120,ch,bus,jack,t2,pitch,623.90625,0.0,118.96459126422884,123.099609375
125,ch,bus,jack,t2,pitch,319.609375,0.0,85.27652591765873,50.18694196428572
130,ch,bus,jack,t2,pitch,688.2005208333333,0.0,158.18349886761175,114.951171875
135,ch,bus,jack,t2,pitch,480.46875,0.0,115.98998889730112,111.97265625
140,ch,bus,jack,t2,pitch,254.765625,0.0,85.18341968148256,116.43229166666666
145,ch,bus,jack,t2,pitch,453.37611607142856,0.0,114.38256980898342,117.5
150,ch,bus,jack,t2,pitch,511.875,0.0,87.84529572085596,0.0
155,ch,bus,jack,t2,pitch,397.05208333333337,0.0,97.55623997304605,107.64778645833331
160,ch,bus,jack,t2,pitch,410.375,0.0,111.4053436193579,106.50358072916666
165,ch,bus,jack,t2,pitch,589.0234375,0.0,92.27275869688582,115.05208333333333
170,ch,bus,jack,t2,pitch,344.140625,0.0,84.3257944525691,100.8192816840278
175,ch,bus,jack,t2,pitch,271.40625,0.0,91.32995994018749,109.921875
180,ch,bus,jack,t2,pitch,0.0,0.0,0.0,0.0
0,ch,casual,jack,t4,pitch,249.4233630952381,0.0,76.23653918560932,0.0
5,ch,casual,jack,t4,pitch,1780.1171875,0.0,136.76035500337957,111.9765625
10,ch,casual,jack,t4,pitch,170.43272569444446,0.0,76.15566802044562,101.59635416666666
15,ch,casual,jack,t4,pitch,231.609375,0.0,107.92730016738726,125.01116071428572
20,ch,casual,jack,t4,pitch,430.859375,0.0,84.54066214212068,113.50390625
25,ch,casual,jack,t4,pitch,506.09375,0.0,92.83282304710357,107.43024553571428
30,ch,casual,jack,t4,pitch,530.234375,0.0,107.30941320074993,120.43619791666669
35,ch,casual,jack,t4,pitch,480.625,0.0,116.72197662837922,126.58756510416667
40,ch,casual,jack,t4,pitch,678.671875,0.0,114.95699130978149,116.45572916666666
45,ch,casual,jack,t4,pitch,446.71875,0.0,98.18524738534394,103.48177083333334
50,ch,casual,jack,t4,pitch,752.890625,0.0,176.28684316391488,135.3373119212963
55,ch,casual,jack,t4,pitch,364.921875,0.0,106.79362645491362,128.02001953125
60,ch,casual,jack,t4,pitch,526.1830357142858,0.0,96.07423496497715,117.54557291666666
65,ch,casual,jack,t4,pitch,516.796875,0.0,109.17549123792071,109.18100508432542
70,ch,casual,jack,t4,pitch,455.3125,0.0,122.91581245128259,113.71310763888889
75,ch,casual,jack,t4,pitch,616.953125,0.0,98.29543290770609,101.49739583333334
80,ch,casual,jack,t4,pitch,467.5,0.0,99.15382137761415,91.95200892857143
85,ch,casual,jack,t4,pitch,544.765625,0.0,145.64500093005952,128.14127604166669
90,ch,casual,jack,t4,pitch,303.59375,0.0,82.41530278954802,96.986328125
95,ch,casual,jack,t4,pitch,589.765625,0.0,133.61205594501797,147.71484375
100,ch,casual,jack,t4,pitch,432.5,0.0,93.28596473432478,99.52256944444444
105,ch,casual,jack,t4,pitch,544.21875,0.0,142.4989722404381,141.953125
110,ch,casual,jack,t4,pitch,115.2951388888889,0.0,24.621020120287703,0.0
0,ch,bus,jack,t1,pitch,683.203125,0.0,63.583722179114986,0.0
5,ch,bus,jack,t1,pitch,3576.09375,0.0,268.1299071371337,119.02994791666667
10,ch,bus,jack,t1,pitch,601.328125,0.0,138.5203656462585,106.875
15,ch,bus,jack,t1,pitch,3329.6875,0.0,163.17148580037858,117.39013671875
20,ch,bus,jack,t1,pitch,349.84375,0.0,100.21779477443104,112.82552083333334
25,ch,bus,jack,t1,pitch,386.875,0.0,83.44147827266501,108.41048177083334
30,ch,bus,jack,t1,pitch,632.8723958333333,0.0,178.82984597271536,111.84244791666666
35,ch,bus,jack,t1,pitch,3735.46875,0.0,158.0239659787379,103.69140625
40,ch,bus,jack,t1,pitch,463.7388392857143,0.0,117.44385368441357,41.26157924107143
45,ch,bus,jack,t1,pitch,394.6875,0.0,103.79868157826469,100.06618923611111
50,ch,bus,jack,t1,pitch,521.0658482142858,0.0,99.97809511753196,71.77734375
55,ch,bus,jack,t1,pitch,619.96875,0.0,136.42881577315686,126.30859375
60,ch,bus,jack,t1,pitch,3768.4375,0.0,151.30692270226348,70.81808035714286
65,ch,bus,jack,t1,pitch,551.9103422619048,0.0,117.03648355528652,0.0
70,ch,bus,jack,t1,pitch,414.140625,0.0,127.68692074396209,124.86072358630952
75,ch,bus,jack,t1,pitch,423.4375,0.0,67.30287654496323,0.0
80,ch,bus,jack,t1,pitch,536.225818452381,0.0,107.81418230052438,115.42561848958334
85,ch,bus,jack,t1,pitch,386.71875,0.0,90.4343779251872,112.56184895833333
90,ch,bus,jack,t1,pitch,3483.28125,0.0,232.6285049465388,115.07142857142858
95,ch,bus,jack,t1,pitch,590.703125,0.0,104.38665562792741,113.046875
100,ch,bus,jack,t1,pitch,520.4073660714286,0.0,114.94827830885939,84.634765625
105,ch,bus,jack,t1,pitch,431.25,0.0,77.2677867966062,15.012381417410715
110,ch,bus,jack,t1,pitch,522.5390625,0.0,116.32470263863121,126.96747448979592
115,ch,bus,jack,t1,pitch,428.49609375,0.0,108.08285646645021,99.33203125
120,ch,bus,jack,t1,pitch,3163.75,0.0,146.92025816770916,0.0
125,ch,bus,jack,t1,pitch,385.625,0.0,84.01977941834178,105.50625
130,ch,bus,jack,t1,pitch,391.71875,0.0,93.48517043053718,119.03537326388889
135,ch,bus,jack,t1,pitch,468.0873325892857,0.0,115.00993944991788,113.75130208333333
140,ch,bus,jack,t1,pitch,686.40625,0.0,140.9529120807128,107.8125
145,ch,bus,jack,t1,pitch,485.46875,0.0,85.14813925916117,82.15494791666666
150,ch,bus,jack,t1,pitch,194.501953125,0.0,95.74655629691902,118.24332682291667
155,ch,bus,jack,t1,pitch,3737.96875,0.0,156.70329658240985,114.9614025297619
160,ch,bus,jack,t1,pitch,369.53125,0.0,105.95630680194041,108.27604166666669
165,ch,bus,jack,t1,pitch,427.890625,0.0,68.73860967726935,0.0
170,ch,bus,jack,t1,pitch,38.525390625,0.0,1.92626953125,0.0
0,ch,casual,jack,t1,pitch,341.171875,0.0,68.79915197649574,0.0
5,ch,casual,jack,t1,pitch,445.234375,0.0,120.6782920900041,105.05338541666666
10,ch,casual,jack,t1,pitch,1113.90625,0.0,144.18791603555485,125.60980902777777
15,ch,casual,jack,t1,pitch,752.9296875,0.0,87.41225417179136,0.0
20,ch,casual,jack,t1,pitch,441.09375,0.0,158.3357384476112,142.1875
25,ch,casual,jack,t1,pitch,402.890625,0.0,104.2963788868412,120.5264136904762
30,ch,casual,jack,t1,pitch,524.453125,0.0,131.67608478760823,124.70362103174602
35,ch,casual,jack,t1,pitch,522.34375,0.0,134.82630415386674,120.63639322916669
40,ch,casual,jack,t1,pitch,3037.65625,0.0,235.366478095868,116.49251302083334
45,ch,casual,jack,t1,pitch,515.390625,0.0,146.5649479423826,130.14346168154762
50,ch,casual,jack,t1,pitch,546.640625,0.0,141.24352073630115,121.53672607774169
55,ch,casual,jack,t1,pitch,522.2265625,0.0,74.94786412093086,81.28776041666667
60,ch,casual,jack,t1,pitch,1875.9375,0.0,125.0545761827921,103.6796875
65,ch,casual,jack,t1,pitch,499.453125,0.0,141.4056514402636,116.60986793154763
70,ch,casual,jack,t1,pitch,477.65625,0.0,90.11957468849434,104.90397135416667
75,ch,casual,jack,t1,pitch,573.5357142857142,0.0,148.86299153894512,137.29166666666669
80,ch,casual,jack,t1,pitch,592.4404761904761,0.0,107.09086736908306,123.9488002232143
85,ch,casual,jack,t1,pitch,516.328125,0.0,108.89394193549815,120.5419921875
90,ch,casual,jack,t1,pitch,3760.78125,0.0,229.5800205498866,101.07682291666667
95,ch,casual,jack,t1,pitch,517.265625,0.0,87.61699666887655,98.73583984375
100,ch,casual,jack,t1,pitch,540.46875,0.0,128.27418347072043,134.5458519345238
105,ch,casual,jack,t1,pitch,446.484375,0.0,86.63575628840245,107.578125
110,ch,casual,jack,t1,pitch,139.44010416666669,0.0,4.225457702020202,0.0
0,ch,bus,jack,t4,pitch,262.1875,0.0,62.41084005750524,0.0
5,ch,bus,jack,t4,pitch,376.5625,0.0,124.60344590092981,110.966796875
10,ch,bus,jack,t4,pitch,3256.5625,0.0,150.28952997728697,106.14908854166666
15,ch,bus,jack,t4,pitch,374.6484375,0.0,96.77943483382936,118.84099082341268
20,ch,bus,jack,t4,pitch,412.734375,0.0,103.4679067183514,108.38541666666669
25,ch,bus,jack,t4,pitch,500.0334821428571,0.0,115.61915910092993,104.1015625
30,ch,bus,jack,t4,pitch,516.5625,0.0,164.6376576603989,126.908203125
35,ch,bus,jack,t4,pitch,246.328125,0.0,75.89328480706976,98.935546875
40,ch,bus,jack,t4,pitch,3293.90625,0.0,272.9803098648313,128.927734375
45,ch,bus,jack,t4,pitch,656.25,0.0,111.17439213051784,114.53125
50,ch,bus,jack,t4,pitch,403.4375,0.0,119.62686795728511,130.86545138888889
55,ch,bus,jack,t4,pitch,428.59375,0.0,121.70399560043785,110.7443576388889
60,ch,bus,jack,t4,pitch,644.53125,0.0,94.84379884083073,97.99453125
65,ch,bus,jack,t4,pitch,1004.2643229166669,0.0,150.37262998302495,113.5827907986111
70,ch,bus,jack,t4,pitch,700.78125,0.0,96.67672178605638,111.1341300843254
75,ch,bus,jack,t4,pitch,375.9375,0.0,98.04750011473534,117.06728980654762
80,ch,bus,jack,t4,pitch,570.9654017857142,0.0,147.09014869678933,125.42317708333334
85,ch,bus,jack,t4,pitch,681.2317708333333,0.0,141.72775171876734,110.3125
90,ch,bus,jack,t4,pitch,517.96875,0.0,106.7943928832498,102.7734375
95,ch,bus,jack,t4,pitch,254.140625,0.0,68.59651976431849,0.0
100,ch,bus,jack,t4,pitch,401.953125,0.0,88.90710603190658,104.9755859375
105,ch,bus,jack,t4,pitch,3491.25,0.0,253.27638668855326,142.77306547619045
110,ch,bus,jack,t4,pitch,444.6875,0.0,124.24177963253845,120.033203125
115,ch,bus,jack,t4,pitch,583.5825892857142,0.0,119.34770437121163,104.74268353174602
120,ch,bus,jack,t4,pitch,586.1160714285714,0.0,162.90566248200668,132.7734375
125,ch,bus,jack,t4,pitch,374.453125,0.0,74.88295231386613,63.36495535714286
130,ch,bus,jack,t4,pitch,715.5794270833333,0.0,131.60827781159813,120.46875
135,ch,bus,jack,t4,pitch,562.7529761904761,0.0,126.17675228915799,111.48546006944446
140,ch,bus,jack,t4,pitch,1690.0,0.0,162.0580833956999,117.53472222222224
145,ch,bus,jack,t4,pitch,715.703125,0.0,136.56428662773703,131.296875
150,ch,bus,jack,t4,pitch,361.796875,0.0,91.5959035306831,103.4375
155,ch,bus,jack,t4,pitch,3576.71875,0.0,126.71232369901087,0.0
0,ch,casual,jack,t3,pitch,398.92578125,0.0,82.7065724823943,111.1029295682616
5,ch,casual,jack,t3,pitch,479.453125,0.0,120.28374515969021,127.66927083333331
10,ch,casual,jack,t3,pitch,249.609375,0.0,105.56759045938972,130.61965215773807
15,ch,casual,jack,t3,pitch,231.23697916666669,0.0,68.23979236902801,78.99609375
20,ch,casual,jack,t3,pitch,588.3515625,0.0,129.6071346518891,126.78819444444444
25,ch,casual,jack,t3,pitch,229.71991921768708,0.0,119.56742152280059,155.50130208333331
30,ch,casual,jack,t3,pitch,845.078125,0.0,124.63721759823221,96.02367665816328
35,ch,casual,jack,t3,pitch,368.5546875,0.0,115.92266102665761,125.57552083333334
40,ch,casual,jack,t3,pitch,263.671875,0.0,93.08366148997669,116.28720832762454
45,ch,casual,jack,t3,pitch,553.84765625,0.0,120.22191628041973,125.03645833333333
50,ch,casual,jack,t3,pitch,606.953125,0.0,116.43407644504342,124.54427083333331
55,ch,casual,jack,t3,pitch,543.125,0.0,137.73927508630666,120.03515625
60,ch,casual,jack,t3,pitch,318.46875,0.0,86.13958493902491,102.23307291666667
65,ch,casual,jack,t3,pitch,713.6328125,0.0,127.82705155670084,120.9265873015873
70,ch,casual,jack,t3,pitch,328.34765625,0.0,91.72793343508567,114.47265625
75,ch,casual,jack,t3,pitch,343.4375,0.0,111.00805255292278,124.92472330729169
80,ch,casual,jack,t3,pitch,495.078125,0.0,112.60286568551426,118.75846354166667
85,ch,casual,jack,t3,pitch,388.92578125,0.0,92.60592968836706,108.57995411706348
90,ch,casual,jack,t3,pitch,515.625,0.0,146.85670543108267,141.7262802187761
95,ch,casual,jack,t3,pitch,276.9072265625,0.0,108.62710244748042,129.84874131944443
100,ch,casual,jack,t3,pitch,674.53125,0.0,122.18043931912301,119.94568452380949
105,ch,casual,jack,t3,pitch,977.9036458333331,0.0,184.44537194623265,133.92037804705217
110,ch,casual,jack,t3,pitch,509.53125,0.0,113.73012589959437,113.515625
115,ch,casual,jack,t3,pitch,1605.46875,0.0,157.17907335594995,120.62083333333337
120,ch,casual,jack,t3,pitch,339.84375,0.0,108.67209288355492,115.11284722222224
125,ch,casual,jack,t3,pitch,519.609375,0.0,120.28066254285355,128.177734375
130,ch,casual,jack,t3,pitch,472.34375,0.0,127.11005018911558,114.36946614583331
135,ch,casual,jack,t3,pitch,521.015625,0.0,100.38339100639118,125.029296875
140,ch,casual,jack,t3,pitch,3795.0,0.0,186.5563079184026,143.671875
145,ch,casual,jack,t3,pitch,545.15625,0.0,128.43653067763512,141.8793402777778
150,ch,casual,jack,t3,pitch,567.5,0.0,79.1467616112496,88.91071428571428
155,ch,casual,jack,t3,pitch,540.8098958333333,0.0,154.94656385038422,137.87630208333334
160,ch,casual,jack,t3,pitch,370.546875,0.0,112.75836996921628,128.07291666666666
165,ch,casual,jack,t3,pitch,226.625,0.0,112.74349454487104,120.06216995804398
170,ch,casual,jack,t3,pitch,553.515625,0.0,129.1976929560656,114.765625
175,ch,casual,jack,t3,pitch,643.046875,0.0,111.03701315652317,104.47436612866298
180,ch,casual,jack,t3,pitch,529.140625,0.0,119.00870987967146,129.6050347222222
185,ch,casual,jack,t3,pitch,500.44270833333337,0.0,138.47473690816213,141.24348958333331
190,ch,casual,jack,t3,pitch,607.5,0.0,120.40035874542318,125.0674293154762
195,ch,casual,jack,t3,pitch,500.4296875,0.0,87.80346513605443,102.408203125
200,ch,casual,jack,t3,pitch,828.59375,0.0,155.24490844934738,152.4262152777778
205,ch,casual,jack,t3,pitch,508.125,0.0,144.50568921043518,131.484375
210,ch,casual,jack,t3,pitch,519.140625,0.0,92.6888920830327,111.69270833333331
215,ch,casual,jack,t3,pitch,524.8251488095239,0.0,128.49908073944906,125.73567708333331
220,ch,casual,jack,t3,pitch,530.703125,0.0,111.3389701537237,120.25465029761904
225,ch,casual,jack,t3,pitch,610.703125,0.0,141.99496684414115,122.61848958333331
230,ch,casual,jack,t3,pitch,496.71875,0.0,84.47556470788044,0.0
0,ch,casual,jack,t2,pitch,328.59375,0.0,81.75033736193653,104.43143195779913
5,ch,casual,jack,t2,pitch,393.4375,0.0,113.82793235391988,127.27264694940476
10,ch,casual,jack,t2,pitch,508.203125,0.0,129.58176888679924,145.78125
15,ch,casual,jack,t2,pitch,509.53125,0.0,101.72922595116262,110.46875
20,ch,casual,jack,t2,pitch,429.375,0.0,119.35881511356033,121.52260760073261
25,ch,casual,jack,t2,pitch,344.765625,0.0,125.09066877184902,129.24386160714286
30,ch,casual,jack,t2,pitch,493.984375,0.0,165.45604028829416,174.38802083333331
35,ch,casual,jack,t2,pitch,429.84375,0.0,158.16094644891703,171.62864583333334
40,ch,casual,jack,t2,pitch,499.609375,0.0,113.0575660707984,111.740234375
45,ch,casual,jack,t2,pitch,262.421875,0.0,85.17415220958321,122.83203125
50,ch,casual,jack,t2,pitch,3382.65625,0.0,227.31298697309006,132.578125
55,ch,casual,jack,t2,pitch,197.74609375,0.0,92.27746009214535,98.6875
60,ch,casual,jack,t2,pitch,503.5416666666666,0.0,127.61726474989257,135.9177672371032
65,ch,casual,jack,t2,pitch,205.96484375,0.0,80.42059684724585,109.70703125
70,ch,casual,jack,t2,pitch,501.640625,0.0,116.3417220640276,118.671875
75,ch,casual,jack,t2,pitch,443.90625,0.0,106.98457865431672,132.41006324404762
80,ch,casual,jack,t2,pitch,341.71875,0.0,125.30504272572746,129.30581625405844
85,ch,casual,jack,t2,pitch,345.078125,0.0,138.68698238696962,148.65327380952382
90,ch,casual,jack,t2,pitch,515.15625,0.0,126.86532089561085,126.85791015625001
95,ch,casual,jack,t2,pitch,3886.5625,0.0,166.6221754895387,108.53799052622125
100,ch,casual,jack,t2,pitch,445.78125,0.0,113.08509186733406,106.75549768518518
105,ch,casual,jack,t2,pitch,644.53125,0.0,138.233273015951,126.90104166666666
110,ch,casual,jack,t2,pitch,496.328125,0.0,137.80190983686745,121.875
115,ch,casual,jack,t2,pitch,1045.78125,0.0,103.68686405744782,100.30908203125
120,ch,casual,jack,t2,pitch,519.140625,0.0,175.66076771854577,163.34263392857144
125,ch,casual,jack,t2,pitch,528.28125,0.0,34.66406003807773,0.0
0,en,bus,jack,t1,pitch,435.78125,0.0,56.921638806917535,0.0
5,en,bus,jack,t1,pitch,254.921875,0.0,79.15989455420923,108.89644097222224
10,en,bus,jack,t1,pitch,1879.0625,0.0,116.94162381749574,55.858816964285715
15,en,bus,jack,t1,pitch,257.29166666666663,0.0,77.71360353988386,110.17737120890024
20,en,bus,jack,t1,pitch,1442.03125,0.0,137.85045742847328,130.75141059027777
25,en,bus,jack,t1,pitch,514.0615699404761,0.0,88.46916753034327,112.9283447265625
30,en,bus,jack,t1,pitch,405.15625,0.0,51.06273389420652,0.0
35,en,bus,jack,t1,pitch,353.53515625,0.0,59.67273967473573,0.0
40,en,bus,jack,t1,pitch,391.5625,0.0,75.71375498508095,0.0
45,en,bus,jack,t1,pitch,360.625,0.0,63.81850066484192,0.0
50,en,bus,jack,t1,pitch,479.8046875,0.0,107.37420746989145,72.44308035714286
55,en,bus,jack,t1,pitch,495.00697544642856,0.0,81.17707584979884,0.0
60,en,bus,jack,t1,pitch,475.15625,0.0,81.78316150196576,111.63823784722223
65,en,bus,jack,t1,pitch,386.71875,0.0,42.05832891949152,0.0
70,en,bus,jack,t1,pitch,1348.8802083333337,0.0,98.93015273538731,106.71875
75,en,bus,jack,t1,pitch,552.0703125,0.0,98.42357721382675,111.18880208333334
80,en,bus,jack,t1,pitch,418.57421875,0.0,80.96610461402862,106.076171875
85,en,bus,jack,t1,pitch,201.03236607142856,0.0,56.48508737843081,0.0
90,en,bus,jack,t1,pitch,557.4241071428571,0.0,126.75012000819548,118.05431547619048
95,en,bus,jack,t1,pitch,542.578125,0.0,95.92926523083193,0.0
100,en,bus,jack,t1,pitch,161.2109375,0.0,44.7515622988359,0.0
105,en,bus,jack,t1,pitch,389.84375,0.0,59.80358671530204,0.0
110,en,bus,jack,t1,pitch,567.4397321428571,0.0,136.27132310562848,118.9834841008772
115,en,bus,jack,t1,pitch,324.84375,0.0,93.7955078125,115.71831597222223
120,en,bus,jack,t1,pitch,395.546875,0.0,68.36602050135376,0.0
125,en,bus,jack,t1,pitch,387.1875,0.0,53.8097895062159,0.0
130,en,bus,jack,t1,pitch,1497.5,0.0,115.10323040674602,122.16254340277776
135,en,bus,jack,t1,pitch,360.3125,0.0,99.20703891594518,122.64322916666669
140,en,bus,jack,t1,pitch,503.90625,0.0,60.14099807062976,0.0
145,en,bus,jack,t1,pitch,495.9375,0.0,77.77293698705809,0.0
150,en,bus,jack,t1,pitch,1490.46875,0.0,99.82843163207437,0.0
155,en,bus,jack,t1,pitch,598.5078125,0.0,81.9946556079589,0.0
160,en,bus,jack,t1,pitch,433.90625,0.0,97.21366885116115,0.0
165,en,bus,jack,t1,pitch,465.15625,0.0,104.44335011813796,18.431803385416664
170,en,bus,jack,t1,pitch,3857.65625,0.0,145.24280362468838,0.0
175,en,bus,jack,t1,pitch,330.390625,0.0,54.62116150433627,0.0
180,en,bus,jack,t1,pitch,397.1875,0.0,83.16903459277535,63.191964285714285
185,en,bus,jack,t1,pitch,352.734375,0.0,78.49853200006245,0.0
190,en,bus,jack,t1,pitch,698.5546875,0.0,102.48929636327385,110.11309523809524
195,en,bus,jack,t1,pitch,453.4375,0.0,91.26956234030887,112.43815104166667
200,en,bus,jack,t1,pitch,424.453125,0.0,105.87801818155648,112.3046875
205,en,bus,jack,t1,pitch,719.98828125,0.0,103.46817401827083,0.0
210,en,bus,jack,t1,pitch,505.625,0.0,88.09635202859879,79.2626953125
215,en,bus,jack,t1,pitch,383.515625,0.0,71.86070855034723,0.0
220,en,bus,jack,t1,pitch,383.75,0.0,74.3095838611357,0.0
225,en,bus,jack,t1,pitch,562.1875,0.0,122.29542357609036,110.1779513888889
230,en,bus,jack,t1,pitch,903.7630208333331,0.0,122.42592168875086,121.95052083333331
235,en,bus,jack,t1,pitch,547.1744791666667,0.0,104.01699511485114,97.38411458333334
240,en,bus,jack,t1,pitch,503.90625,0.0,140.96150497151086,130.19856770833331
245,en,bus,jack,t1,pitch,503.046875,0.0,49.180336508749676,0.0
250,en,bus,jack,t1,pitch,0.0,0.0,0.0,0.0
0,en,bus,jack,t3,pitch,946.8619791666669,0.0,54.9922435002102,0.0
5,en,bus,jack,t3,pitch,372.578125,0.0,113.66974080695714,126.07096354166666
10,en,bus,jack,t3,pitch,572.3125,0.0,90.16689274469498,50.4921875
15,en,bus,jack,t3,pitch,187.34375,0.0,95.02636418610594,120.01302083333334
20,en,bus,jack,t3,pitch,490.9140625,0.0,118.10754198863353,124.18294270833334
25,en,bus,jack,t3,pitch,371.40625,0.0,84.14592092387502,111.63368055555554
30,en,bus,jack,t3,pitch,565.5580357142858,0.0,97.45935194333312,117.77185639880948
35,en,bus,jack,t3,pitch,539.609375,0.0,106.5594345072835,109.94212962962962
40,en,bus,jack,t3,pitch,1794.21875,0.0,119.84917587267958,0.0
45,en,bus,jack,t3,pitch,249.53125,0.0,88.8180448240995,116.02864583333331
50,en,bus,jack,t3,pitch,352.578125,0.0,86.90284702416659,122.02506510416667
55,en,bus,jack,t3,pitch,3046.25,0.0,219.4083110808665,113.26822916666666
60,en,bus,jack,t3,pitch,500.15625,0.0,96.96767474785052,111.845703125
65,en,bus,jack,t3,pitch,586.09375,0.0,101.42384133939633,72.76674107142857
70,en,bus,jack,t3,pitch,472.890625,0.0,107.02407471320856,126.51880908613447
75,en,bus,jack,t3,pitch,866.6666666666667,0.0,103.67746854658347,53.66908482142857
80,en,bus,jack,t3,pitch,243.06640625,0.0,63.50000963912265,0.0
85,en,bus,jack,t3,pitch,270.15625,0.0,85.83637122524173,113.81718388310186
90,en,bus,jack,t3,pitch,347.65625,0.0,87.47131027056956,123.4765625
95,en,bus,jack,t3,pitch,491.484375,0.0,149.34937583260103,143.49609375
100,en,bus,jack,t3,pitch,508.359375,0.0,118.90967883894254,128.90625
105,en,bus,jack,t3,pitch,367.65625,0.0,86.67216498128607,103.10546875
110,en,bus,jack,t3,pitch,557.2410714285714,0.0,81.27948030563516,80.828125
115,en,bus,jack,t3,pitch,349.921875,0.0,102.77697261196145,128.10841393849205
120,en,bus,jack,t3,pitch,483.4375,0.0,115.96061152151833,118.10237630208334
125,en,bus,jack,t3,pitch,1640.625,0.0,143.81426065434854,104.94019717261904
130,en,bus,jack,t3,pitch,171.40438988095238,0.0,88.62189237316974,124.69401041666669
135,en,bus,jack,t3,pitch,485.2994791666666,0.0,82.5345023172753,89.92606026785714
140,en,bus,jack,t3,pitch,397.65625,0.0,119.7953456464375,122.73003472222223
145,en,bus,jack,t3,pitch,494.5703125,0.0,107.9176240616305,119.82421875
150,en,bus,jack,t3,pitch,490.78125,0.0,117.23104027109747,124.79383680555556
155,en,bus,jack,t3,pitch,709.1953125,0.0,116.85264449162314,120.39388020833334
160,en,bus,jack,t3,pitch,655.46875,0.0,111.04264722627784,122.3388671875
165,en,bus,jack,t3,pitch,375.703125,0.0,112.69168296885711,129.15364583333331
170,en,bus,jack,t3,pitch,3959.0625,0.0,145.81031175201562,107.95247395833334
175,en,bus,jack,t3,pitch,501.09375,0.0,98.59623954022283,123.64420572916667
180,en,bus,jack,t3,pitch,615.234375,0.0,128.8752548686936,121.34429253472223
185,en,bus,jack,t3,pitch,470.46875,0.0,112.39111486474535,117.6953125
190,en,bus,jack,t3,pitch,488.37239583333337,0.0,104.64328141331403,0.0
195,en,bus,jack,t3,pitch,2792.5,0.0,193.64287061458293,119.78005863803854
200,en,bus,jack,t3,pitch,643.828125,0.0,128.30786752406752,123.2958984375
205,en,bus,jack,t3,pitch,390.78125,0.0,67.57090298270614,0.0
210,en,bus,jack,t3,pitch,388.125,0.0,114.93423676436721,125.892578125
215,en,bus,jack,t3,pitch,503.75,0.0,76.88721569149087,41.85711960565476
220,en,bus,jack,t3,pitch,430.3125,0.0,114.94657223421775,110.82589285714285
225,en,bus,jack,t3,pitch,411.484375,0.0,100.44957347836763,116.18489583333331
230,en,bus,jack,t3,pitch,1677.65625,0.0,137.17957265571388,115.77790178571429
235,en,bus,jack,t3,pitch,493.4375,0.0,122.42940646924701,128.7109375
240,en,bus,jack,t3,pitch,253.15625,0.0,43.998439227979446,0.0
245,en,bus,jack,t3,pitch,0.0,0.0,0.0,0.0
0,en,bus,jack,t2,pitch,1813.59375,0.0,78.3525833189556,0.0
5,en,bus,jack,t2,pitch,623.1640625,0.0,92.38236385156341,52.78020833333334
10,en,bus,jack,t2,pitch,596.6852678571429,0.0,80.64158798875116,108.08761160714285
15,en,bus,jack,t2,pitch,2977.1875,0.0,201.18860538108922,111.99417162698414
20,en,bus,jack,t2,pitch,423.203125,0.0,69.99833912816187,0.0
25,en,bus,jack,t2,pitch,186.38671875,0.0,56.5170759900545,0.0
30,en,bus,jack,t2,pitch,444.0164620535714,0.0,71.19470452507562,0.0
35,en,bus,jack,t2,pitch,377.109375,0.0,134.09775797802055,131.25868055555554
40,en,bus,jack,t2,pitch,357.265625,0.0,100.53428318758648,116.7223648313492
45,en,bus,jack,t2,pitch,471.484375,0.0,78.95071605635393,54.11509486607143
50,en,bus,jack,t2,pitch,611.62890625,0.0,106.41112537571453,117.3193359375
55,en,bus,jack,t2,pitch,376.640625,0.0,101.50845021930165,122.68397817460318
60,en,bus,jack,t2,pitch,457.3865327380952,0.0,76.53121252660496,0.0
65,en,bus,jack,t2,pitch,497.4321056547619,0.0,108.21677582427003,114.19717261904762
70,en,bus,jack,t2,pitch,386.5625,0.0,80.16513807875654,103.28822544642857
75,en,bus,jack,t2,pitch,410.15625,0.0,91.61224506701762,11.251743861607142
80,en,bus,jack,t2,pitch,920.6901041666669,0.0,110.21580954777104,118.98916480654762
85,en,bus,jack,t2,pitch,363.28125,0.0,81.66679349296537,79.77213541666666
90,en,bus,jack,t2,pitch,468.75,0.0,90.43889552821098,125.2880859375
95,en,bus,jack,t2,pitch,261.25,0.0,59.97396965646283,0.0
100,en,bus,jack,t2,pitch,694.01953125,0.0,118.05350581601354,121.97916666666666
105,en,bus,jack,t2,pitch,421.875,0.0,83.7880711848317,0.0
110,en,bus,jack,t2,pitch,386.796875,0.0,77.26702837324237,0.0
115,en,bus,jack,t2,pitch,257.578125,0.0,56.36367740737788,0.0
120,en,bus,jack,t2,pitch,348.984375,0.0,90.44408435170155,115.32975260416669
125,en,bus,jack,t2,pitch,457.96875,0.0,87.13862753249796,107.36458333333331
130,en,bus,jack,t2,pitch,186.796875,0.0,67.88632825819585,0.0
135,en,bus,jack,t2,pitch,372.8125,0.0,83.73364980198477,110.16680617559524
140,en,bus,jack,t2,pitch,484.8515625,0.0,102.32802953129944,126.171875
145,en,bus,jack,t2,pitch,350.3125,0.0,58.485391841593014,0.0
150,en,bus,jack,t2,pitch,2722.5,0.0,139.71969279884487,86.38134765625
155,en,bus,jack,t2,pitch,3527.34375,0.0,212.50907355944432,115.01909722222224
160,en,bus,jack,t2,pitch,390.390625,0.0,94.82011155391395,116.04817708333331
165,en,bus,jack,t2,pitch,646.0546875,0.0,84.61032315710531,0.0
170,en,bus,jack,t2,pitch,381.71875,0.0,67.59874981340498,0.0
175,en,bus,jack,t2,pitch,584.765625,0.0,129.16414807717504,125.53385416666666
180,en,bus,jack,t2,pitch,583.6197916666667,0.0,80.46912895869994,95.43470982142857
185,en,bus,jack,t2,pitch,618.90625,0.0,127.3832491015274,90.63151041666666
190,en,bus,jack,t2,pitch,713.671875,0.0,122.25063834001952,127.14012419871794
195,en,bus,jack,t2,pitch,368.28125,0.0,105.26185211959722,123.66071428571428
200,en,bus,jack,t2,pitch,714.53515625,0.0,70.16898146206414,0.0
205,en,bus,jack,t2,pitch,467.421875,0.0,86.00506989471135,112.81467013888889
210,en,bus,jack,t2,pitch,244.921875,0.0,69.16009821354757,109.55078125
215,en,bus,jack,t2,pitch,376.875,0.0,77.05116732120993,102.23958333333334
220,en,bus,jack,t2,pitch,432.8125,0.0,116.45682332289957,115.95052083333334
225,en,bus,jack,t2,pitch,582.5,0.0,129.86438123549343,102.544921875
230,en,bus,jack,t2,pitch,410.15625,0.0,88.92071828746464,110.95077659970237
235,en,bus,jack,t2,pitch,714.375,0.0,126.01490635460283,116.69596354166669
240,en,bus,jack,t2,pitch,530.0,0.0,91.33346064555656,26.95033482142857
245,en,bus,jack,t2,pitch,425.46875,0.0,112.87224030004256,112.421875
250,en,bus,jack,t2,pitch,443.28125,0.0,88.10099217309504,114.775390625
255,en,bus,jack,t2,pitch,451.40625,0.0,82.85220701493317,100.45758928571428
260,en,bus,jack,t2,pitch,162.79947916666669,0.0,34.59184285251883,0.0
0,en,bus,jack,t4,pitch,375.78125,0.0,88.48707032009472,0.0
5,en,bus,jack,t4,pitch,381.0546875,0.0,77.29711621076716,89.38309151785714
10,en,bus,jack,t4,pitch,911.4322916666669,0.0,109.47622610291373,115.15106879340277
15,en,bus,jack,t4,pitch,419.53125,0.0,72.66475458564639,48.3125
20,en,bus,jack,t4,pitch,236.2109375,0.0,42.602196987742396,0.0
25,en,bus,jack,t4,pitch,161.11979166666666,0.0,74.35651508573062,109.21875
30,en,bus,jack,t4,pitch,691.40625,0.0,114.62398744113031,110.423583984375
35,en,bus,jack,t4,pitch,462.9765625,0.0,117.47766835791433,130.09765625
40,en,bus,jack,t4,pitch,987.91015625,0.0,94.12757673534539,68.47321428571428
45,en,bus,jack,t4,pitch,620.5729166666667,0.0,127.00603261674618,121.15451388888889
50,en,bus,jack,t4,pitch,342.96875,0.0,71.35342724976879,104.33333333333334
55,en,bus,jack,t4,pitch,741.0546875,0.0,128.89404786170135,143.96229383680554
60,en,bus,jack,t4,pitch,315.15625,0.0,111.35259476670609,124.3330078125
65,en,bus,jack,t4,pitch,419.0438988095238,0.0,84.2699489387308,103.16015625
70,en,bus,jack,t4,pitch,475.703125,0.0,97.21051575602725,0.0
75,en,bus,jack,t4,pitch,330.72395833333337,0.0,87.33386928063918,117.34375
80,en,bus,jack,t4,pitch,1902.8125,0.0,94.39822319340924,103.146484375
85,en,bus,jack,t4,pitch,790.15625,0.0,102.16330671591552,115.86681547619044
90,en,bus,jack,t4,pitch,487.1875,0.0,72.46125860725037,18.89892578125
95,en,bus,jack,t4,pitch,469.609375,0.0,93.95205139830597,0.0
100,en,bus,jack,t4,pitch,808.59375,0.0,122.70843544134608,118.08692956349205
105,en,bus,jack,t4,pitch,3926.71875,0.0,237.6444331747669,0.0
110,en,bus,jack,t4,pitch,1252.8255208333337,0.0,128.9805776079103,117.00520833333331
115,en,bus,jack,t4,pitch,377.96875,0.0,93.65030777273834,113.640625
120,en,bus,jack,t4,pitch,341.640625,0.0,74.20469072287443,83.7282986111111
125,en,bus,jack,t4,pitch,336.25,0.0,86.28679766359888,117.5898873465402
130,en,bus,jack,t4,pitch,383.822265625,0.0,96.84447071001432,125.95703125
135,en,bus,jack,t4,pitch,949.7265625,0.0,77.6430608313318,0.0
140,en,bus,jack,t4,pitch,374.765625,0.0,105.24040757069044,122.38411458333331
145,en,bus,jack,t4,pitch,414.53125,0.0,81.35264792643213,34.943359375
150,en,bus,jack,t4,pitch,917.9231770833331,0.0,94.57524416562659,0.0
155,en,bus,jack,t4,pitch,368.671875,0.0,91.61989625798073,122.8125
160,en,bus,jack,t4,pitch,799.453125,0.0,123.79592995294436,128.8202617694805
165,en,bus,jack,t4,pitch,4074.0625,0.0,162.8743378642349,93.19140625
170,en,bus,jack,t4,pitch,446.875,0.0,78.64944478424273,112.748046875
175,en,bus,jack,t4,pitch,1814.53125,0.0,132.66383098588486,119.99728732638889
180,en,bus,jack,t4,pitch,1472.1875,0.0,177.52255870246023,122.83528645833333
185,en,bus,jack,t4,pitch,167.6314484126984,0.0,95.57760597195676,123.46028645833334
190,en,bus,jack,t4,pitch,411.640625,0.0,72.10018819457379,0.0
195,en,bus,jack,t4,pitch,577.1540178571429,0.0,150.2984123568654,130.18868582589286
200,en,bus,jack,t4,pitch,472.734375,0.0,86.01637218057269,59.54781668526786
205,en,bus,jack,t4,pitch,603.6354166666667,0.0,117.42559496326207,122.32421875
210,en,bus,jack,t4,pitch,428.59375,0.0,94.14297810226522,122.021484375
215,en,bus,jack,t4,pitch,479.0625,0.0,98.54687196030405,115.00822310405646
220,en,bus,jack,t4,pitch,570.68359375,0.0,96.6767018512345,111.5625
225,en,bus,jack,t4,pitch,570.68359375,0.0,93.33490534209052,112.07899305555556
230,en,bus,jack,t4,pitch,539.21875,0.0,68.07101189135196,34.284598214285715
235,en,bus,jack,t4,pitch,0.0,0.0,0.0,0.0
0,en,casual,jack,t2,pitch,517.578125,0.0,95.89739918764637,0.0
5,en,casual,jack,t2,pitch,983.69140625,0.0,139.7226355652346,158.86393229166669
10,en,casual,jack,t2,pitch,1518.4375,0.0,227.02904290982062,171.08901515151516
15,en,casual,jack,t2,pitch,574.21875,0.0,152.71564229481757,150.18353174603175
20,en,casual,jack,t2,pitch,1245.0,0.0,171.94190975543864,147.34375
25,en,casual,jack,t2,pitch,416.875,0.0,103.34833021434585,123.037109375
30,en,casual,jack,t2,pitch,572.734375,0.0,105.1361408137254,127.40234375
35,en,casual,jack,t2,pitch,457.03125,0.0,90.01789670157369,123.916015625
40,en,casual,jack,t2,pitch,682.1484375,0.0,152.88863480030338,172.20703125
45,en,casual,jack,t2,pitch,581.953125,0.0,167.57021047549705,163.0546875
50,en,casual,jack,t2,pitch,496.328125,0.0,129.24581919749394,129.74050493777057
55,en,casual,jack,t2,pitch,491.796875,0.0,122.02930131971416,131.41276041666669
60,en,casual,jack,t2,pitch,492.96875,0.0,93.63098295300088,127.10026041666669
65,en,casual,jack,t2,pitch,628.3854166666667,0.0,83.80451550354664,0.0
70,en,casual,jack,t2,pitch,1526.875,0.0,155.13120494021962,0.0
75,en,casual,jack,t2,pitch,383.046875,0.0,125.81419548820577,134.765625
80,en,casual,jack,t2,pitch,344.84375,0.0,114.9823455785916,126.67906746031746
85,en,casual,jack,t2,pitch,593.125,0.0,144.17036463197164,138.466796875
90,en,casual,jack,t2,pitch,505.234375,0.0,116.69761616886336,123.00184461805554
95,en,casual,jack,t2,pitch,427.65625,0.0,87.93724848727018,0.0
100,en,casual,jack,t2,pitch,1930.15625,0.0,210.54345526605408,157.35026041666666
105,en,casual,jack,t2,pitch,659.140625,0.0,149.02739093713816,136.59561011904762
110,en,casual,jack,t2,pitch,490.46875,0.0,149.4318636220489,134.81770833333334
115,en,casual,jack,t2,pitch,426.875,0.0,102.10199925178337,127.00520833333334
120,en,casual,jack,t2,pitch,478.75,0.0,136.8152872427775,143.50260416666669
125,en,casual,jack,t2,pitch,539.21875,0.0,145.94012431809017,144.80989583333331
130,en,casual,jack,t2,pitch,532.734375,0.0,85.98584456835893,0.0
135,en,casual,jack,t2,pitch,518.75,0.0,113.3856321843564,145.91145833333334
140,en,casual,jack,t2,pitch,248.984375,0.0,101.74246870921763,120.75578703703704
145,en,casual,jack,t2,pitch,574.765625,0.0,144.63677066207828,130.58268229166666
150,en,casual,jack,t2,pitch,413.671875,0.0,137.86404018776977,150.963226010101
155,en,casual,jack,t2,pitch,508.171875,0.0,97.01272485201804,132.0689406622024
160,en,casual,jack,t2,pitch,206.1328125,0.0,95.71348322374193,116.96354166666664
165,en,casual,jack,t2,pitch,0.0,0.0,0.0,0.0
0,en,casual,jack,t3,pitch,811.71875,0.0,108.3216735379261,0.0
5,en,casual,jack,t3,pitch,452.03125,0.0,174.9055873837761,177.8125
10,en,casual,jack,t3,pitch,337.890625,0.0,102.68949141230728,126.0546875
15,en,casual,jack,t3,pitch,236.3828125,0.0,89.15850788194366,128.31244926948054
20,en,casual,jack,t3,pitch,493.984375,0.0,102.69404509161939,114.1412644159226
25,en,casual,jack,t3,pitch,452.03125,0.0,121.74146076831126,128.95833333333331
30,en,casual,jack,t3,pitch,198.3294270833333,0.0,80.68707165177979,122.25260416666666
35,en,casual,jack,t3,pitch,480.78125,0.0,108.46496504709746,123.0478050595238
40,en,casual,jack,t3,pitch,257.09449404761904,0.0,131.7366227562876,130.03255208333334
45,en,casual,jack,t3,pitch,890.7291666666667,0.0,102.90914573271716,75.97098214285714
50,en,casual,jack,t3,pitch,253.99479166666669,0.0,78.49011130969139,104.06175595238096
55,en,casual,jack,t3,pitch,1333.75,0.0,162.10384658124613,133.4375
60,en,casual,jack,t3,pitch,316.40625,0.0,105.8656752044359,113.45703125
65,en,casual,jack,t3,pitch,440.3125,0.0,135.4735473873772,134.39973958333334
70,en,casual,jack,t3,pitch,839.921875,0.0,105.97565667191206,88.09483119419643
75,en,casual,jack,t3,pitch,505.859375,0.0,106.44520744995293,107.421875
80,en,casual,jack,t3,pitch,778.07421875,0.0,117.15403529637699,132.13020833333331
85,en,casual,jack,t3,pitch,327.578125,0.0,116.29724234436925,133.19140625
90,en,casual,jack,t3,pitch,915.2734375,0.0,78.50705866177266,97.07770647321428
95,en,casual,jack,t3,pitch,542.109375,0.0,97.08276548032407,122.783203125
100,en,casual,jack,t3,pitch,530.83984375,0.0,141.9969884278943,172.31119791666669
105,en,casual,jack,t3,pitch,339.21875,0.0,92.01701400356625,117.53645833333331
110,en,casual,jack,t3,pitch,480.46875,0.0,132.00654507454516,139.81282552083334
115,en,casual,jack,t3,pitch,240.31994047619045,0.0,78.08559262606327,107.7839523396164
120,en,casual,jack,t3,pitch,419.84375,0.0,91.72161471951529,119.8329265873016
125,en,casual,jack,t3,pitch,623.8671875,0.0,148.95845089800866,132.88145727040813
130,en,casual,jack,t3,pitch,491.40625,0.0,118.16292801681185,137.12239583333331
135,en,casual,jack,t3,pitch,516.25,0.0,130.6049255950282,128.60677083333331
140,en,casual,jack,t3,pitch,577.265625,0.0,125.11865692263898,114.27571614583334
145,en,casual,jack,t3,pitch,263.984375,0.0,81.34192018805513,113.7265625
150,en,casual,jack,t3,pitch,429.609375,0.0,89.96630071255933,116.86713324652777
155,en,casual,jack,t3,pitch,697.16796875,0.0,85.57482162692357,0.0
160,en,casual,jack,t3,pitch,542.8125,0.0,123.91428239306646,131.796875
165,en,casual,jack,t3,pitch,170.27296401515153,0.0,106.59962399893058,130.1025390625
170,en,casual,jack,t3,pitch,307.5390625,0.0,82.49857660485574,84.42243303571428
175,en,casual,jack,t3,pitch,557.5,0.0,122.11010033689726,120.38802083333331
180,en,casual,jack,t3,pitch,515.625,0.0,93.87612294353507,111.689453125
185,en,casual,jack,t3,pitch,526.015625,0.0,117.69337127205189,155.76171875
190,en,casual,jack,t3,pitch,488.046875,0.0,118.94671474217098,126.12413194444444
195,en,casual,jack,t3,pitch,320.46875,0.0,127.35754632491188,120.89211309523807
200,en,casual,jack,t3,pitch,1652.03125,0.0,111.28155554326166,0.0
205,en,casual,jack,t3,pitch,483.28125,0.0,79.37145164477688,0.0
210,en,casual,jack,t3,pitch,415.15625,0.0,84.56837737804375,110.7734375
215,en,casual,jack,t3,pitch,396.5703125,0.0,108.85070512290564,119.892578125
220,en,casual,jack,t3,pitch,2389.0625,0.0,170.12222642506484,129.4140625
225,en,casual,jack,t3,pitch,469.765625,0.0,70.5543357286108,0.0
230,en,casual,jack,t3,pitch,540.859375,0.0,130.0460066571883,128.13823784722223
235,en,casual,jack,t3,pitch,396.25,0.0,124.63712417619949,153.3203125
240,en,casual,jack,t3,pitch,517.890625,0.0,94.9062057785551,112.3779296875
245,en,casual,jack,t3,pitch,527.03125,0.0,119.60463429113015,125.60872395833334
250,en,casual,jack,t3,pitch,864.1796875,0.0,108.45341333581945,115.62816776683964
255,en,casual,jack,t3,pitch,546.7321428571429,0.0,125.08906674554949,142.36979166666666
260,en,casual,jack,t3,pitch,393.515625,0.0,104.98283764352095,124.6859375
265,en,casual,jack,t3,pitch,490.546875,0.0,111.89663602637235,124.58843315972223
270,en,casual,jack,t3,pitch,505.46875,0.0,154.82791879830538,147.587890625
275,en,casual,jack,t3,pitch,400.234375,0.0,135.4773970534114,156.02213541666666
280,en,casual,jack,t3,pitch,400.78125,0.0,133.04388466717378,134.44554924242425
285,en,casual,jack,t3,pitch,552.109375,0.0,139.485609164917,151.2109375
290,en,casual,jack,t3,pitch,432.03125,0.0,85.54155535635132,0.0
0,en,casual,jack,t1,pitch,479.6875,0.0,82.04862231952075,0.0
5,en,casual,jack,t1,pitch,316.875,0.0,110.53540108779012,130.78125
10,en,casual,jack,t1,pitch,515.625,0.0,152.1152506423888,130.810546875
15,en,casual,jack,t1,pitch,561.6666666666667,0.0,105.04710399424215,110.70855034722223
20,en,casual,jack,t1,pitch,498.3721633184524,0.0,94.34085883850462,111.66015625
25,en,casual,jack,t1,pitch,1820.46875,0.0,250.41752858031973,175.78125
30,en,casual,jack,t1,pitch,1008.125,0.0,117.21637051072695,0.0
35,en,casual,jack,t1,pitch,501.40625,0.0,168.71423392273576,145.37481398809524
40,en,casual,jack,t1,pitch,1067.96875,0.0,151.82907539261524,110.9833984375
45,en,casual,jack,t1,pitch,494.609375,0.0,186.2337463189598,186.533203125
50,en,casual,jack,t1,pitch,488.80208333333337,0.0,91.57345340341493,85.35677083333334
55,en,casual,jack,t1,pitch,467.109375,0.0,99.58019614591366,126.22395833333334
60,en,casual,jack,t1,pitch,1559.21875,0.0,221.10951285252273,154.7265625
65,en,casual,jack,t1,pitch,1426.25,0.0,149.92484751111982,130.4296875
70,en,casual,jack,t1,pitch,290.859375,0.0,101.52342434846145,111.86848958333334
75,en,casual,jack,t1,pitch,494.6875,0.0,102.52270840119607,0.0
80,en,casual,jack,t1,pitch,575.0833333333333,0.0,121.27812161796537,103.01953125
85,en,casual,jack,t1,pitch,327.5,0.0,115.30218520837099,150.15625
90,en,casual,jack,t1,pitch,564.1489955357142,0.0,144.7618280926501,142.453125
95,en,casual,jack,t1,pitch,376.796875,0.0,154.5283878074993,149.60104166666667
100,en,casual,jack,t1,pitch,508.28125,0.0,133.39992560807733,133.83506944444446
105,en,casual,jack,t1,pitch,565.546875,0.0,153.21689297653052,163.4375
110,en,casual,jack,t1,pitch,478.59375,0.0,111.38552146276756,72.52901785714286
115,en,casual,jack,t1,pitch,1641.25,0.0,78.39267632547799,0.0
120,en,casual,jack,t1,pitch,421.875,0.0,133.04543865655205,149.46354166666666
125,en,casual,jack,t1,pitch,644.0625,0.0,255.79348980477607,288.99609375
130,en,casual,jack,t1,pitch,246.50420673076923,0.0,128.9772997956712,161.31510416666669
135,en,casual,jack,t1,pitch,491.796875,0.0,129.07893299406751,120.0390625
140,en,casual,jack,t1,pitch,464.296875,0.0,188.44621103208232,185.234375
145,en,casual,jack,t1,pitch,492.1875,0.0,154.16772835325867,177.87760416666669
150,en,casual,jack,t1,pitch,302.7265625,0.0,56.21333910293074,0.0
155,en,casual,jack,t1,pitch,0.0,0.0,0.0,0.0
0,en,casual,jack,t4,pitch,515.625,0.0,134.9972855657824,115.25530133928572
5,en,casual,jack,t4,pitch,472.3502604166666,0.0,99.55942420970709,105.55989583333334
10,en,casual,jack,t4,pitch,1747.65625,0.0,207.19954618352884,131.00260416666669
15,en,casual,jack,t4,pitch,202.8450520833333,0.0,65.93501728816527,0.0
20,en,casual,jack,t4,pitch,1338.0989583333337,0.0,148.424650488658,127.23307291666669
25,en,casual,jack,t4,pitch,438.4375,0.0,124.55500617228896,130.3443287037037
30,en,casual,jack,t4,pitch,478.59375,0.0,92.30747802887633,117.8955078125
35,en,casual,jack,t4,pitch,582.265625,0.0,147.52956429340043,134.72764756944443
40,en,casual,jack,t4,pitch,575.9375,0.0,129.5228973709648,139.8871527777778
45,en,casual,jack,t4,pitch,536.953125,0.0,127.47984370542198,125.0217013888889
50,en,casual,jack,t4,pitch,1710.9375,0.0,145.1442372039773,135.20529513888889
55,en,casual,jack,t4,pitch,508.203125,0.0,100.03335031465633,123.63467261904762
60,en,casual,jack,t4,pitch,391.171875,0.0,82.58118798473777,40.77311197916666
65,en,casual,jack,t4,pitch,657.03125,0.0,149.82668842903848,134.5627170138889
70,en,casual,jack,t4,pitch,491.40625,0.0,68.75919155377669,0.0
75,en,casual,jack,t4,pitch,1759.375,0.0,209.58053174479625,144.37174479166666
80,en,casual,jack,t4,pitch,2734.53125,0.0,174.62118712865384,124.06901041666666
85,en,casual,jack,t4,pitch,525.390625,0.0,102.09340684475983,126.44375
90,en,casual,jack,t4,pitch,540.46875,0.0,144.8318977983822,128.02401620370372
95,en,casual,jack,t4,pitch,509.375,0.0,63.7003597345574,0.0
100,en,casual,jack,t4,pitch,763.828125,0.0,125.92985453493266,124.12434895833331
105,en,casual,jack,t4,pitch,2715.0,0.0,159.6832295455798,111.73673115079366
110,en,casual,jack,t4,pitch,166.1733630952381,0.0,54.21918109079914,0.0
115,en,casual,jack,t4,pitch,2005.46875,0.0,167.69688525550612,128.52300347222223
120,en,casual,jack,t4,pitch,328.1875,0.0,93.1888428136568,123.0859375
125,en,casual,jack,t4,pitch,411.5625,0.0,136.6539330749656,133.93391927083331
130,en,casual,jack,t4,pitch,534.0625,0.0,85.72703288129489,0.0
135,en,casual,jack,t4,pitch,1357.2786458333337,0.0,180.21103648879142,155.27018229166666
140,en,casual,jack,t4,pitch,570.859375,0.0,138.08872131018356,143.63543216765873
145,en,casual,jack,t4,pitch,535.859375,0.0,142.0934621498863,145.64908854166666
150,en,casual,jack,t4,pitch,433.59375,0.0,127.7043654033971,147.890625
155,en,casual,jack,t4,pitch,480.2578125,0.0,24.165440895909647,0.0
160,en,casual,jack,t4,pitch,0.0,0.0,0.0,0.0
0,ch,bus,yaoyi,t3,pitch,178.59375,0.0,38.869166782924104,0.0
5,ch,bus,yaoyi,t3,pitch,147.64322916666669,0.0,83.10109312108204,93.31510416666666
10,ch,bus,yaoyi,t3,pitch,2673.75,0.0,191.9473613989867,71.73289465525794
15,ch,bus,yaoyi,t3,pitch,2158.4375,0.0,112.02049563717533,85.48385416666667
20,ch,bus,yaoyi,t3,pitch,281.59375,0.0,77.30765258596433,96.935546875
25,ch,bus,yaoyi,t3,pitch,2309.84375,0.0,212.2507616206825,95.80859375
30,ch,bus,yaoyi,t3,pitch,466.953125,0.0,106.81716672261363,90.85100446428572
35,ch,bus,yaoyi,t3,pitch,368.28125,0.0,93.72496979413391,97.7267113095238
40,ch,bus,yaoyi,t3,pitch,440.4296875,0.0,100.1542255523067,105.46875
45,ch,bus,yaoyi,t3,pitch,455.3776041666666,0.0,105.10850826801027,99.81005859375
50,ch,bus,yaoyi,t3,pitch,585.3980654761905,0.0,92.02769134004237,105.78125
55,ch,bus,yaoyi,t3,pitch,710.1197916666667,0.0,89.11020107370204,93.17908296130952
60,ch,bus,yaoyi,t3,pitch,3240.46875,0.0,143.27617621189987,108.71005172902494
65,ch,bus,yaoyi,t3,pitch,484.1666666666666,0.0,105.2597877873741,112.84006076388889
70,ch,bus,yaoyi,t3,pitch,894.7786458333333,0.0,120.04377705376066,118.88671875
75,ch,bus,yaoyi,t3,pitch,188.232421875,0.0,78.91320882348194,97.80159505208331
80,ch,bus,yaoyi,t3,pitch,833.28125,0.0,121.55501557194,96.43359375
85,ch,bus,yaoyi,t3,pitch,507.421875,0.0,102.281573462943,98.8033347800926
90,ch,bus,yaoyi,t3,pitch,611.484375,0.0,132.49212846430683,102.109375
95,ch,bus,yaoyi,t3,pitch,805.234375,0.0,111.26979051169077,90.7421875
100,ch,bus,yaoyi,t3,pitch,2821.40625,0.0,155.71060130732982,101.29557291666667
105,ch,bus,yaoyi,t3,pitch,180.46875,0.0,96.67565540900968,106.09375
110,ch,bus,yaoyi,t3,pitch,221.6015625,0.0,87.73279344652593,107.8515625
115,ch,bus,yaoyi,t3,pitch,848.125,0.0,123.65776297099282,101.68131510416669
120,ch,bus,yaoyi,t3,pitch,3869.6875,0.0,161.8310524156947,102.57421875
125,ch,bus,yaoyi,t3,pitch,552.5178571428571,0.0,100.24064110129574,105.08138020833333
130,ch,bus,yaoyi,t3,pitch,2226.25,0.0,102.60384464014211,91.4306640625
135,ch,bus,yaoyi,t3,pitch,432.734375,0.0,102.93011891557356,106.67903645833331
140,ch,bus,yaoyi,t3,pitch,619.19921875,0.0,61.7715405029403,0.0
145,ch,bus,yaoyi,t3,pitch,677.34375,0.0,98.69690001011898,105.625
150,ch,bus,yaoyi,t3,pitch,447.5078125,0.0,82.04383235595948,94.05678013392856
155,ch,bus,yaoyi,t3,pitch,267.75,0.0,75.43711749160273,97.74088541666666
160,ch,bus,yaoyi,t3,pitch,3360.15625,0.0,187.5841485697617,99.33854166666667
165,ch,bus,yaoyi,t3,pitch,245.46875,0.0,99.84701006531084,119.47102864583334
170,ch,bus,yaoyi,t3,pitch,1662.1875,0.0,142.00142389921038,107.96875
175,ch,bus,yaoyi,t3,pitch,2522.34375,0.0,150.95944163777546,97.02864583333331
180,ch,bus,yaoyi,t3,pitch,177.1875,0.0,34.43594637784091,0.0
0,ch,bus,yaoyi,t2,pitch,204.22526041666669,0.0,48.05962940796655,0.0
5,ch,bus,yaoyi,t2,pitch,298.44642857142856,0.0,83.20874456468461,91.50513435132575
10,ch,bus,yaoyi,t2,pitch,178.2421875,0.0,77.41936330738892,93.37565104166666
15,ch,bus,yaoyi,t2,pitch,565.05078125,0.0,108.53651524829664,102.578125
20,ch,bus,yaoyi,t2,pitch,349.84114583333337,0.0,78.49975495515045,84.93674045138889
25,ch,bus,yaoyi,t2,pitch,309.0625,0.0,91.63398048638906,90.64697265625
30,ch,bus,yaoyi,t2,pitch,2663.28125,0.0,143.24618366498075,100.09765625
35,ch,bus,yaoyi,t2,pitch,430.0,0.0,68.92997476479411,77.22749255952381
40,ch,bus,yaoyi,t2,pitch,365.46875,0.0,74.43688236564381,85.79128689236111
45,ch,bus,yaoyi,t2,pitch,362.4088541666666,0.0,77.10125380881519,84.3046875
50,ch,bus,yaoyi,t2,pitch,317.5,0.0,84.64095589243861,101.6796875
55,ch,bus,yaoyi,t2,pitch,158.42447916666669,0.0,66.19947927842931,87.37152777777777
60,ch,bus,yaoyi,t2,pitch,1435.0,0.0,101.59787533722164,96.69677734375
65,ch,bus,yaoyi,t2,pitch,180.7942708333333,0.0,62.37405225409836,73.11210317460318
70,ch,bus,yaoyi,t2,pitch,211.87174479166669,0.0,68.41192387979498,89.58116319444444
75,ch,bus,yaoyi,t2,pitch,2195.15625,0.0,117.74284421613697,91.8212890625
80,ch,bus,yaoyi,t2,pitch,2195.15625,0.0,117.69008696487131,97.31361607142856
85,ch,bus,yaoyi,t2,pitch,872.890625,0.0,107.96864578350872,96.82779947916666
90,ch,bus,yaoyi,t2,pitch,239.375,0.0,72.09668700182092,97.06473214285714
95,ch,bus,yaoyi,t2,pitch,3931.09375,0.0,148.37913614256254,94.1357421875
100,ch,bus,yaoyi,t2,pitch,2905.0,0.0,119.72302819460064,103.32475611772487
105,ch,bus,yaoyi,t2,pitch,507.421875,0.0,128.58782614517884,100.71142578125
110,ch,bus,yaoyi,t2,pitch,273.984375,0.0,86.77070574413314,97.09937569754464
115,ch,bus,yaoyi,t2,pitch,640.15625,0.0,72.94120119401927,82.15494791666666
120,ch,bus,yaoyi,t2,pitch,143.515625,0.0,65.18532477881863,94.61328125
125,ch,bus,yaoyi,t2,pitch,2036.25,0.0,131.45248180153865,100.8984375
130,ch,bus,yaoyi,t2,pitch,567.7890625,0.0,91.47260986635685,101.4306640625
135,ch,bus,yaoyi,t2,pitch,2765.3125,0.0,139.02882807903384,92.6726810515873
140,ch,bus,yaoyi,t2,pitch,365.0651041666667,0.0,78.35473364061534,101.31975446428572
145,ch,bus,yaoyi,t2,pitch,1487.65625,0.0,105.20572370668702,101.5625
150,ch,bus,yaoyi,t2,pitch,396.25,0.0,94.80757228462622,107.83040364583333
155,ch,bus,yaoyi,t2,pitch,190.859375,0.0,75.68062820207403,97.2021484375
160,ch,bus,yaoyi,t2,pitch,147.5,0.0,64.95067537166294,100.06640625
165,ch,bus,yaoyi,t2,pitch,701.0546875,0.0,139.53552088755097,102.421875
170,ch,bus,yaoyi,t2,pitch,405.5572916666666,0.0,87.22588494056477,99.59809027777777
175,ch,bus,yaoyi,t2,pitch,1431.25,0.0,118.14321386611847,104.86928013392857
180,ch,bus,yaoyi,t2,pitch,160.0,0.0,18.26923076923077,0.0
0,ch,casual,yaoyi,t4,pitch,455.078125,0.0,88.79778725760323,97.3427734375
5,ch,casual,yaoyi,t4,pitch,481.25,0.0,109.49654766618514,101.796875
10,ch,casual,yaoyi,t4,pitch,530.15625,0.0,96.83245210193454,104.1455078125
15,ch,casual,yaoyi,t4,pitch,488.61328125,0.0,108.88430855241403,99.44416542658732
20,ch,casual,yaoyi,t4,pitch,428.203125,0.0,88.40347331798202,103.11360677083334
25,ch,casual,yaoyi,t4,pitch,1766.40625,0.0,190.9824248342803,120.546875
30,ch,casual,yaoyi,t4,pitch,812.4609375,0.0,108.31809470212872,100.99609375
35,ch,casual,yaoyi,t4,pitch,606.6328125,0.0,102.4824013620205,101.43705822172618
40,ch,casual,yaoyi,t4,pitch,483.984375,0.0,95.40047444517931,97.47589595734127
45,ch,casual,yaoyi,t4,pitch,492.65625,0.0,123.43097434069114,124.14078776041666
50,ch,casual,yaoyi,t4,pitch,480.46875,0.0,95.48774005513256,101.72014508928572
55,ch,casual,yaoyi,t4,pitch,225.4296875,0.0,93.51429561769731,108.52376302083333
60,ch,casual,yaoyi,t4,pitch,221.40625,0.0,52.15260739822942,0.0
65,ch,casual,yaoyi,t4,pitch,180.625,0.0,80.2514326016865,101.55463324652777
70,ch,casual,yaoyi,t4,pitch,2039.0625,0.0,123.44219257604766,94.0859375
75,ch,casual,yaoyi,t4,pitch,466.015625,0.0,104.01658860463945,116.40494791666667
80,ch,casual,yaoyi,t4,pitch,472.34375,0.0,90.1719563433012,94.99934895833333
85,ch,casual,yaoyi,t4,pitch,192.03125,0.0,83.37568095740703,102.9580078125
90,ch,casual,yaoyi,t4,pitch,444.16015625,0.0,89.13073585336912,105.46875
95,ch,casual,yaoyi,t4,pitch,193.6875,0.0,89.01352459057381,108.8671875
100,ch,casual,yaoyi,t4,pitch,494.55078125,0.0,100.11475446428572,97.22005208333331
0,ch,bus,yaoyi,t1,pitch,319.38671875,0.0,65.816621989122,0.0
5,ch,bus,yaoyi,t1,pitch,330.234375,0.0,63.6738392695041,83.0078125
10,ch,bus,yaoyi,t1,pitch,1873.4375,0.0,135.6881807162799,94.73090277777776
15,ch,bus,yaoyi,t1,pitch,2346.25,0.0,128.48781404684726,93.83644480519479
20,ch,bus,yaoyi,t1,pitch,591.1393229166667,0.0,103.08201618915956,95.18411458333334
25,ch,bus,yaoyi,t1,pitch,2702.34375,0.0,136.55967750150296,87.63932291666666
30,ch,bus,yaoyi,t1,pitch,2363.75,0.0,131.05283909896426,95.67659505208333
35,ch,bus,yaoyi,t1,pitch,379.1744791666667,0.0,65.03370499307597,87.06380208333334
40,ch,bus,yaoyi,t1,pitch,958.203125,0.0,106.03778186416,88.35867745535714
45,ch,bus,yaoyi,t1,pitch,1770.78125,0.0,165.85586796525294,58.79603794642857
50,ch,bus,yaoyi,t1,pitch,420.46875,0.0,129.66884273766598,103.30078125
55,ch,bus,yaoyi,t1,pitch,480.46875,0.0,85.40082929322628,99.12912502536525
60,ch,bus,yaoyi,t1,pitch,1617.1875,0.0,119.40156201893474,112.06814236111111
65,ch,bus,yaoyi,t1,pitch,234.375,0.0,66.09136638619445,92.32059733072916
70,ch,bus,yaoyi,t1,pitch,346.07142857142856,0.0,83.13878130656502,95.8294890873016
75,ch,bus,yaoyi,t1,pitch,372.265625,0.0,113.84499114044489,113.53679677166002
80,ch,bus,yaoyi,t1,pitch,223.75,0.0,76.93306816710039,97.75651041666669
85,ch,bus,yaoyi,t1,pitch,167.03125,0.0,74.80729407045916,99.64615885416666
90,ch,bus,yaoyi,t1,pitch,399.765625,0.0,105.77279498841142,93.75
95,ch,bus,yaoyi,t1,pitch,317.1986607142857,0.0,66.34129522414435,87.27060081845238
100,ch,bus,yaoyi,t1,pitch,341.875,0.0,77.08902152902675,88.93238321940103
105,ch,bus,yaoyi,t1,pitch,1486.09375,0.0,96.85327995596981,95.94857933407738
110,ch,bus,yaoyi,t1,pitch,790.6510416666667,0.0,151.90582531753188,95.68746744791666
115,ch,bus,yaoyi,t1,pitch,3949.21875,0.0,195.53304756613278,111.6171875
120,ch,bus,yaoyi,t1,pitch,263.04947916666663,0.0,74.96875661738258,89.71354166666666
125,ch,bus,yaoyi,t1,pitch,302.3828125,0.0,86.93856431227117,94.37439693759447
130,ch,bus,yaoyi,t1,pitch,480.46875,0.0,104.41617011151051,97.40950520833334
135,ch,bus,yaoyi,t1,pitch,369.03125,0.0,83.52910134494222,95.53125
140,ch,bus,yaoyi,t1,pitch,349.8530505952381,0.0,92.06989933397404,107.421875
145,ch,bus,yaoyi,t1,pitch,340.5111607142857,0.0,97.12754420999924,101.98828125
150,ch,bus,yaoyi,t1,pitch,194.453125,0.0,42.4127914186508,0.0
155,ch,bus,yaoyi,t1,pitch,186.8125,0.0,90.67742047991072,107.2265625
160,ch,bus,yaoyi,t1,pitch,479.0625,0.0,99.34966171311974,103.998046875
165,ch,bus,yaoyi,t1,pitch,338.046875,0.0,89.94232301341424,103.359375
170,ch,bus,yaoyi,t1,pitch,2427.03125,0.0,116.01198275835993,0.0
0,ch,casual,yaoyi,t1,pitch,2253.75,0.0,144.45748701204758,79.73586309523809
5,ch,casual,yaoyi,t1,pitch,733.828125,0.0,110.95657108831824,105.078125
10,ch,casual,yaoyi,t1,pitch,510.078125,0.0,92.55332993380543,97.873046875
15,ch,casual,yaoyi,t1,pitch,242.734375,0.0,82.96577266130217,97.1206287202381
20,ch,casual,yaoyi,t1,pitch,410.0,0.0,106.07730750199624,107.03125
25,ch,casual,yaoyi,t1,pitch,493.4375,0.0,94.57750149140439,110.29296875
30,ch,casual,yaoyi,t1,pitch,464.609375,0.0,128.50842070624546,109.57170758928572
35,ch,casual,yaoyi,t1,pitch,290.859375,0.0,82.140487151892,90.64485677083333
40,ch,casual,yaoyi,t1,pitch,480.15625,0.0,122.15698583578397,95.77952163938494
45,ch,casual,yaoyi,t1,pitch,482.734375,0.0,68.36816696327044,0.0
50,ch,casual,yaoyi,t1,pitch,278.73046875,0.0,73.50117672531042,92.04369729662699
55,ch,casual,yaoyi,t1,pitch,494.453125,0.0,102.09596223890993,104.6337890625
60,ch,casual,yaoyi,t1,pitch,492.03125,0.0,109.46654716648992,107.01822916666666
65,ch,casual,yaoyi,t1,pitch,512.2366071428571,0.0,95.93475037766054,94.47786458333334
70,ch,casual,yaoyi,t1,pitch,508.2254464285714,0.0,111.3470464999983,104.0625
75,ch,casual,yaoyi,t1,pitch,452.1875,0.0,92.19138006206008,88.42230902777779
80,ch,casual,yaoyi,t1,pitch,479.375,0.0,80.5186143878486,32.995535714285715
85,ch,casual,yaoyi,t1,pitch,223.671875,0.0,75.919903798608,99.20540364583333
90,ch,casual,yaoyi,t1,pitch,429.609375,0.0,81.9597395714095,97.4432136656746
95,ch,casual,yaoyi,t1,pitch,228.671875,0.0,111.62593015701432,131.74479166666669
100,ch,casual,yaoyi,t1,pitch,513.7109375,0.0,127.44360395633949,109.5734375
105,ch,casual,yaoyi,t1,pitch,476.09375,0.0,99.81959786800624,107.62109375
110,ch,casual,yaoyi,t1,pitch,473.75,0.0,68.07378665984623,0.0
0,ch,bus,yaoyi,t4,pitch,527.578125,0.0,81.67786573933952,0.0
5,ch,bus,yaoyi,t4,pitch,2278.4375,0.0,168.00510159793086,104.66959635416666
10,ch,bus,yaoyi,t4,pitch,2283.59375,0.0,157.49191384787088,104.42708333333334
15,ch,bus,yaoyi,t4,pitch,633.125,0.0,89.85910638412437,86.34440104166667
20,ch,bus,yaoyi,t4,pitch,428.59375,0.0,90.95019335260444,89.296875
25,ch,bus,yaoyi,t4,pitch,394.453125,0.0,75.16597222431922,77.19270833333333
30,ch,bus,yaoyi,t4,pitch,452.421875,0.0,85.0152173943678,95.83333333333334
35,ch,bus,yaoyi,t4,pitch,487.109375,0.0,83.66573604347042,104.375
40,ch,bus,yaoyi,t4,pitch,392.3790922619048,0.0,77.12001172820823,100.80947420634922
45,ch,bus,yaoyi,t4,pitch,2614.53125,0.0,312.27073000261305,111.13932291666667
50,ch,bus,yaoyi,t4,pitch,2345.0,0.0,121.73450761365969,86.59661458333333
55,ch,bus,yaoyi,t4,pitch,580.3526785714286,0.0,116.00697823388766,104.765625
60,ch,bus,yaoyi,t4,pitch,2293.75,0.0,183.19667019230357,85.9296875
65,ch,bus,yaoyi,t4,pitch,872.0963541666667,0.0,95.61666331688113,105.92529296875
70,ch,bus,yaoyi,t4,pitch,249.609375,0.0,52.16486426388599,0.0
75,ch,bus,yaoyi,t4,pitch,245.0,0.0,69.72623142464451,93.76402968956683
80,ch,bus,yaoyi,t4,pitch,2660.78125,0.0,243.2574643051665,107.734375
85,ch,bus,yaoyi,t4,pitch,574.6741071428571,0.0,99.28700605919252,106.53523763020834
90,ch,bus,yaoyi,t4,pitch,450.953125,0.0,96.18225872997225,102.099609375
95,ch,bus,yaoyi,t4,pitch,2438.125,0.0,203.2177113095238,99.2578125
100,ch,bus,yaoyi,t4,pitch,338.75,0.0,84.76570813783448,101.015625
105,ch,bus,yaoyi,t4,pitch,543.66796875,0.0,91.11184991176738,94.368896484375
110,ch,bus,yaoyi,t4,pitch,723.59375,0.0,106.15498593488931,93.208984375
115,ch,bus,yaoyi,t4,pitch,3877.03125,0.0,126.86080276600623,85.8447265625
120,ch,bus,yaoyi,t4,pitch,550.0892857142858,0.0,134.78545976496068,113.2421875
125,ch,bus,yaoyi,t4,pitch,2486.875,0.0,134.62932953331392,85.7470703125
130,ch,bus,yaoyi,t4,pitch,574.6205357142858,0.0,100.9356233711656,101.8447265625
135,ch,bus,yaoyi,t4,pitch,508.046875,0.0,78.83479541843221,61.246651785714285
140,ch,bus,yaoyi,t4,pitch,1690.3515625,0.0,139.0899946510033,98.93155924479169
145,ch,bus,yaoyi,t4,pitch,412.1875,0.0,106.21668061755952,110.28076171875
150,ch,bus,yaoyi,t4,pitch,579.1941964285714,0.0,81.08574849667572,94.62076822916666
155,ch,bus,yaoyi,t4,pitch,283.671875,0.0,82.78217325962281,98.42633928571428
160,ch,bus,yaoyi,t4,pitch,980.48828125,0.0,109.33522888321995,96.61263020833334
165,ch,bus,yaoyi,t4,pitch,412.96875,0.0,65.35088459969614,0.0
0,ch,casual,yaoyi,t3,pitch,554.7991071428571,0.0,83.1716125079939,94.00325520833334
5,ch,casual,yaoyi,t3,pitch,184.08203125,0.0,76.62427725085028,96.84988839285714
10,ch,casual,yaoyi,t3,pitch,464.921875,0.0,104.48450265102682,92.81994047619048
15,ch,casual,yaoyi,t3,pitch,246.09375,0.0,88.10373760092516,102.96875
20,ch,casual,yaoyi,t3,pitch,546.4553571428571,0.0,123.42709073845639,100.3984375
25,ch,casual,yaoyi,t3,pitch,542.5267857142858,0.0,99.78484891934599,102.74251302083333
30,ch,casual,yaoyi,t3,pitch,953.7955729166669,0.0,105.44563446322861,89.5751953125
35,ch,casual,yaoyi,t3,pitch,503.80208333333337,0.0,91.36502367535704,105.03450520833334
40,ch,casual,yaoyi,t3,pitch,432.421875,0.0,78.98953837807525,97.92399088541667
45,ch,casual,yaoyi,t3,pitch,516.953125,0.0,127.0170597491592,132.35677083333334
50,ch,casual,yaoyi,t3,pitch,2305.78125,0.0,171.35099374911908,117.04334077380952
55,ch,casual,yaoyi,t3,pitch,573.1184895833333,0.0,105.02783879531925,104.4140625
60,ch,casual,yaoyi,t3,pitch,508.90625,0.0,88.01331756511878,86.12369791666667
65,ch,casual,yaoyi,t3,pitch,177.34375,0.0,81.61866090741283,104.921875
70,ch,casual,yaoyi,t3,pitch,406.5327380952381,0.0,106.7899174420726,103.96704489087301
75,ch,casual,yaoyi,t3,pitch,591.38671875,0.0,100.9705168461337,0.0
80,ch,casual,yaoyi,t3,pitch,1747.96875,0.0,172.40898024140213,139.12565104166669
85,ch,casual,yaoyi,t3,pitch,427.890625,0.0,108.40950716043567,121.08940972222224
90,ch,casual,yaoyi,t3,pitch,439.1796875,0.0,89.07249391071987,97.79817708333334
95,ch,casual,yaoyi,t3,pitch,495.078125,0.0,103.08398805151735,107.15104166666667
100,ch,casual,yaoyi,t3,pitch,2390.625,0.0,132.0871432538697,110.0
105,ch,casual,yaoyi,t3,pitch,214.296875,0.0,76.9354997086247,101.953125
110,ch,casual,yaoyi,t3,pitch,460.625,0.0,106.61040395011206,113.6962890625
115,ch,casual,yaoyi,t3,pitch,429.84375,0.0,76.26896884906381,73.01360212053572
120,ch,casual,yaoyi,t3,pitch,545.46875,0.0,121.00850546480429,108.06161644345237
125,ch,casual,yaoyi,t3,pitch,557.5959821428571,0.0,84.12734444487207,98.16127232142857
130,ch,casual,yaoyi,t3,pitch,143.44401041666669,0.0,66.5816851912905,97.72786458333334
135,ch,casual,yaoyi,t3,pitch,485.703125,0.0,73.84317413814485,64.40141369047618
140,ch,casual,yaoyi,t3,pitch,430.0,0.0,79.71013978201816,101.73828125
145,ch,casual,yaoyi,t3,pitch,214.58984375,0.0,108.91371111095798,120.52083333333334
150,ch,casual,yaoyi,t3,pitch,770.7552083333333,0.0,77.792367851199,97.61197916666666
155,ch,casual,yaoyi,t3,pitch,939.2122395833331,0.0,86.78621206439752,94.20703125
160,ch,casual,yaoyi,t3,pitch,478.75,0.0,98.92440599859593,101.25505952380954
165,ch,casual,yaoyi,t3,pitch,459.0703125,0.0,96.89681995877245,101.09375
170,ch,casual,yaoyi,t3,pitch,459.609375,0.0,92.86012773654552,104.25176711309524
175,ch,casual,yaoyi,t3,pitch,2293.4375,0.0,155.017296969075,114.66796875
180,ch,casual,yaoyi,t3,pitch,525.3125,0.0,93.40364534347515,97.35134548611109
185,ch,casual,yaoyi,t3,pitch,436.7996651785714,0.0,89.88013977908636,85.03627232142857
190,ch,casual,yaoyi,t3,pitch,200.46006944444449,0.0,95.26032069059413,107.49565972222224
195,ch,casual,yaoyi,t3,pitch,226.171875,0.0,88.54809278627165,100.08138020833333
200,ch,casual,yaoyi,t3,pitch,974.6354166666669,0.0,116.23889024025743,114.92719184027777
205,ch,casual,yaoyi,t3,pitch,492.1875,0.0,101.65622475816345,108.88556134259258
210,ch,casual,yaoyi,t3,pitch,463.984375,0.0,83.59646767393113,98.89713541666666
215,ch,casual,yaoyi,t3,pitch,172.265625,0.0,89.39695378858762,106.9140625
220,ch,casual,yaoyi,t3,pitch,481.875,0.0,93.67202086433532,88.28084697420636
225,ch,casual,yaoyi,t3,pitch,482.5,0.0,81.41175220939817,98.74755859375
230,ch,casual,yaoyi,t3,pitch,472.265625,0.0,77.03038042252886,86.02083333333334
235,ch,casual,yaoyi,t3,pitch,492.734375,0.0,89.46917228203516,85.46316964285714
240,ch,casual,yaoyi,t3,pitch,504.53125,0.0,86.7919566153958,81.7059345548115
245,ch,casual,yaoyi,t3,pitch,0.0,0.0,0.0,0.0
0,ch,casual,yaoyi,t2,pitch,236.015625,0.0,69.79869623312227,78.84649367559524
5,ch,casual,yaoyi,t2,pitch,455.546875,0.0,111.28274866890058,100.46875
10,ch,casual,yaoyi,t2,pitch,169.9609375,0.0,82.44058321526408,97.32333519345238
15,ch,casual,yaoyi,t2,pitch,461.25,0.0,104.8913769251724,126.2109375
20,ch,casual,yaoyi,t2,pitch,224.6875,0.0,96.35573004936205,105.0390625
25,ch,casual,yaoyi,t2,pitch,384.453125,0.0,73.93063496414648,49.76123046875
30,ch,casual,yaoyi,t2,pitch,212.03125,0.0,110.46631054642076,124.28059895833334
35,ch,casual,yaoyi,t2,pitch,161.640625,0.0,76.82862331906945,103.4375
40,ch,casual,yaoyi,t2,pitch,255.0390625,0.0,69.1995897594651,89.5078125
45,ch,casual,yaoyi,t2,pitch,737.1875,0.0,97.94353790138295,98.27387152777777
50,ch,casual,yaoyi,t2,pitch,428.984375,0.0,64.0523718693435,0.0
55,ch,casual,yaoyi,t2,pitch,192.109375,0.0,95.2640874410356,107.20424107142856
60,ch,casual,yaoyi,t2,pitch,176.640625,0.0,93.04056108120331,104.2822265625
65,ch,casual,yaoyi,t2,pitch,191.2109375,0.0,69.49491463197691,93.96160888671875
70,ch,casual,yaoyi,t2,pitch,3166.875,0.0,188.58735373399216,125.96028645833333
75,ch,casual,yaoyi,t2,pitch,433.828125,0.0,130.33937539859693,121.09733072916667
80,ch,casual,yaoyi,t2,pitch,477.1875,0.0,85.47842761089252,105.57734375
85,ch,casual,yaoyi,t2,pitch,476.09375,0.0,106.16277082482881,131.40625
90,ch,casual,yaoyi,t2,pitch,566.9177827380952,0.0,129.61729872641672,129.125
95,ch,casual,yaoyi,t2,pitch,446.015625,0.0,65.24100849597231,65.03069196428572
100,ch,casual,yaoyi,t2,pitch,486.09375,0.0,95.57735774126003,115.26204427083334
105,ch,casual,yaoyi,t2,pitch,508.125,0.0,99.41475469478748,101.51888020833333
110,ch,casual,yaoyi,t2,pitch,164.47916666666669,0.0,99.33722909248334,107.03125
115,ch,casual,yaoyi,t2,pitch,187.5,0.0,101.75762655952839,127.109375
120,ch,casual,yaoyi,t2,pitch,151.015625,0.0,41.826775380291004,0.0
0,en,bus,yaoyi,t1,pitch,417.578125,0.0,63.842372877773265,0.0
5,en,bus,yaoyi,t1,pitch,180.76171875,0.0,72.37566641370033,88.67588141025641
10,en,bus,yaoyi,t1,pitch,188.57421875,0.0,27.28069045724482,0.0
15,en,bus,yaoyi,t1,pitch,525.3125,0.0,72.02491389940101,0.0
20,en,bus,yaoyi,t1,pitch,527.328125,0.0,106.23615609580507,105.9765625
25,en,bus,yaoyi,t1,pitch,363.4375,0.0,52.75413272483922,0.0
30,en,bus,yaoyi,t1,pitch,437.734375,0.0,61.92323709426875,82.50390625
35,en,bus,yaoyi,t1,pitch,2921.71875,0.0,100.41750656632188,82.81640625
40,en,bus,yaoyi,t1,pitch,1709.375,0.0,89.76140484600211,0.0
45,en,bus,yaoyi,t1,pitch,1448.75,0.0,76.05157971717334,0.0
50,en,bus,yaoyi,t1,pitch,483.4375,0.0,81.65076641836895,0.0
55,en,bus,yaoyi,t1,pitch,518.28125,0.0,85.9549849633457,88.534912109375
60,en,bus,yaoyi,t1,pitch,191.796875,0.0,67.38781387108956,84.13715277777777
65,en,bus,yaoyi,t1,pitch,535.0833333333333,0.0,63.751575110976596,81.76102120535714
70,en,bus,yaoyi,t1,pitch,392.109375,0.0,72.27200591642624,86.05950314153439
75,en,bus,yaoyi,t1,pitch,436.328125,0.0,74.31958509555139,0.0
80,en,bus,yaoyi,t1,pitch,255.84263392857144,0.0,47.491665183183294,0.0
85,en,bus,yaoyi,t1,pitch,162.890625,0.0,41.004503035275235,0.0
90,en,bus,yaoyi,t1,pitch,257.578125,0.0,63.19854826973294,85.0701884920635
95,en,bus,yaoyi,t1,pitch,157.34375,0.0,44.88048037398725,0.0
100,en,bus,yaoyi,t1,pitch,189.9544270833333,0.0,47.06162938605187,0.0
105,en,bus,yaoyi,t1,pitch,518.125,0.0,63.905139280047536,91.78358843537416
110,en,bus,yaoyi,t1,pitch,521.25,0.0,68.70790641930817,86.328125
115,en,bus,yaoyi,t1,pitch,190.95703125,0.0,67.60748290924575,91.5046875
120,en,bus,yaoyi,t1,pitch,457.03125,0.0,55.81180006869646,0.0
125,en,bus,yaoyi,t1,pitch,567.2786458333333,0.0,63.73861772843117,28.42075892857143
130,en,bus,yaoyi,t1,pitch,160.46875,0.0,41.26413838241169,0.0
135,en,bus,yaoyi,t1,pitch,507.8125,0.0,58.10595704698025,0.0
140,en,bus,yaoyi,t1,pitch,136.35416666666669,0.0,58.444508603758976,94.92052011641246
145,en,bus,yaoyi,t1,pitch,506.953125,0.0,78.3759001135386,0.0
150,en,bus,yaoyi,t1,pitch,128.48958333333334,0.0,65.51595521895617,93.279296875
155,en,bus,yaoyi,t1,pitch,412.109375,0.0,40.39597788741456,0.0
160,en,bus,yaoyi,t1,pitch,460.78125,0.0,101.34237223737874,91.99934895833334
165,en,bus,yaoyi,t1,pitch,345.078125,0.0,60.75292516477465,24.4091796875
170,en,bus,yaoyi,t1,pitch,149.140625,0.0,65.74300068294463,92.29280598958331
175,en,bus,yaoyi,t1,pitch,415.15625,0.0,64.7166354708298,84.65758954406417
180,en,bus,yaoyi,t1,pitch,488.4375,0.0,42.108845798534574,0.0
185,en,bus,yaoyi,t1,pitch,143.671875,0.0,60.70242613080148,88.79361979166667
190,en,bus,yaoyi,t1,pitch,635.625,0.0,79.88939455019053,85.9092029389881
195,en,bus,yaoyi,t1,pitch,570.8048115079365,0.0,82.5061755229211,0.0
200,en,bus,yaoyi,t1,pitch,448.59375,0.0,68.83697158840388,31.497395833333336
205,en,bus,yaoyi,t1,pitch,664.84375,0.0,56.33804342193677,0.0
210,en,bus,yaoyi,t1,pitch,137.65625,0.0,59.03663609822591,88.78694661458333
215,en,bus,yaoyi,t1,pitch,216.62109375,0.0,56.51745733376121,84.08203125
220,en,bus,yaoyi,t1,pitch,233.36030505952385,0.0,70.93014219329496,94.11783854166669
225,en,bus,yaoyi,t1,pitch,236.640625,0.0,60.34248194371685,87.61749751984127
230,en,bus,yaoyi,t1,pitch,184.7265625,0.0,44.50618713853006,0.0
0,en,bus,yaoyi,t3,pitch,183.154296875,0.0,63.95600291643303,93.29485212053572
5,en,bus,yaoyi,t3,pitch,568.359375,0.0,83.88502288184905,93.876953125
10,en,bus,yaoyi,t3,pitch,489.140625,0.0,73.45258084017377,0.0
15,en,bus,yaoyi,t3,pitch,1826.875,0.0,120.79258590775602,99.08962673611111
20,en,bus,yaoyi,t3,pitch,386.875,0.0,65.15104551373106,91.60134548611111
25,en,bus,yaoyi,t3,pitch,228.828125,0.0,61.46561332258598,89.4140625
30,en,bus,yaoyi,t3,pitch,566.40625,0.0,73.67058845885018,88.7255859375
35,en,bus,yaoyi,t3,pitch,184.53125,0.0,33.73985438175388,0.0
40,en,bus,yaoyi,t3,pitch,510.625,0.0,80.6352849130184,96.66471354166666
45,en,bus,yaoyi,t3,pitch,3588.4375,0.0,183.92318966704286,83.904541015625
50,en,bus,yaoyi,t3,pitch,1937.34375,0.0,127.44580408434602,99.78694661458333
55,en,bus,yaoyi,t3,pitch,3095.3125,0.0,132.70126700414542,94.7826486877303
60,en,bus,yaoyi,t3,pitch,447.65625,0.0,55.898711486833406,51.70647321428572
65,en,bus,yaoyi,t3,pitch,183.203125,0.0,82.32670660674887,94.87408854166668
70,en,bus,yaoyi,t3,pitch,492.265625,0.0,65.22480142890852,49.64076450892857
75,en,bus,yaoyi,t3,pitch,1776.875,0.0,94.74775270344078,0.0
80,en,bus,yaoyi,t3,pitch,562.5,0.0,104.57451025044143,101.59001882002802
85,en,bus,yaoyi,t3,pitch,206.0546875,0.0,60.36278682472042,92.078125
90,en,bus,yaoyi,t3,pitch,495.1015625,0.0,89.73124918605902,95.447998046875
95,en,bus,yaoyi,t3,pitch,466.6424851190476,0.0,109.22792544247099,105.44955563822752
100,en,bus,yaoyi,t3,pitch,436.796875,0.0,60.52488529696456,84.09920247395833
105,en,bus,yaoyi,t3,pitch,427.265625,0.0,84.94326688147711,100.60759943181819
110,en,bus,yaoyi,t3,pitch,482.96875,0.0,79.30270443793813,94.11765407986113
115,en,bus,yaoyi,t3,pitch,182.36328125,0.0,69.79298230005912,91.539794921875
120,en,bus,yaoyi,t3,pitch,481.171875,0.0,71.14469231030786,91.58637152777777
125,en,bus,yaoyi,t3,pitch,550.78125,0.0,103.81922275074814,100.04918981481481
130,en,bus,yaoyi,t3,pitch,3858.59375,0.0,112.92230456082522,0.0
135,en,bus,yaoyi,t3,pitch,313.76302083333337,0.0,79.15452914196946,92.68438042534724
140,en,bus,yaoyi,t3,pitch,504.140625,0.0,91.42383572813536,99.11783854166666
145,en,bus,yaoyi,t3,pitch,231.640625,0.0,92.24898296506146,101.56336805555556
150,en,bus,yaoyi,t3,pitch,455.078125,0.0,75.93612554306925,55.3271484375
155,en,bus,yaoyi,t3,pitch,141.09375,0.0,81.70434680077021,103.89713541666669
160,en,bus,yaoyi,t3,pitch,557.578125,0.0,68.42076414403873,93.7158203125
165,en,bus,yaoyi,t3,pitch,411.5625,0.0,57.11872433524174,0.0
170,en,bus,yaoyi,t3,pitch,589.1424851190476,0.0,90.6181740577968,94.83723958333331
175,en,bus,yaoyi,t3,pitch,524.140625,0.0,73.0055753534402,95.9013671875
180,en,bus,yaoyi,t3,pitch,633.0833333333333,0.0,97.70651095904417,90.15066964285714
185,en,bus,yaoyi,t3,pitch,126.59505208333334,0.0,55.50413044785421,67.19010416666666
190,en,bus,yaoyi,t3,pitch,548.203125,0.0,88.14193554304018,104.951171875
195,en,bus,yaoyi,t3,pitch,139.453125,0.0,72.32973522904713,100.8263221153846
200,en,bus,yaoyi,t3,pitch,428.75,0.0,52.65488064651316,0.0
205,en,bus,yaoyi,t3,pitch,444.0625,0.0,78.44898646347865,102.8125
210,en,bus,yaoyi,t3,pitch,509.84375,0.0,100.97067688095926,105.30352492559524
215,en,bus,yaoyi,t3,pitch,137.64973958333334,0.0,68.95844322958581,101.71875
220,en,bus,yaoyi,t3,pitch,465.546875,0.0,85.70455738481593,93.41634114583334
225,en,bus,yaoyi,t3,pitch,640.9791666666667,0.0,74.85602161468022,89.61211286272322
230,en,bus,yaoyi,t3,pitch,110.33854166666669,0.0,67.80269524268785,94.54284474206348
235,en,bus,yaoyi,t3,pitch,319.21875,0.0,63.46757721762485,86.5625
0,en,bus,yaoyi,t2,pitch,197.890625,0.0,59.86528532932054,86.48072916666668
5,en,bus,yaoyi,t2,pitch,126.015625,0.0,60.09182205956636,94.03036063058036
10,en,bus,yaoyi,t2,pitch,486.25,0.0,69.52664908054115,84.693359375
15,en,bus,yaoyi,t2,pitch,396.31770833333337,0.0,68.58449485025517,91.84400382874506
20,en,bus,yaoyi,t2,pitch,159.0625,0.0,54.469516005766984,77.0405505952381
25,en,bus,yaoyi,t2,pitch,2855.0,0.0,149.1140218284651,0.0
30,en,bus,yaoyi,t2,pitch,526.3876488095239,0.0,66.75997687286052,0.0
35,en,bus,yaoyi,t2,pitch,454.84375,0.0,58.93235700150286,0.0
40,en,bus,yaoyi,t2,pitch,166.875,0.0,59.67245648240445,89.27300347222221
45,en,bus,yaoyi,t2,pitch,339.32291666666663,0.0,66.33472521551724,76.16313244047619
50,en,bus,yaoyi,t2,pitch,132.03125,0.0,52.112371456588036,58.93694196428572
55,en,bus,yaoyi,t2,pitch,2383.90625,0.0,99.27851283155424,0.0
60,en,bus,yaoyi,t2,pitch,215.6770833333333,0.0,51.39849806077244,17.654947916666664
65,en,bus,yaoyi,t2,pitch,176.25,0.0,65.64064758171075,93.720703125
70,en,bus,yaoyi,t2,pitch,638.1640625,0.0,94.82945707905559,88.97604709201389
75,en,bus,yaoyi,t2,pitch,210.4296875,0.0,58.748274481233466,37.373511904761905
80,en,bus,yaoyi,t2,pitch,3552.65625,0.0,167.53823372438893,89.75740559895834
85,en,bus,yaoyi,t2,pitch,431.171875,0.0,66.31556383785822,90.4765625
90,en,bus,yaoyi,t2,pitch,241.09375,0.0,67.05017396681693,95.027095734127
95,en,bus,yaoyi,t2,pitch,647.4296875,0.0,103.06854243741044,90.58872767857143
100,en,bus,yaoyi,t2,pitch,192.265625,0.0,49.59378343964014,0.0
105,en,bus,yaoyi,t2,pitch,531.875,0.0,79.57911480402542,0.0
110,en,bus,yaoyi,t2,pitch,536.71875,0.0,81.18667192306127,92.28489583333332
115,en,bus,yaoyi,t2,pitch,2447.34375,0.0,168.88996995130077,93.9766090029762
120,en,bus,yaoyi,t2,pitch,2880.0,0.0,84.80253200507445,0.0
125,en,bus,yaoyi,t2,pitch,500.078125,0.0,81.2130580942086,68.05431547619048
130,en,bus,yaoyi,t2,pitch,291.25,0.0,58.537235484182105,0.0
135,en,bus,yaoyi,t2,pitch,142.65625,0.0,66.51858005351251,102.0549045138889
140,en,bus,yaoyi,t2,pitch,379.453125,0.0,80.76111419100776,97.58125
145,en,bus,yaoyi,t2,pitch,488.828125,0.0,58.666834581434195,0.0
150,en,bus,yaoyi,t2,pitch,128.017578125,0.0,65.52598160765265,98.66861979166666
155,en,bus,yaoyi,t2,pitch,121.88151041666666,0.0,51.69449328163435,87.98366350446429
160,en,bus,yaoyi,t2,pitch,3194.21875,0.0,113.87811247433724,92.38953993055554
165,en,bus,yaoyi,t2,pitch,521.875,0.0,67.56565232049851,0.0
170,en,bus,yaoyi,t2,pitch,517.109375,0.0,75.12297275534736,87.7265625
175,en,bus,yaoyi,t2,pitch,187.90364583333331,0.0,77.94617218915722,99.45837673611112
180,en,bus,yaoyi,t2,pitch,2038.125,0.0,95.23345215263727,87.58224826388889
185,en,bus,yaoyi,t2,pitch,440.7890625,0.0,65.28582352211718,0.0
190,en,bus,yaoyi,t2,pitch,189.0625,0.0,43.50204305062703,0.0
195,en,bus,yaoyi,t2,pitch,472.1875,0.0,66.4647401187761,88.17239519505719
200,en,bus,yaoyi,t2,pitch,201.40625,0.0,60.470768350173635,94.45182291666669
205,en,bus,yaoyi,t2,pitch,505.9375,0.0,86.59881980459646,95.72073634141157
210,en,bus,yaoyi,t2,pitch,197.734375,0.0,46.74683973524305,0.0
215,en,bus,yaoyi,t2,pitch,203.359375,0.0,51.15055391756258,0.0
220,en,bus,yaoyi,t2,pitch,199.5703125,0.0,46.94328613855361,15.714111328125
225,en,bus,yaoyi,t2,pitch,216.71875,0.0,43.62796560274501,0.0
230,en,bus,yaoyi,t2,pitch,221.484375,0.0,54.92675626935637,86.69697945283882
235,en,bus,yaoyi,t2,pitch,481.484375,0.0,74.02116638321995,0.0
240,en,bus,yaoyi,t2,pitch,464.140625,0.0,69.05533458295176,67.97526041666666
245,en,bus,yaoyi,t2,pitch,487.890625,0.0,69.0155972734586,97.42953953598484
250,en,bus,yaoyi,t2,pitch,510.5952380952381,0.0,57.459180913325575,0.0
255,en,bus,yaoyi,t2,pitch,111.783203125,0.0,28.389262462797618,0.0
0,en,bus,yaoyi,t4,pitch,152.96875,0.0,49.68818864673576,0.0
5,en,bus,yaoyi,t4,pitch,163.7109375,0.0,33.284998440815066,0.0
10,en,bus,yaoyi,t4,pitch,410.46875,0.0,74.4088838030872,91.8359375
15,en,bus,yaoyi,t4,pitch,501.5625,0.0,69.51013985209518,81.53139467592592
20,en,bus,yaoyi,t4,pitch,161.92708333333331,0.0,47.81871868319609,0.0
25,en,bus,yaoyi,t4,pitch,491.5178571428571,0.0,62.32713893716204,85.38136509486606
30,en,bus,yaoyi,t4,pitch,1879.6875,0.0,131.92407690232525,71.33184523809524
35,en,bus,yaoyi,t4,pitch,255.0,0.0,69.16014953290343,93.08528645833333
40,en,bus,yaoyi,t4,pitch,513.3463541666667,0.0,58.89608048182979,0.0
45,en,bus,yaoyi,t4,pitch,211.73828125,0.0,60.015927976132055,92.6123046875
50,en,bus,yaoyi,t4,pitch,480.46875,0.0,60.104788831690485,0.0
55,en,bus,yaoyi,t4,pitch,519.6875,0.0,91.75613384063287,95.6342422385621
60,en,bus,yaoyi,t4,pitch,114.07552083333334,0.0,73.66880235822849,98.04899088541669
65,en,bus,yaoyi,t4,pitch,449.453125,0.0,57.862416289462914,0.0
70,en,bus,yaoyi,t4,pitch,477.890625,0.0,54.02361011348316,0.0
75,en,bus,yaoyi,t4,pitch,133.515625,0.0,53.47754461531116,73.83556547619048
80,en,bus,yaoyi,t4,pitch,117.41753472222224,0.0,57.89435910410171,93.97518734056122
85,en,bus,yaoyi,t4,pitch,125.67708333333334,0.0,65.71229554775849,99.13411458333331
90,en,bus,yaoyi,t4,pitch,375.0818452380952,0.0,48.073108674965745,0.0
95,en,bus,yaoyi,t4,pitch,364.921875,0.0,61.90713629131432,77.08258928571428
100,en,bus,yaoyi,t4,pitch,676.56640625,0.0,54.69087086632138,0.0
105,en,bus,yaoyi,t4,pitch,361.640625,0.0,49.118006575188666,0.0
110,en,bus,yaoyi,t4,pitch,154.75911458333331,0.0,47.249125012505836,0.0
115,en,bus,yaoyi,t4,pitch,390.390625,0.0,60.52086025815713,0.0
120,en,bus,yaoyi,t4,pitch,717.1875,0.0,59.379851443035456,0.0
125,en,bus,yaoyi,t4,pitch,203.9997209821429,0.0,52.82378199347615,0.0
130,en,bus,yaoyi,t4,pitch,341.875,0.0,66.54666736497254,91.30531090946343
135,en,bus,yaoyi,t4,pitch,118.12825520833334,0.0,42.41638565582483,0.0
140,en,bus,yaoyi,t4,pitch,665.17578125,0.0,78.24381646168911,96.24082044927346
145,en,bus,yaoyi,t4,pitch,415.15625,0.0,55.713243509743094,0.0
150,en,bus,yaoyi,t4,pitch,148.203125,0.0,48.49183003116611,0.0
155,en,bus,yaoyi,t4,pitch,3957.1875,0.0,199.11633664383686,91.14271763392856
160,en,bus,yaoyi,t4,pitch,179.21875,0.0,56.120630776323964,77.63113839285714
165,en,bus,yaoyi,t4,pitch,220.703125,0.0,53.52468583835926,36.11886160714286
170,en,bus,yaoyi,t4,pitch,345.890625,0.0,69.0195733441494,90.5029296875
175,en,bus,yaoyi,t4,pitch,1998.90625,0.0,97.81208322468395,89.1640625
180,en,bus,yaoyi,t4,pitch,644.296875,0.0,92.08238049758769,0.0
185,en,bus,yaoyi,t4,pitch,508.90625,0.0,89.94503828515961,95.56396484375
190,en,bus,yaoyi,t4,pitch,191.640625,0.0,56.68793891489611,0.0
195,en,bus,yaoyi,t4,pitch,675.8671875,0.0,104.21602325406225,97.48404590201466
200,en,bus,yaoyi,t4,pitch,219.20572916666669,0.0,66.43676024277048,94.70458984375
205,en,bus,yaoyi,t4,pitch,140.625,0.0,75.0045027536108,102.34093925280449
210,en,bus,yaoyi,t4,pitch,182.109375,0.0,68.31022828331143,94.35546875
215,en,bus,yaoyi,t4,pitch,489.8046875,0.0,79.47935672584418,80.578125
220,en,bus,yaoyi,t4,pitch,2593.28125,0.0,101.70301345414933,47.3681640625
225,en,bus,yaoyi,t4,pitch,241.71875,0.0,61.63270763504631,89.36809895833333
230,en,bus,yaoyi,t4,pitch,346.5625,0.0,33.73214285714286,0.0
0,en,casual,yaoyi,t2,pitch,229.828125,0.0,72.04108899980208,110.90625
5,en,casual,yaoyi,t2,pitch,3131.40625,0.0,174.71982326199023,92.56770833333331
10,en,casual,yaoyi,t2,pitch,477.1875,0.0,87.63366649081361,84.267578125
15,en,casual,yaoyi,t2,pitch,111.45089285714286,0.0,67.73637717456774,92.52191840277776
20,en,casual,yaoyi,t2,pitch,511.640625,0.0,141.88878251333085,96.81022135416666
25,en,casual,yaoyi,t2,pitch,490.3125,0.0,143.20294359777924,117.03125
30,en,casual,yaoyi,t2,pitch,492.1875,0.0,122.94518370233897,117.470703125
35,en,casual,yaoyi,t2,pitch,679.25390625,0.0,108.57879410143492,100.1171875
40,en,casual,yaoyi,t2,pitch,457.1875,0.0,158.51100082958394,136.09157986111111
45,en,casual,yaoyi,t2,pitch,2761.40625,0.0,144.4331428481271,95.0876736111111
50,en,casual,yaoyi,t2,pitch,393.4375,0.0,97.94302640563801,111.09375
55,en,casual,yaoyi,t2,pitch,243.203125,0.0,86.42872772140296,105.6304394390332
60,en,casual,yaoyi,t2,pitch,461.953125,0.0,125.87694378725361,100.29947916666666
65,en,casual,yaoyi,t2,pitch,419.609375,0.0,54.378409022623906,0.0
70,en,casual,yaoyi,t2,pitch,185.388671875,0.0,59.28472104378423,0.0
75,en,casual,yaoyi,t2,pitch,503.203125,0.0,92.37532081056165,94.272705078125
80,en,casual,yaoyi,t2,pitch,475.0,0.0,102.19177955599035,103.28125
85,en,casual,yaoyi,t2,pitch,217.5,0.0,63.881361414484516,90.838672563933
90,en,casual,yaoyi,t2,pitch,461.40625,0.0,110.79076684160506,112.51004464285714
95,en,casual,yaoyi,t2,pitch,428.59375,0.0,85.74728558853855,102.541015625
100,en,casual,yaoyi,t2,pitch,223.6067708333333,0.0,65.49901528899419,87.65852864583334
105,en,casual,yaoyi,t2,pitch,488.28125,0.0,128.96121189680667,115.0
110,en,casual,yaoyi,t2,pitch,202.578125,0.0,45.574355131535434,0.0
115,en,casual,yaoyi,t2,pitch,707.8125,0.0,152.21646760947516,145.5126953125
120,en,casual,yaoyi,t2,pitch,415.15625,0.0,59.144768494719784,0.0
125,en,casual,yaoyi,t2,pitch,248.49609375,0.0,76.52607078311345,89.98084077380953
130,en,casual,yaoyi,t2,pitch,415.3125,0.0,94.52571207128685,93.52306547619048
135,en,casual,yaoyi,t2,pitch,410.9765625,0.0,54.15230448929059,0.0
140,en,casual,yaoyi,t2,pitch,496.9921875,0.0,68.92188573145604,37.747581845238095
145,en,casual,yaoyi,t2,pitch,489.609375,0.0,92.74164844568921,83.70703125
150,en,casual,yaoyi,t2,pitch,445.46875,0.0,79.43312104667005,90.89006696428572
155,en,casual,yaoyi,t2,pitch,2873.59375,0.0,109.60862677264916,0.0
160,en,casual,yaoyi,t2,pitch,0.0,0.0,0.0,0.0
0,en,casual,yaoyi,t3,pitch,250.3125,0.0,87.11272641290311,105.546875
5,en,casual,yaoyi,t3,pitch,277.91666666666663,0.0,106.65561985733603,126.04817708333334
10,en,casual,yaoyi,t3,pitch,221.953125,0.0,110.04803860780423,136.005859375
15,en,casual,yaoyi,t3,pitch,223.125,0.0,56.99613804675034,88.30859375
20,en,casual,yaoyi,t3,pitch,2127.8125,0.0,209.68238801515105,103.1640625
25,en,casual,yaoyi,t3,pitch,246.51953125,0.0,73.94573488637616,89.44010416666666
30,en,casual,yaoyi,t3,pitch,176.953125,0.0,69.85141662515174,95.51339285714286
35,en,casual,yaoyi,t3,pitch,842.9296875,0.0,109.39701856973741,94.7406684027778
40,en,casual,yaoyi,t3,pitch,177.5,0.0,60.74181678915329,64.82793898809524
45,en,casual,yaoyi,t3,pitch,453.515625,0.0,98.96339118845682,91.07942708333331
50,en,casual,yaoyi,t3,pitch,488.28125,0.0,79.99930674659224,88.15494791666666
55,en,casual,yaoyi,t3,pitch,489.6875,0.0,100.66510786941147,103.78580729166666
60,en,casual,yaoyi,t3,pitch,198.9388020833333,0.0,70.2056328995766,94.11280691964284
65,en,casual,yaoyi,t3,pitch,196.54296875,0.0,80.94400957564346,106.97135416666667
70,en,casual,yaoyi,t3,pitch,612.03125,0.0,68.29881979004034,81.21744791666666
75,en,casual,yaoyi,t3,pitch,487.96875,0.0,74.67320674984738,96.57552083333331
80,en,casual,yaoyi,t3,pitch,506.015625,0.0,128.08921008187633,150.859375
85,en,casual,yaoyi,t3,pitch,519.21875,0.0,79.86135173530737,83.84114583333334
90,en,casual,yaoyi,t3,pitch,234.375,0.0,77.33177013649168,94.22254774305556
95,en,casual,yaoyi,t3,pitch,178.828125,0.0,60.852394498413844,0.0
100,en,casual,yaoyi,t3,pitch,223.8671875,0.0,98.00847742908564,109.64599609375
105,en,casual,yaoyi,t3,pitch,420.9375,0.0,82.91586274433652,0.0
110,en,casual,yaoyi,t3,pitch,455.078125,0.0,129.060338043602,129.453125
115,en,casual,yaoyi,t3,pitch,649.53125,0.0,79.79055978892994,83.33984375
120,en,casual,yaoyi,t3,pitch,2377.03125,0.0,141.50770938517385,103.95713975694446
125,en,casual,yaoyi,t3,pitch,356.171875,0.0,63.093910582291315,66.80245535714286
130,en,casual,yaoyi,t3,pitch,425.859375,0.0,106.52341159495225,100.90006510416669
135,en,casual,yaoyi,t3,pitch,190.80078125,0.0,67.35395978458563,0.0
140,en,casual,yaoyi,t3,pitch,222.65625,0.0,78.55429121283207,101.20768229166667
145,en,casual,yaoyi,t3,pitch,180.234375,0.0,74.45381639087203,101.203125
150,en,casual,yaoyi,t3,pitch,540.78125,0.0,124.03533635676493,94.11328125
155,en,casual,yaoyi,t3,pitch,182.3177083333333,0.0,75.67384699813769,100.85546875
160,en,casual,yaoyi,t3,pitch,811.09375,0.0,95.67360488646241,49.33035714285714
165,en,casual,yaoyi,t3,pitch,450.859375,0.0,81.18494676447754,85.1549072265625
170,en,casual,yaoyi,t3,pitch,421.0360863095238,0.0,83.72656809661693,103.26307508680554
175,en,casual,yaoyi,t3,pitch,177.96875,0.0,60.72329580503409,74.83677455357143
180,en,casual,yaoyi,t3,pitch,604.54296875,0.0,121.18290771287327,106.23697916666666
185,en,casual,yaoyi,t3,pitch,192.4934895833333,0.0,81.95420911840318,99.3046875
190,en,casual,yaoyi,t3,pitch,226.71875,0.0,82.10867309471453,100.90585430949724
195,en,casual,yaoyi,t3,pitch,494.296875,0.0,73.56755298233107,84.35107421875
200,en,casual,yaoyi,t3,pitch,471.953125,0.0,88.913074890816,95.59454055059524
205,en,casual,yaoyi,t3,pitch,217.265625,0.0,76.49919716887743,70.45610119047619
210,en,casual,yaoyi,t3,pitch,492.5,0.0,119.86082830412256,110.21484375
215,en,casual,yaoyi,t3,pitch,581.71875,0.0,71.3836801372275,67.57440476190476
220,en,casual,yaoyi,t3,pitch,238.10546875,0.0,97.04619272296593,114.46451822916666
225,en,casual,yaoyi,t3,pitch,633.671875,0.0,103.77606148760734,100.4638671875
230,en,casual,yaoyi,t3,pitch,179.0625,0.0,47.46963617979243,0.0
235,en,casual,yaoyi,t3,pitch,374.23958333333337,0.0,83.1527923791587,96.14408947172619
240,en,casual,yaoyi,t3,pitch,229.0625,0.0,86.38987614170735,103.69648836096938
245,en,casual,yaoyi,t3,pitch,481.484375,0.0,94.11458113261438,98.13715277777776
250,en,casual,yaoyi,t3,pitch,411.953125,0.0,106.9716583111319,104.7216796875
255,en,casual,yaoyi,t3,pitch,510.078125,0.0,90.16753247088766,103.59607514880952
260,en,casual,yaoyi,t3,pitch,438.046875,0.0,109.46992670175675,103.90959821428571
265,en,casual,yaoyi,t3,pitch,316.81640625,0.0,75.83961860181495,0.0
270,en,casual,yaoyi,t3,pitch,450.703125,0.0,112.26118338591132,112.81022135416667
275,en,casual,yaoyi,t3,pitch,175.78125,0.0,82.43832265561305,108.76171875
280,en,casual,yaoyi,t3,pitch,383.046875,0.0,80.9257677886672,99.95328000992066
285,en,casual,yaoyi,t3,pitch,269.453125,0.0,78.92070113318697,98.70703125
290,en,casual,yaoyi,t3,pitch,607.734375,0.0,93.38493019386574,69.22154017857143
295,en,casual,yaoyi,t3,pitch,443.75,0.0,25.118007918360433,0.0
0,en,casual,yaoyi,t1,pitch,466.5625,0.0,54.52353566058849,0.0
5,en,casual,yaoyi,t1,pitch,492.890625,0.0,139.58143415786452,99.697265625
10,en,casual,yaoyi,t1,pitch,511.25,0.0,107.5447947777557,104.15494791666669
15,en,casual,yaoyi,t1,pitch,452.03125,0.0,103.7630179767162,95.0040515718006
20,en,casual,yaoyi,t1,pitch,585.46875,0.0,126.69398607537924,96.09414859693878
25,en,casual,yaoyi,t1,pitch,480.3125,0.0,89.45276080827068,88.583984375
30,en,casual,yaoyi,t1,pitch,184.1048177083333,0.0,93.34782988591857,96.1513671875
35,en,casual,yaoyi,t1,pitch,495.703125,0.0,110.59711302807189,86.02457682291667
40,en,casual,yaoyi,t1,pitch,492.1875,0.0,148.26490432310746,133.00130208333331
45,en,casual,yaoyi,t1,pitch,516.484375,0.0,110.0613282410502,94.31955295138889
50,en,casual,yaoyi,t1,pitch,377.75,0.0,74.26960756242623,102.36204559948979
55,en,casual,yaoyi,t1,pitch,330.234375,0.0,83.65174091166986,94.10956101190476
60,en,casual,yaoyi,t1,pitch,230.76953125,0.0,69.90132776739142,101.875
65,en,casual,yaoyi,t1,pitch,408.046875,0.0,96.54443877130086,90.721435546875
70,en,casual,yaoyi,t1,pitch,1133.28125,0.0,101.33999156759204,89.43359375
75,en,casual,yaoyi,t1,pitch,520.234375,0.0,86.5180665948864,60.03013392857143
80,en,casual,yaoyi,t1,pitch,465.703125,0.0,93.08855310743651,96.85416666666666
85,en,casual,yaoyi,t1,pitch,418.4375,0.0,85.27995179058532,103.5205078125
90,en,casual,yaoyi,t1,pitch,420.0,0.0,87.28783651885126,93.421875
95,en,casual,yaoyi,t1,pitch,491.40625,0.0,61.03929643448712,0.0
100,en,casual,yaoyi,t1,pitch,173.2905505952381,0.0,80.61869790242282,104.5299538218065
105,en,casual,yaoyi,t1,pitch,512.4609375,0.0,65.63210558846578,84.62276785714286
110,en,casual,yaoyi,t1,pitch,572.03125,0.0,119.46940019516911,114.31396484374999
115,en,casual,yaoyi,t1,pitch,482.34375,0.0,116.14598090080577,95.32986111111111
120,en,casual,yaoyi,t1,pitch,501.328125,0.0,132.97088486568708,124.21875
125,en,casual,yaoyi,t1,pitch,309.3854166666667,0.0,77.66067703879025,89.635546875
130,en,casual,yaoyi,t1,pitch,418.75,0.0,129.48809728539607,116.396484375
135,en,casual,yaoyi,t1,pitch,507.578125,0.0,146.27355060535126,103.65999348958334
140,en,casual,yaoyi,t1,pitch,538.28125,0.0,68.68001696066882,0.0
0,en,casual,yaoyi,t4,pitch,653.984375,0.0,109.87153442106009,0.0
5,en,casual,yaoyi,t4,pitch,193.57700892857144,0.0,79.18524658577624,91.62824358258928
10,en,casual,yaoyi,t4,pitch,498.3928571428571,0.0,98.29227412834119,96.98463948567708
15,en,casual,yaoyi,t4,pitch,456.953125,0.0,105.4696012638826,124.92643229166666
20,en,casual,yaoyi,t4,pitch,500.625,0.0,84.82717811794001,102.68408203125
25,en,casual,yaoyi,t4,pitch,407.03125,0.0,68.85105006961277,82.85900297619048
30,en,casual,yaoyi,t4,pitch,390.0,0.0,116.64079627325657,160.546875
35,en,casual,yaoyi,t4,pitch,348.75,0.0,96.9258017398171,102.529296875
40,en,casual,yaoyi,t4,pitch,610.3125,0.0,77.53081122858056,96.11644345238096
45,en,casual,yaoyi,t4,pitch,1802.8125,0.0,258.2279101092773,117.54231770833334
50,en,casual,yaoyi,t4,pitch,394.2252604166666,0.0,103.95924837629022,100.907955109127
55,en,casual,yaoyi,t4,pitch,363.75,0.0,102.85621617965367,112.58246527777776
60,en,casual,yaoyi,t4,pitch,492.265625,0.0,94.60570988658768,97.77851055194806
65,en,casual,yaoyi,t4,pitch,307.34375,0.0,110.1986726629671,114.818359375
70,en,casual,yaoyi,t4,pitch,616.4114583333333,0.0,105.23455596547068,100.876953125
75,en,casual,yaoyi,t4,pitch,481.953125,0.0,97.63272737371858,88.11290922619048
80,en,casual,yaoyi,t4,pitch,2969.21875,0.0,162.39275728102757,91.61214192708331
85,en,casual,yaoyi,t4,pitch,519.921875,0.0,147.97588246573707,136.69921875
90,en,casual,yaoyi,t4,pitch,507.1875,0.0,145.0050685531374,113.60595703125
95,en,casual,yaoyi,t4,pitch,539.140625,0.0,79.39241978090371,46.7890625
100,en,casual,yaoyi,t4,pitch,338.828125,0.0,69.29623506562015,0.0
105,en,casual,yaoyi,t4,pitch,281.71875,0.0,100.58277820097946,103.21044921875
110,en,casual,yaoyi,t4,pitch,460.78125,0.0,104.46986616747522,105.99869791666667
115,en,casual,yaoyi,t4,pitch,488.515625,0.0,88.1212338825317,79.45572916666667
120,en,casual,yaoyi,t4,pitch,424.296875,0.0,88.90897500313582,90.99686879960316
125,en,casual,yaoyi,t4,pitch,545.8761160714286,0.0,111.308802333486,97.58992513020834
130,en,casual,yaoyi,t4,pitch,970.5143229166669,0.0,143.48256485990862,94.59616815476193
135,en,casual,yaoyi,t4,pitch,616.234375,0.0,99.31310783686962,94.39453125
140,en,casual,yaoyi,t4,pitch,1702.03125,0.0,80.9115707155258,0.0
