"Time (s)","Sound pressure level (dB)"
0.000000000E0,NaN
1.581675000E-1,NaN
2.629228751E-1,-7.100354403E1
3.655321251E-1,-6.543472029E1
4.722016668E-1,-6.627000284E1
5.762523334E-1,-6.373817452E1
6.808022917E-1,-6.805641972E1
7.850043334E-1,-6.788204255E1
8.915137919E-1,-6.954278015E1
9.977290418E-1,-6.619688139E1
1.102350500E0,-6.757976540E1
1.209117834E0,-6.955835450E1
1.314921667E0,-6.966034507E1
1.417062083E0,-7.017323149E1
1.523835667E0,-6.811321597E1
1.626197167E0,-6.801998338E1
1.731925959E0,-6.473755421E1
1.834118834E0,NaN
1.935241333E0,-6.913315479E1
2.042028208E0,-6.844877251E1
2.145081875E0,-4.208204070E1
2.250952750E0,-4.264884288E1
2.357685959E0,-4.423451356E1
2.463992417E0,-5.043520979E1
2.567841417E0,-4.887617412E1
2.674634709E0,-6.028065406E1
2.778416375E0,-6.602530299E1
2.884598792E0,-6.137769471E1
2.991334500E0,-5.697924570E1
3.095043542E0,-4.988008305E1
3.201498125E0,-5.994619161E1
3.306423833E0,-4.526240423E1
3.411744667E0,-4.413669659E1
3.518421750E0,-4.100213380E1
3.625947333E0,-4.377472215E1
3.728427334E0,-4.417013596E1
3.833417000E0,-4.428441998E1
3.940141333E0,-5.683080926E1
4.045122833E0,-6.304720384E1
4.150509250E0,-6.444281962E1
4.252771042E0,-6.840776541E1
4.359536083E0,-6.467254118E1
4.464025625E0,-6.567578038E1
4.569978292E0,-4.650764133E1
4.676717083E0,-4.599401979E1
4.783410500E0,-4.526328263E1
4.887110542E0,-4.335721934E1
4.993846292E0,-5.253808996E1
5.099177417E0,-6.146405895E1
5.204192959E0,-5.916655863E1
5.306492667E0,-4.833253321E1
5.411782083E0,-4.597087678E1
5.515870333E0,-5.083706843E1
5.621328292E0,-5.072792127E1
5.728072834E0,-4.866015110E1
5.832516292E0,-4.748487623E1
5.938135333E0,-4.777649189E1
6.044844500E0,-4.746277429E1
6.149184959E0,-5.393959610E1
6.255124708E0,-5.795791099E1
6.361734875E0,-5.111796525E1
6.465917375E0,-4.613267886E1
6.572117125E0,-4.684104253E1
6.678430000E0,-4.869538323E1
6.784803875E0,-5.167750573E1
6.889057458E0,-4.667352805E1
6.995076625E0,-4.788423218E1
7.099247167E0,-4.622576412E1
7.204047125E0,-4.726569455E1
7.308470083E0,-5.911724934E1
7.411720834E0,-4.347506663E1
7.515896917E0,-5.229494188E1
7.621076000E0,-4.433547958E1
7.723223000E0,-4.736227487E1
7.828403375E0,-4.735174778E1
7.932517167E0,-4.576998204E1
8.038197667E0,-4.368139670E1
8.140132417E0,-5.612961372E1
8.245111583E0,-5.500461700E1
8.349151542E0,-5.287441974E1
8.455120375E0,-5.719606959E1
8.561726417E0,-6.671874417E1
8.665891875E0,-6.793662356E1
8.771807125E0,-6.618437439E1
8.878506000E0,-6.581783281E1
8.982506458E0,-6.709144008E1
9.088825667E0,-5.943706164E1
9.195084500E0,-4.667809980E1
9.299201292E0,-4.596779545E1
9.405632833E0,-4.295657693E1
9.511765625E0,-5.232846883E1
9.615929667E0,-4.627595185E1
9.722629084E0,-5.714838073E1
9.828394375E0,-5.166558682E1
9.932531833E0,-5.270802743E1
1.003933383E1,-5.591183800E1
1.014505263E1,-6.505640520E1
1.025169163E1,-6.795547446E1
1.035627279E1,-6.637040486E1
1.046174975E1,-6.644533783E1
1.056401721E1,-6.500858413E1
1.067062396E1,-6.347971171E1
1.077333233E1,-6.221513181E1
1.087836800E1,-6.150070480E1
1.098524521E1,-6.617456170E1
1.109020017E1,-5.814175907E1
1.119512242E1,-4.453087732E1
1.129960150E1,-5.114624411E1
1.140628317E1,-5.465513201E1
1.151175221E1,-6.672320186E1
1.161857554E1,-7.075309037E1
1.172395946E1,-7.058775187E1
1.182840338E1,-5.982269098E1
1.193516346E1,-4.408847254E1
1.204092458E1,-4.530687509E1
1.214503904E1,-4.850491538E1
1.225169596E1,-5.786647430E1
1.235795129E1,-5.792209978E1
1.246399538E1,-4.426676628E1
1.257072771E1,-4.088546822E1
1.267476242E1,-4.177138817E1
1.277677988E1,-4.791107500E1
1.288367729E1,-4.971270034E1
1.299054842E1,-4.877876831E1
1.309367129E1,-4.639103269E1
1.320037850E1,-4.855100437E1
1.330647913E1,-4.733739890E1
1.341066121E1,-5.585630720E1
1.351738029E1,-6.190957574E1
1.362130221E1,-6.351617694E1
1.372554804E1,-5.261268051E1
1.382760842E1,-5.591453387E1
1.393017196E1,-5.094908674E1
1.403694467E1,-4.820305775E1
1.414230171E1,-5.463355636E1
1.424451496E1,-4.806543335E1
1.435112875E1,-4.950275422E1
1.445775908E1,-5.293961220E1
1.456182096E1,-5.688116153E1
1.466406404E1,-5.946437588E1
1.476911388E1,-4.623203015E1
1.487575846E1,-5.195342493E1
1.497844625E1,-6.440336303E1
1.508224350E1,-6.909744506E1
1.518570521E1,-6.870016106E1
1.529235354E1,-7.025537498E1
1.539529650E1,-7.034754256E1
1.550190892E1,-4.875535526E1
1.560649746E1,-4.901657695E1
1.571220592E1,-5.554910427E1
1.581596796E1,-4.546614901E1
1.592272321E1,-4.786828014E1
1.602706050E1,-5.228145542E1
1.612907425E1,-4.519338886E1
1.623568388E1,-4.352874763E1
1.634231933E1,-4.846371660E1
1.644899308E1,-4.153891619E1
1.655560975E1,-4.590897969E1
1.666064758E1,-6.224186807E1
1.676398300E1,-6.463666641E1
1.687064208E1,-6.731359416E1
1.697737396E1,-4.936087451E1
1.707978871E1,-4.489425733E1
1.718653092E1,-4.221372611E1
1.729324154E1,-4.193253423E1
1.739995038E1,-5.216983794E1
1.750645058E1,-5.051565368E1
1.761132163E1,-4.782990765E1
1.771331079E1,-5.209620275E1
1.781595117E1,-4.943678442E1
1.791957771E1,-5.282977307E1
1.802636692E1,-4.372867905E1
1.813005725E1,-4.765978260E1
1.823676958E1,-4.306608370E1
1.834350992E1,-5.038819075E1
1.844675696E1,-6.754801912E1
1.855348008E1,-6.460651696E1
1.866016483E1,-6.430457265E1
1.876356621E1,-6.955488410E1
1.887023608E1,-6.781875764E1
1.897699563E1,-4.407800740E1
1.908032496E1,-5.168422922E1
1.918706133E1,-5.996726294E1
1.929369433E1,-6.214637838E1
1.939715067E1,-6.108930887E1
1.950386975E1,-6.264292991E1
1.960642375E1,-5.779425741E1
1.971189913E1,-4.540749226E1
1.981854267E1,-4.098166775E1
1.992529854E1,-4.377152083E1
2.003088246E1,-4.358541650E1
2.013762829E1,-5.054321954E1
2.024125375E1,-5.543873335E1
2.034782075E1,-5.739997621E1
2.045452546E1,-6.531262120E1
2.056117800E1,-6.571583961E1
2.066399604E1,-5.316557483E1
2.077071292E1,-4.326762007E1
2.087740213E1,-5.022926893E1
2.098160892E1,-5.521382261E1
2.108741642E1,-5.137432578E1
2.119212754E1,-4.875480780E1
2.129847479E1,-5.450247137E1
2.140518354E1,-5.549210865E1
2.151181504E1,-6.684598288E1
2.161532854E1,-6.854316878E1
2.172207979E1,-6.628616758E1
2.182875250E1,-6.926746037E1
2.193218813E1,-7.047009171E1
2.203675408E1,NaN
2.213952058E1,-6.966336850E1
2.224614450E1,-6.540451850E1
2.234921213E1,-6.971219147E1
2.245582450E1,-6.234159512E1
2.256258313E1,-4.416174546E1
2.266598700E1,-4.005542890E1
2.277270788E1,-4.761438693E1
2.287942346E1,-4.266380036E1
2.298275483E1,-5.120542739E1
2.308945683E1,-5.549737592E1
2.319427200E1,-5.042749721E1
2.329751817E1,-4.937714946E1
2.339971404E1,-4.784658958E1
2.350650733E1,-5.234835106E1
2.361318750E1,-6.210050087E1
2.371642558E1,-4.946536200E1
2.382316267E1,-5.539673971E1
2.392999254E1,-4.408769546E1
2.403320096E1,-4.503420690E1
2.413995446E1,-6.597608487E1
2.424664254E1,-6.466563442E1
2.435103696E1,-6.811492614E1
2.445768725E1,-5.720160152E1
2.456400850E1,-4.401970035E1
2.466685092E1,-4.208704849E1
2.477366388E1,-4.072986456E1
2.488031463E1,-4.570455985E1
2.498355075E1,-5.484496493E1
2.508749354E1,-4.856826748E1
2.519423867E1,-4.347291803E1
2.530021383E1,-4.292915668E1
2.540650917E1,-5.582281899E1
2.551329596E1,-4.479334417E1
2.561704046E1,-5.766531433E1
2.572374588E1,-5.317157870E1
2.583048983E1,-5.461209260E1
2.593382596E1,-5.121481145E1
2.603873933E1,-5.692530581E1
2.614544363E1,-4.466321593E1
2.624861004E1,-4.299545188E1
2.635124121E1,-4.129825036E1
2.645422392E1,-4.927156987E1
2.655942225E1,-4.630779600E1
2.666529517E1,-4.860307028E1
2.676743983E1,-5.575404805E1
2.687416925E1,-4.831346041E1
2.698087963E1,-4.928864447E1
2.708758383E1,-4.747430781E1
2.719434200E1,-5.435848233E1
2.729907008E1,-5.336394256E1
2.740101242E1,-5.096642780E1
2.750644808E1,-4.418845357E1
2.761210429E1,-5.364193289E1
2.771781800E1,-5.008406583E1
2.782450646E1,-5.545763280E1
2.793117096E1,-5.340891882E1
2.803450567E1,-4.313925842E1
2.813800525E1,NaN
2.824380388E1,-5.040709214E1
2.834920221E1,-5.177009761E1
2.845136050E1,-5.147482074E1
2.855807938E1,-4.542857263E1
2.866403846E1,-5.814779662E1
2.876818229E1,-6.446452582E1
2.887492754E1,-6.506076110E1
2.898164546E1,-6.430687255E1
2.908826046E1,-6.453689423E1
2.919497625E1,-4.705310014E1
2.929964200E1,-4.503806377E1
2.940180671E1,-4.408701966E1
2.950646896E1,-5.239615570E1
2.961315292E1,-4.632742740E1
2.971871521E1,-4.970069282E1
2.982351542E1,-4.837892929E1
2.993032346E1,-5.895099479E1
3.003551829E1,-5.291325938E1
3.014039033E1,-4.851017586E1
3.024211404E1,-4.542370823E1
3.034880583E1,-4.927392617E1
3.045231558E1,-5.977853799E1
3.055600838E1,-5.575152072E1
3.066270713E1,-5.237376829E1
3.076699521E1,-6.107238631E1
3.087152113E1,-6.615844578E1
3.097548533E1,-6.492346912E1
3.108064442E1,-6.492277566E1
3.118561604E1,-6.549828165E1
3.129232854E1,-6.363082055E1
3.139905671E1,-6.653573709E1
3.150256425E1,-6.699267842E1
3.160646963E1,-6.503054073E1
3.171313146E1,-6.704731261E1
3.181927842E1,-6.628060367E1
3.192601492E1,-4.854843457E1
3.203271033E1,-4.220023331E1
3.213937121E1,-4.612461297E1
3.224608613E1,-5.473698227E1
3.235089383E1,-4.696737708E1
3.245284175E1,-4.678282744E1
3.255813479E1,-5.483328001E1
3.266393808E1,-4.598100566E1
3.276759475E1,-5.157122054E1
3.286968092E1,-4.656821865E1
3.297194754E1,-4.659613323E1
3.307864921E1,-5.031880033E1
3.318436446E1,-4.255324691E1
3.329111008E1,-4.439279060E1
3.339778458E1,-4.225854463E1
3.350137008E1,-4.460632771E1
3.360645321E1,-4.584966470E1
3.371314638E1,-4.383842033E1
3.381816004E1,-5.576347331E1
3.392491600E1,-6.542180911E1
3.403162204E1,-6.390599963E1
3.413507300E1,-5.340170142E1
3.423691654E1,NaN
3.434269988E1,-4.936822491E1
3.444943304E1,-5.115300424E1
3.455383771E1,-6.096269570E1
3.466055142E1,-6.436443691E1
3.476406621E1,-6.647427302E1
3.487067583E1,-6.557547128E1
3.497741213E1,-6.228859650E1
3.508408967E1,-5.824427608E1
3.518745671E1,-5.755307338E1
3.529413413E1,-5.817991566E1
3.540091321E1,-4.508301294E1
3.550644421E1,-4.479088568E1
3.561322667E1,-4.116757650E1
3.571916313E1,-5.208441421E1
3.582115904E1,-5.131443513E1
3.592792133E1,-5.726404689E1
3.603469633E1,-4.971565945E1
3.614094371E1,-4.905098613E1
3.624756692E1,-4.449683818E1
3.635277992E1,-4.343877844E1
3.645474125E1,-4.217292647E1
3.656144750E1,-5.188393467E1
3.666398508E1,-4.966745912E1
3.676941667E1,-4.744150383E1
3.687606196E1,-4.748906735E1
3.698275542E1,-5.509030138E1
3.708637713E1,-4.964129501E1
3.718841371E1,-5.502873358E1
3.729014338E1,-6.058574846E1
3.739655721E1,-5.988333293E1
3.750318796E1,-6.366873168E1
3.760643392E1,-6.124971909E1
3.771321175E1,-5.865024015E1
3.782000775E1,-4.763201278E1
3.792198038E1,-4.530018326E1
3.802878200E1,-4.825343356E1
3.813552229E1,-4.185261891E1
3.824213483E1,-4.154867140E1
3.834877567E1,-4.415814298E1
3.845351779E1,-4.610832772E1
3.855550221E1,-4.720077130E1
3.866222863E1,-4.569654228E1
3.876401408E1,-4.261027533E1
3.887029938E1,-4.805560929E1
3.897237758E1,-5.019888369E1
3.907914554E1,-5.311196403E1
3.918547875E1,-4.791811659E1
3.928927554E1,-5.312018753E1
3.939556538E1,-6.387602245E1
3.950254296E1,-6.340938712E1
3.960608613E1,-5.261483496E1
3.971286371E1,-5.340143873E1
3.981969683E1,-4.937607016E1
3.992287267E1,-5.489965235E1
4.002948967E1,-4.419653635E1
4.013621288E1,-5.128093565E1
4.024201375E1,-5.058768027E1
4.034866446E1,-4.654749986E1
4.045426896E1,-5.152055721E1
4.055701413E1,-4.885009256E1
4.066365313E1,-4.994772852E1
4.076738933E1,-5.243669124E1
4.087309021E1,-5.049101381E1
4.097985013E1,-5.393040670E1
4.108654038E1,-6.148213187E1
4.118997979E1,-6.279834780E1
4.129205796E1,-6.343099278E1
4.139875896E1,-6.253873646E1
4.150471967E1,-5.945248453E1
4.161147417E1,-6.339546980E1
4.171818542E1,-6.253860044E1
4.182164696E1,-6.179411574E1
4.192369950E1,-6.029552925E1
4.203048450E1,-6.027350938E1
4.213720275E1,-4.509700870E1
4.224039088E1,-4.212515706E1
4.234700125E1,-4.156764477E1
4.245282208E1,-4.393360645E1
4.255717392E1,-4.725711810E1
4.266391021E1,-5.592151614E1
4.277064313E1,-4.793839960E1
4.287726283E1,-4.721500543E1
4.297972292E1,-4.543617472E1
4.308581146E1,-5.471745389E1
4.319058792E1,-4.352739590E1
4.329471050E1,-4.399705899E1
4.340134833E1,-4.390212645E1
4.350644663E1,-4.510502601E1
4.361243775E1,-5.169000693E1
4.371922625E1,-4.830901918E1
4.382212763E1,-4.154782151E1
4.392885713E1,-4.298568506E1
4.403559529E1,-5.334146977E1
4.414077229E1,-4.903786825E1
4.424465300E1,NaN
4.435043550E1,-5.204293256E1
4.445557846E1,-5.788032907E1
4.455769192E1,-6.363054684E1
4.466400354E1,-6.449160668E1
4.477074783E1,-6.388882727E1
4.487252192E1,-5.752169830E1
4.497462267E1,-4.254537274E1
4.507746079E1,-4.321317834E1
4.518341738E1,-5.016798143E1
4.528950813E1,-5.060613806E1
4.539155438E1,-5.239731254E1
4.549840463E1,-4.707924453E1
4.560513196E1,-4.798054981E1
4.570833496E1,-4.262247495E1
4.581507058E1,-4.852522260E1
4.592178350E1,-5.142657767E1
4.602512492E1,-5.467471572E1
4.613187308E1,-4.323264705E1
4.623862238E1,-4.884870627E1
4.634185829E1,-4.729858760E1
4.644849483E1,-5.526822795E1
4.655512708E1,-4.967955628E1
4.665865217E1,-5.258679437E1
4.676470933E1,-4.406514383E1
4.686872958E1,-5.281434473E1
4.697343050E1,-6.247946254E1
4.707554779E1,-5.298012068E1
4.717871667E1,-4.275406363E1
4.728535175E1,-4.728011379E1
4.739038925E1,-5.589019444E1
4.749248513E1,-5.636353544E1
4.759929608E1,-5.588013910E1
4.770568300E1,-4.626665825E1
4.780921238E1,-5.343965677E1
4.791587571E1,-6.195461600E1
4.802260092E1,-6.222789371E1
4.812608267E1,-6.483672388E1
4.823288533E1,-6.411171925E1
4.833999954E1,-6.339150583E1
4.844284446E1,-6.533373006E1
4.854799971E1,-6.273405120E1
4.865070017E1,-5.888407276E1
4.875742758E1,-4.588907068E1
4.886402221E1,-4.443615022E1
4.897061579E1,-4.222863069E1
4.907419750E1,-4.460578162E1
4.917642517E1,-4.416172967E1
4.927950504E1,-4.445221558E1
4.938616738E1,-4.170924473E1
4.949110858E1,-4.355948939E1
4.959373792E1,-4.801340078E1
4.970040725E1,-5.554206462E1
4.980644171E1,-4.884908154E1
4.990998933E1,-4.702864707E1
5.001676954E1,-5.513259252E1
5.012347854E1,-4.800409445E1
5.022679829E1,-5.500100033E1
5.033346371E1,-4.601167960E1
5.044012225E1,-4.965529907E1
5.054349513E1,-5.250902977E1
5.065014958E1,-5.127882845E1
5.075679458E1,-5.523626745E1
5.086026358E1,-6.589713490E1
5.096399554E1,-6.538125230E1
5.107076900E1,-6.436972963E1
5.117704450E1,-6.875633030E1
5.128225913E1,-6.612042163E1
5.138890017E1,-6.505216315E1
5.149384446E1,-5.872479003E1
5.160059258E1,-4.567402353E1
5.170631525E1,-4.796400224E1
5.181065242E1,-4.602491000E1
5.191738188E1,-4.348523130E1
5.202416025E1,-4.927930723E1
5.212742913E1,-4.596523545E1
5.223410942E1,-4.498382692E1
5.234083538E1,-5.117222477E1
5.244414996E1,-6.100249565E1
5.255076833E1,-4.704119024E1
5.265749013E1,-4.601822665E1
5.276399983E1,-5.037698672E1
5.287068879E1,-5.044516169E1
5.297570371E1,-4.351097396E1
5.307786854E1,-4.517613257E1
5.318263483E1,-4.346602656E1
5.328951454E1,-5.354536849E1
5.339461821E1,-4.214364671E1
5.349891800E1,-5.419338661E1
5.360544342E1,-6.413650668E1
5.370955242E1,-6.726152911E1
5.381152938E1,-7.028881303E1
5.391822808E1,-6.584664635E1
5.402487663E1,-6.909857312E1
5.412823117E1,-6.855533295E1
5.423490133E1,-6.531520813E1
5.434161092E1,-6.629192690E1
5.444499954E1,-5.581909637E1
5.454876071E1,-4.188488751E1
5.465542567E1,-4.196898964E1
5.475967242E1,-4.404767863E1
5.486400950E1,-4.522810538E1
5.497066263E1,-4.239992281E1
5.507653575E1,-5.066500656E1
5.517860163E1,-4.470312432E1
5.528532667E1,-5.050777195E1
5.539204696E1,-5.566762726E1
5.549534525E1,-4.843424816E1
5.560204696E1,-5.301911388E1
5.570569163E1,-4.859017844E1
5.581005108E1,-4.330165984E1
5.591210763E1,-4.858735471E1
5.601388463E1,-5.032426611E1
5.612061450E1,-4.847028183E1
5.622693138E1,-5.273103210E1
5.632894958E1,-4.812836588E1
5.643567796E1,-5.216523761E1
5.654229642E1,-5.500027133E1
5.664572033E1,-4.344287138E1
5.675242429E1,-4.647170574E1
5.685906213E1,-4.693563844E1
5.696400275E1,-6.076818752E1
5.707066525E1,-4.660543831E1
5.717727846E1,-4.594481199E1
5.727933433E1,-4.910647797E1
5.738594871E1,-4.578050928E1
5.749276908E1,-5.536793682E1
5.759611363E1,-4.768189291E1
5.770279700E1,-4.736808149E1
5.780639388E1,-4.810877472E1
5.791083475E1,-5.217007366E1
5.801285304E1,-4.900922443E1
5.811583504E1,-5.421040915E1
5.821908475E1,-4.339440926E1
5.832575425E1,-5.577718313E1
5.842954925E1,-6.417290240E1
5.853626208E1,-6.252110149E1
5.864303671E1,-6.463969764E1
5.874626854E1,-6.568289597E1
5.885259538E1,-6.421613713E1
5.895565729E1,-6.193008165E1
5.906098671E1,-4.646598973E1
5.916319971E1,-4.303614425E1
5.926987896E1,-4.164890228E1
5.937652746E1,-4.499463693E1
5.947984663E1,-4.591989170E1
5.958650379E1,-4.300873815E1
5.969316046E1,-4.966703419E1
5.979676417E1,-4.694281430E1
5.990347188E1,-5.418804934E1
6.000650083E1,-6.237185592E1
6.011135604E1,-6.467137332E1
6.021333258E1,-5.048929244E1
6.031999150E1,-4.804661946E1
6.042675763E1,-4.631110545E1
6.053013767E1,-5.002907806E1
6.063699138E1,-5.547358651E1
6.074367433E1,-4.914509043E1
6.084684075E1,-4.334594524E1
6.095366371E1,-4.536101655E1
6.105541688E1,-5.798583721E1
6.116143688E1,-4.786236349E1
6.126400692E1,-4.450368678E1
6.137065875E1,-5.298903958E1
6.147733808E1,-5.128605223E1
6.158036813E1,-4.274423380E1
6.168705417E1,-4.003906364E1
6.179375763E1,-4.783413439E1
6.189709075E1,-4.934950601E1
6.200373904E1,-5.562623025E1
6.210649533E1,-4.524668878E1
6.221171000E1,-4.774176649E1
6.231389179E1,-4.896322652E1
6.242071767E1,-5.522304012E1
6.252329571E1,-4.949739503E1
6.262872371E1,-4.537616826E1
6.273045971E1,-4.217463719E1
6.283727063E1,-5.222369516E1
6.294395271E1,-4.839560957E1
6.304733842E1,-4.532556584E1
6.315400154E1,-5.893064204E1
6.326071108E1,-6.531184078E1
6.336396708E1,-6.544530851E1
6.346603404E1,-6.578567502E1
6.357273075E1,-6.822719536E1
6.367870917E1,-6.953587613E1
6.378547021E1,-6.672604455E1
6.389225404E1,-4.239592008E1
6.399747221E1,-4.675199641E1
6.410420304E1,-5.007447969E1
6.420644625E1,-5.357444954E1
6.431217321E1,-4.823930604E1
6.441419700E1,-4.181657631E1
6.452096221E1,-4.345405802E1
6.462774733E1,-4.364999414E1
6.473108317E1,-4.148971366E1
6.483780500E1,-4.705041594E1
6.494445996E1,-5.125072080E1
6.505102125E1,-4.816102149E1
6.515437642E1,-4.523038931E1
6.526108954E1,-4.912755782E1
6.536397667E1,-5.664000562E1
6.547031788E1,-5.705890597E1
6.557723171E1,-6.200758671E1
6.568124192E1,-6.318523445E1
6.578792775E1,-6.352038268E1
6.589467688E1,-6.258496052E1
6.599791804E1,-5.123587668E1
6.610474942E1,-4.638611576E1
6.620910158E1,-4.932112827E1
6.631266092E1,-4.609436317E1
6.641470821E1,-5.762935682E1
6.651677929E1,-6.384722796E1
6.662353663E1,-6.293780071E1
6.672952708E1,-5.578813556E1
6.683627721E1,-3.713734093E1
6.694298483E1,-4.075861334E1
6.704621888E1,-5.028717030E1
6.715290663E1,-5.329032696E1
6.725807654E1,-5.548979762E1
6.736400533E1,-4.594984880E1
6.747068217E1,-4.843158918E1
6.757731454E1,-5.870986941E1
6.768176954E1,-4.809177848E1
6.778848217E1,-5.351940220E1
6.789521400E1,-4.723240586E1
6.799859313E1,-5.724297767E1
6.810528729E1,-6.477623148E1
6.821204558E1,-5.677937893E1
6.831543896E1,-6.526597561E1
6.842214833E1,-6.821851030E1
6.852886017E1,-6.805067639E1
6.863208517E1,-6.698291804E1
6.873584192E1,-6.684273257E1
6.884255658E1,-5.684485197E1
6.894892571E1,-4.241212906E1
6.905556421E1,-4.809202337E1
6.916003429E1,-4.390362972E1
6.926557733E1,-4.128096736E1
6.937170979E1,-4.506242691E1
6.947831721E1,-4.777539873E1
6.958240071E1,-4.998802432E1
6.968923625E1,-5.909995032E1
6.979595654E1,-5.174060162E1
6.989907125E1,-5.312804793E1
7.000587450E1,-6.375008482E1
7.011250517E1,-6.640625752E1
7.021583500E1,-6.723515920E1
7.032259713E1,-4.695710657E1
7.042929346E1,-4.606002414E1
7.053254154E1,-5.623820858E1
7.063923933E1,-4.648029429E1
7.074539679E1,-4.798498883E1
7.084929275E1,-5.260570902E1
7.095566879E1,-5.662409683E1
7.106074458E1,-5.233443303E1
7.116391688E1,-5.511736365E1
7.126867904E1,-4.523993912E1
7.137386854E1,-4.894315424E1
7.148061025E1,-4.750634295E1
7.158732975E1,-5.006159857E1
7.169385729E1,-5.287994321E1
7.179749950E1,-4.956529396E1
7.190420446E1,-4.185841106E1
7.200651233E1,-4.728634926E1
7.211119904E1,-6.067513111E1
7.221622925E1,-6.741939791E1
7.231941142E1,-6.823642296E1
7.242615542E1,-7.029297351E1
7.253289763E1,-7.072866437E1
7.263466571E1,-7.009748697E1
7.274114567E1,-6.016061040E1
7.284768471E1,-4.657426393E1
7.294968054E1,-4.009338632E1
7.305626121E1,-5.203394631E1
7.316304225E1,-5.027892163E1
7.326647292E1,-5.375482886E1
7.337326275E1,-5.500950861E1
7.347647704E1,-4.418165497E1
7.358124608E1,-4.288517224E1
7.368327192E1,-4.975790544E1
7.379009083E1,-4.850167971E1
7.389692583E1,-5.437149741E1
7.399994433E1,-5.518523599E1
7.410644354E1,-5.362232822E1
7.421312517E1,-5.724334289E1
7.431492088E1,-6.690790364E1
7.441676246E1,-6.700794180E1
7.452348083E1,-6.513026830E1
7.463029404E1,-6.504301250E1
7.473347683E1,-6.634125369E1
7.483669533E1,NaN
7.494260517E1,-6.802738716E1
7.504827692E1,-6.867846453E1
7.515028154E1,-6.057144732E1
7.525695221E1,-4.753380167E1
7.536362496E1,-5.188304599E1
7.546708813E1,-4.341921829E1
7.557378708E1,-4.061294746E1
7.568052338E1,-4.330973124E1
7.578385750E1,-4.622689340E1
7.589054250E1,-5.048680208E1
7.599717813E1,-5.270000851E1
7.610062138E1,-4.678379159E1
7.620641196E1,-4.381744024E1
7.631308675E1,-4.464785495E1
7.641742567E1,-4.703928991E1
7.652419792E1,-4.967908627E1
7.663089696E1,-5.556148195E1
7.673418267E1,NaN
7.684006958E1,-4.578208183E1
7.694671592E1,-4.196576131E1
7.705105421E1,-4.988684052E1
7.715775167E1,-4.454699905E1
7.726401267E1,-5.316992408E1
7.736791325E1,-5.323818514E1
7.747454650E1,-5.705146055E1
7.758065846E1,-4.565838358E1
7.768265146E1,-4.335813669E1
7.778476450E1,-4.546574612E1
7.788737667E1,-4.513572097E1
7.799407750E1,-5.660406073E1
7.809960092E1,-6.235156778E1
7.820644058E1,-6.355056305E1
7.831319758E1,-5.198877440E1
7.841836200E1,-5.108357345E1
7.852513858E1,-5.485295371E1
7.863020575E1,-6.074040315E1
7.873519696E1,-4.896540063E1
7.884194992E1,-5.199568342E1
7.894868971E1,-5.020391517E1
7.905196571E1,-6.368463337E1
7.915463538E1,-6.675678780E1
7.926022000E1,-6.663442800E1
7.936661742E1,-6.760881217E1
7.946885650E1,-6.928268718E1
7.957554375E1,-6.750056785E1
7.968218800E1,-6.594130469E1
7.978584217E1,-6.284293234E1
7.989274917E1,-5.424012914E1
7.999936167E1,-4.021748446E1
8.010260892E1,-4.009303763E1
8.020570338E1,-4.413543301E1
8.031242367E1,-5.072707910E1
8.041757871E1,-4.497429834E1
8.051955238E1,-4.089034395E1
8.062628283E1,-4.494929882E1
8.073298317E1,-4.240137729E1
8.083639367E1,-4.451541966E1
8.094312225E1,-4.971031144E1
8.104980292E1,-4.169805677E1
8.115318258E1,-4.402746350E1
8.125805025E1,-4.734577912E1
8.136398113E1,-4.900275570E1
8.147002367E1,-5.190082457E1
8.157677075E1,-5.338527071E1
8.168342892E1,-5.955466373E1
8.178690221E1,-6.648529180E1
8.189366775E1,-6.688333193E1
8.200031529E1,-6.575154706E1
8.210649354E1,-6.591302795E1
8.221313550E1,-4.871698424E1
8.231854596E1,-4.286132478E1
8.242061067E1,-3.889654541E1
8.252734479E1,-4.761134253E1
8.263409479E1,-4.325176355E1
8.273741554E1,-5.496784245E1
8.284408883E1,-4.840655848E1
8.295077246E1,-5.778739766E1
8.305428996E1,-4.695682047E1
8.316091921E1,-4.284486012E1
8.326406404E1,-4.432286525E1
8.336905058E1,-4.823659670E1
8.347113096E1,-4.717667015E1
8.357776329E1,-5.995942053E1
8.368442154E1,-6.415857796E1
8.378800242E1,-6.495187752E1
8.389473925E1,-4.744455160E1
8.400144917E1,-4.584850339E1
8.410644438E1,-4.570316671E1
8.421317633E1,-4.533427708E1
8.431952917E1,-4.286746072E1
8.442157054E1,-4.946823162E1
8.452831983E1,-4.856913671E1
8.463506150E1,-4.436403427E1
8.473833075E1,-5.598372875E1
8.484204329E1,NaN
8.494783633E1,-4.950784459E1
8.505306679E1,-4.762087830E1
8.515509413E1,-4.671306939E1
8.526176983E1,-5.642884692E1
8.536398896E1,-6.112901107E1
8.546994258E1,-6.599254259E1
8.557189192E1,-6.970012694E1
8.567407746E1,-6.697969292E1
8.578068125E1,-5.188865505E1
8.588680758E1,-3.870787644E1
8.598870413E1,-4.037137065E1
8.609534542E1,-5.138747979E1
8.620208792E1,-4.117132068E1
8.630557679E1,-4.472521039E1
8.641228983E1,-4.835410616E1
8.651904238E1,-4.446404714E1
8.662231000E1,-6.069290220E1
8.672902600E1,-4.920513208E1
8.683261779E1,-5.493136568E1
8.693910438E1,-4.986588110E1
8.704245950E1,-4.273016268E1
8.714604067E1,NaN
8.724998250E1,-5.690581894E1
8.735597988E1,-6.459295473E1
8.746264463E1,-6.487792228E1
8.756929929E1,-6.713262730E1
8.767274917E1,-6.341574730E1
8.777953013E1,-4.231277945E1
8.788614346E1,-4.422189216E1
8.799278283E1,-4.152183378E1
8.809946713E1,-5.220770462E1
8.820413492E1,-4.747497696E1
8.830648100E1,-4.692640755E1
8.841318383E1,-4.354556772E1
8.851989463E1,-5.610088118E1
8.862297413E1,-6.595477199E1
8.872967650E1,-6.793587946E1
8.883333100E1,-4.148974490E1
8.893972825E1,-4.768251365E1
8.904640292E1,-4.282634918E1
8.915308958E1,-4.414096698E1
8.925656654E1,-4.762790341E1
8.936335092E1,-4.732190567E1
8.947008204E1,-5.309118615E1
8.957609671E1,-4.806403846E1
8.968274150E1,-4.484459069E1
8.978822117E1,-5.578207425E1
8.989019713E1,-5.273895707E1
8.999690104E1,-5.426064376E1
9.009895917E1,-5.154138994E1
9.020512904E1,-4.914240122E1
9.031125750E1,-4.925256082E1
9.041798638E1,-5.507798009E1
9.052396379E1,-4.898642522E1
9.063065771E1,-4.704597190E1
9.073728192E1,-5.026794075E1
9.084078575E1,-5.259267505E1
9.094746463E1,-5.946130747E1
9.105419513E1,-4.759214742E1
9.115753975E1,-5.327441035E1
9.126402396E1,-4.758386734E1
9.136998704E1,-5.162954841E1
9.147432267E1,-6.493733722E1
9.158099896E1,-6.600617513E1
9.168770258E1,-6.663046859E1
9.179120913E1,-6.832639085E1
9.189777867E1,-7.001899084E1
9.200191825E1,-6.779056240E1
9.210805825E1,-6.688333463E1
9.221482221E1,-6.469108557E1
9.232038950E1,-6.219130292E1
9.242295771E1,-4.744205422E1
9.252486338E1,-4.054555671E1
9.262868729E1,-4.126698011E1
9.273538992E1,-4.582958806E1
9.284180908E1,-5.022247719E1
9.294870338E1,-4.749309569E1
9.305546004E1,-4.589472479E1
9.315837142E1,-4.710223278E1
9.326394950E1,-3.902361326E1
9.336895692E1,-4.139914509E1
9.347526200E1,-4.237074181E1
9.358189979E1,-5.115070343E1
9.368856771E1,-4.183036864E1
9.379216004E1,-4.388878771E1
9.389883883E1,-4.726906374E1
9.400555979E1,-4.553529730E1
9.410899921E1,-5.115839091E1
9.421573754E1,-4.839376031E1
9.432246883E1,-5.253470067E1
9.442585804E1,-4.962788593E1
9.453256654E1,-6.464002307E1
9.463919613E1,-6.793311745E1
9.474271658E1,-6.786353422E1
9.484951100E1,-7.122485416E1
9.495568338E1,-6.219313974E1
9.505954746E1,-5.403486857E1
9.516404463E1,-5.178243453E1
9.527074471E1,-4.391731816E1
9.537638688E1,-4.611812887E1
9.548305975E1,-6.029351887E1
9.558972633E1,-5.005242691E1
9.569328275E1,-4.508393569E1
9.580003971E1,-5.132571565E1
9.590645529E1,-4.212564348E1
9.601009567E1,-4.844566353E1
9.611683625E1,-5.687931319E1
9.622353933E1,-4.979884729E1
9.632693404E1,-5.322660079E1
9.643368208E1,-4.050707108E1
9.654032833E1,-4.948451770E1
9.664368433E1,-5.930834524E1
9.675039946E1,-6.432756762E1
9.685329733E1,-6.501360496E1
9.695847621E1,-6.267133741E1
9.706395671E1,-4.534216835E1
9.717059683E1,-4.385089661E1
9.727542238E1,-4.732097932E1
9.737737396E1,-4.550157929E1
9.748230071E1,-4.662924331E1
9.758602983E1,-4.408890123E1
9.769224238E1,-4.445855740E1
9.779435646E1,-4.194363326E1
9.790095025E1,-4.307002804E1
9.800646554E1,-4.215091451E1
9.811304796E1,-3.947274456E1
9.821971767E1,-4.263516967E1
9.832592358E1,-5.598625416E1
9.842794046E1,-4.366207801E1
9.853462683E1,-4.582601739E1
9.864068363E1,-4.784163331E1
9.874475275E1,-6.258827746E1
9.885142096E1,-6.573809054E1
9.895568938E1,-6.935861855E1
9.906149350E1,-6.871479905E1
9.916405146E1,-6.906011366E1
9.927072267E1,-6.805660096E1
9.937630283E1,-6.845968536E1
9.947831271E1,-7.037792939E1
9.958068346E1,-4.493048224E1
9.968729625E1,-4.371575358E1
9.979297908E1,-3.978756762E1
9.989507654E1,-4.299640537E1
1.000018138E2,-4.183461359E1
1.001064094E2,-4.150212695E1
1.002118955E2,-4.235891570E1
1.003187415E2,-5.201075066E1
1.004254562E2,-4.906267494E1
1.005286913E2,-4.618439806E1
1.006353245E2,-4.599347345E1
1.007419671E2,-4.630328865E1
1.008455383E2,-4.692043313E1
1.009522369E2,-4.534247329E1
1.010553085E2,-5.039238905E1
1.011602525E2,-4.256786223E1
1.012640160E2,-4.640520304E1
1.013707050E2,-5.780196923E1
1.014769040E2,-6.477079613E1
1.015789810E2,-6.631703265E1
1.016841129E2,-6.186556354E1
1.017907480E2,-6.337535139E1
1.018937406E2,-5.437309226E1
1.019957824E2,-4.242745771E1
1.021024096E2,-4.080701642E1
1.022064425E2,-4.215044050E1
1.023126091E2,-4.967521885E1
1.024194223E2,-5.390899928E1
1.025262740E2,-4.341419168E1
1.026324933E2,-4.352114368E1
1.027394453E2,-4.435344026E1
1.028459795E2,-4.553719079E1
1.029529123E2,-4.260959332E1
1.030596823E2,-5.387626324E1
1.031639960E2,-4.106396973E1
1.032706458E2,-4.305849059E1
1.033772856E2,-4.101969913E1
1.034794311E2,-5.057970810E1
1.035861460E2,-4.552106507E1
1.036929180E2,-5.103206579E1
1.037962111E2,-4.105960954E1
1.039030718E2,-4.309274477E1
1.040064998E2,-5.564672617E1
1.041128491E2,-6.231248443E1
1.042196113E2,-6.285182531E1
1.043263244E2,-5.370979340E1
1.044330634E2,-4.521650527E1
1.045398081E2,-5.151063529E1
1.046463397E2,-5.263247335E1
1.047530593E2,-4.746844387E1
1.048597098E2,-4.057924674E1
1.049632363E2,-4.558079374E1
1.050698652E2,-4.875953928E1
1.051765532E2,-4.205622279E1
1.052821828E2,-5.015038012E1
1.053860515E2,-5.048814381E1
1.054928405E2,-4.998153810E1
1.055967093E2,-5.681231102E1
1.057033855E2,-5.182372194E1
1.058064612E2,-5.990763327E1
1.059114404E2,-4.164477789E1
1.060134688E2,-4.828698306E1
1.061202038E2,-4.281695896E1
1.062269753E2,-4.872509399E1
1.063336499E2,-5.004873765E1
1.064403559E2,-6.404907124E1
1.065469468E2,-6.642721828E1
1.066494277E2,-4.715056272E1
1.067513579E2,-5.096454413E1
1.068580213E2,-5.104242419E1
1.069638196E2,-5.191393162E1
1.070705339E2,-4.361589678E1
1.071774384E2,-4.820061034E1
1.072805516E2,-6.061481996E1
1.073873362E2,-6.639280513E1
1.074935425E2,-6.650814487E1
1.075957464E2,-6.951538341E1
1.076997362E2,-6.865773957E1
1.078064688E2,-6.866437232E1
1.079120151E2,-6.545390834E1
1.080141019E2,-6.249205726E1
1.081181623E2,-6.228622594E1
1.082233983E2,-4.622460737E1
1.083287877E2,-4.728011748E1
1.084358715E2,-4.149446978E1
1.085428215E2,-4.152212872E1
1.086475031E2,-5.234541265E1
1.087541575E2,-4.200697816E1
1.088608171E2,-5.127409675E1
1.089639831E2,-5.552703131E1
1.090660645E2,-5.024329063E1
1.091727206E2,-5.176450612E1
1.092790465E2,-5.371255201E1
1.093811503E2,-5.391641781E1
1.094878701E2,-5.529469758E1
1.095945846E2,-4.484607450E1
1.096979171E2,-4.947763694E1
1.098046477E2,-4.132107678E1
1.099065208E2,-4.301877345E1
1.100126299E2,-4.195627578E1
1.101147728E2,-4.582721501E1
1.102214823E2,-4.772007110E1
1.103282184E2,-6.018703185E1
1.104315960E2,-6.716241353E1
1.105383278E2,-6.832293998E1
1.106425271E2,-5.356018565E1
1.107482910E2,-4.514359927E1
1.108550488E2,-4.798639727E1
1.109616554E2,-5.231821467E1
1.110651652E2,-4.632812635E1
1.111673500E2,-4.502532995E1
1.112740059E2,-4.763908475E1
1.113799463E2,-4.386484765E1
1.114820218E2,-4.629593338E1
1.115888128E2,-5.154634443E1
1.116938418E2,-4.641872405E1
1.117987945E2,-5.625566511E1
1.119055650E2,-4.856445023E1
1.120122274E2,-5.994710311E1
1.121155550E2,-6.556245801E1
1.122223166E2,-6.475086457E1
1.123289968E2,-5.973996395E1
1.124322508E2,-5.004167064E1
1.125350023E2,-3.981939325E1
1.126416703E2,-5.244309062E1
1.127470613E2,-4.984961752E1
1.128489698E2,-5.374082335E1
1.129557087E2,-4.623917245E1
1.130623944E2,-5.117969869E1
1.131690406E2,-6.010352928E1
1.132756927E2,-5.689760303E1
1.133823975E2,-5.387346808E1
1.134892461E2,-5.355146024E1
1.135960843E2,-6.172055773E1
1.136991713E2,-5.144644315E1
1.138059814E2,-5.018221096E1
1.139126898E2,-4.709805053E1
1.140159850E2,-4.134391677E1
1.141227238E2,-5.035009930E1
1.142294560E2,-5.014201827E1
1.143327665E2,-4.770755616E1
1.144394704E2,-5.763818096E1
1.145461776E2,-4.294308859E1
1.146493832E2,-4.511332770E1
1.147560257E2,-5.036817945E1
1.148626762E2,-4.822271059E1
1.149661231E2,-4.623891946E1
1.150713468E2,-5.408979065E1
1.151779266E2,-5.507288055E1
1.152829637E2,-5.075469506E1
1.153881367E2,-5.680714398E1
1.154948731E2,-4.334180161E1
1.155977304E2,-5.407105575E1
1.156997972E2,-6.373981734E1
1.158064612E2,-6.739263957E1
1.159131171E2,-6.934565089E1
1.160165525E2,-6.804070261E1
1.161233316E2,-6.654180704E1
1.162300704E2,-6.778729868E1
1.163333825E2,-5.968331075E1
1.164400899E2,-3.873445900E1
1.165433025E2,NaN
1.166482175E2,-4.220221986E1
1.167501390E2,-5.117548907E1
1.168568935E2,-4.240506009E1
1.169635481E2,-4.695296270E1
1.170669809E2,-4.778820718E1
1.171705120E2,-4.530849246E1
1.172771611E2,-5.549125820E1
1.173837210E2,-6.108492716E1
1.174903353E2,-6.600892334E1
1.175971248E2,-4.582372337E1
1.177037661E2,-4.759134598E1
1.178064470E2,-4.808702739E1
1.179131261E2,-4.451978448E1
1.180172450E2,-4.332358154E1
1.181207650E2,-4.740904073E1
1.182276738E2,-4.442558279E1
1.183320218E2,-4.690903887E1
1.184387169E2,-4.915969296E1
1.185454093E2,-5.113621411E1
1.186505995E2,-5.028360806E1
1.187573252E2,-5.500885876E1
1.188639920E2,-6.301908635E1
1.189675038E2,-6.668203182E1
1.190741696E2,-6.575507142E1
1.191808885E2,-6.395825391E1
1.192841953E2,-6.650911041E1
1.193909262E2,-6.527332395E1
1.194976176E2,-6.522746782E1
1.196009013E2,-6.693420233E1
1.197064556E2,-4.457496218E1
1.198131568E2,-4.444370461E1
1.199177376E2,-4.458438999E1
1.200206311E2,-5.016973607E1
1.201273705E2,-6.186493792E1
1.202325170E2,-6.600188626E1
1.203344375E2,-6.529654962E1
1.204412100E2,-6.773750220E1
1.205434748E2,-4.587592645E1
1.206492289E2,-4.518666295E1
1.207512681E2,-4.461170076E1
1.208579638E2,-5.149221164E1
1.209640040E2,-4.051232564E1
1.210659339E2,-3.981142980E1
1.211679350E2,-4.901530920E1
1.212746240E2,-4.582330915E1
1.213813375E2,-5.625991019E1
1.214846905E2,-5.021008242E1
1.215913694E2,-5.486707076E1
1.216980649E2,-4.647944694E1
1.218020446E2,-4.791421249E1
1.219065114E2,-5.012132721E1
1.220133251E2,-6.174804171E1
1.221183120E2,-4.656840026E1
1.222249843E2,-4.494751976E1
1.223306997E2,-4.313783243E1
1.224351464E2,-4.683460453E1
1.225379060E2,NaN
1.226437837E2,-4.562833344E1
1.227498103E2,-4.964472843E1
1.228519234E2,-5.569364589E1
1.229580791E2,-4.497352082E1
1.230640030E2,-5.613111451E1
1.231666948E2,-6.401386325E1
1.232687481E2,-6.479493783E1
1.233754699E2,-6.502262386E1
1.234820794E2,-6.526741476E1
1.235887920E2,-6.671854094E1
1.236938156E2,-6.869322722E1
1.238002340E2,-6.413372421E1
1.239065008E2,-4.753569895E1
1.240100115E2,-4.843410996E1
1.241166245E2,-4.753098986E1
1.242191479E2,-4.089698228E1
1.243258464E2,-4.355956434E1
1.244325791E2,-4.347852438E1
1.245359928E2,-4.530966442E1
1.246427078E2,-4.555811739E1
1.247494362E2,-5.201821671E1
1.248527860E2,-6.430394846E1
1.249595206E2,-6.463266197E1
1.250640143E2,-4.749495301E1
1.251696453E2,-4.339516941E1
1.252762648E2,-5.669122881E1
1.253829630E2,-5.105091294E1
1.254864501E2,-4.604126359E1
1.255886849E2,-4.661574179E1
1.256938853E2,-5.133989486E1
1.258008243E2,-5.377957568E1
1.259064635E2,-4.690863820E1
1.260116772E2,-5.185820614E1
1.261180293E2,-4.495886901E1
1.262201463E2,-4.847977133E1
1.263269306E2,-5.981198311E1
1.264337360E2,-6.436019156E1
1.265368228E2,-6.515781274E1
1.266435406E2,-6.486178443E1
1.267502224E2,-6.179413713E1
1.268535887E2,-4.354709025E1
1.269599740E2,-4.452113862E1
1.270640213E2,-4.017810644E1
1.271705167E2,-4.071202649E1
1.272755180E2,-4.893744940E1
1.273821525E2,-4.622032158E1
1.274852935E2,-4.971419848E1
1.275873784E2,-5.274761141E1
1.276938921E2,-5.119433764E1
1.277958741E2,-5.563548335E1
1.279022901E2,-6.335672491E1
1.280064312E2,-6.179423485E1
1.281130737E2,-6.377677057E1
1.282191313E2,-6.799660345E1
1.283211102E2,-4.929633905E1
1.284278057E2,-5.299379779E1
1.285326170E2,-4.642896037E1
1.286379158E2,-4.393711080E1
1.287447546E2,-4.370248235E1
1.288516270E2,-4.452308633E1
1.289548169E2,-4.675296414E1
1.290615678E2,-5.385938561E1
1.291639997E2,-4.164876987E1
1.292695550E2,-4.698874149E1
1.293716037E2,-5.089669972E1
1.294783050E2,-5.075917177E1
1.295850074E2,-5.219341913E1
1.296917169E2,-4.348433740E1
1.297983931E2,-5.185719826E1
1.299031893E2,-6.127441120E1
1.300064417E2,-6.514796384E1
1.301113664E2,-6.668929718E1
1.302180342E2,-6.752551552E1
1.303221329E2,-6.489516970E1
1.304288444E2,-6.596061753E1
1.305355548E2,-6.626483518E1
1.306422336E2,-6.262644163E1
1.307455176E2,-6.352807496E1
1.308522325E2,-6.867690688E1
1.309540150E2,-6.602281809E1
1.310558434E2,-5.381170507E1
1.311625424E2,-4.751686679E1
1.312692650E2,-4.381611106E1
1.313759755E2,-5.006890291E1
1.314826364E2,-4.145194954E1
1.315875299E2,-3.989923419E1
1.316895336E2,-4.603209091E1
1.317962669E2,-5.013505056E1
1.319032679E2,-4.917857188E1
1.320063930E2,-4.872907886E1
1.321119517E2,-4.562717998E1
1.322186480E2,-4.654219155E1
1.323231348E2,-4.358262778E1
1.324297962E2,-4.277727642E1
1.325366018E2,-4.798662671E1
1.326405865E2,-5.683166106E1
1.327435959E2,-6.278158721E1
1.328502863E2,-6.445069856E1
1.329547817E2,-4.840892703E1
1.330567859E2,-4.676262584E1
1.331634097E2,-5.345396422E1
1.332686111E2,-4.901506498E1
1.333716082E2,-5.162254069E1
1.334736778E2,-4.859113701E1
1.335803618E2,-4.774546502E1
1.336870386E2,-6.074982792E1
1.337904507E2,-6.172028257E1
1.338974028E2,-6.454596101E1
1.340041463E2,-6.631106419E1
1.341064691E2,-5.287701215E1
1.342132150E2,-4.803774631E1
1.343198761E2,-4.510932272E1
1.344240220E2,-4.120799459E1
1.345273559E2,-4.347554390E1
1.346340531E2,-4.733774112E1
1.347386691E2,-5.065531535E1
1.348407655E2,-4.797805455E1
1.349474452E2,-4.942787960E1
1.350542588E2,-4.792617928E1
1.351575552E2,-4.845754895E1
1.352640508E2,-5.556295651E1
1.353707249E2,-4.466103865E1
1.354742298E2,-4.795164201E1
1.355806933E2,-4.659599414E1
1.356873005E2,-4.271652069E1
1.357910300E2,-4.691996165E1
1.358977418E2,-4.860616324E1
1.360044169E2,-5.308520233E1
1.361111231E2,-5.130161240E1
1.362178373E2,-5.683464164E1
1.363226040E2,-4.341815558E1
1.364247838E2,-4.623100147E1
1.365317021E2,-4.780309976E1
1.366386132E2,-4.237822824E1
1.367415080E2,-4.323460875E1
1.368481951E2,-5.482221641E1
1.369548722E2,-5.279992508E1
1.370583745E2,-5.622582649E1
1.371640173E2,-4.351618893E1
1.372706365E2,-5.270278639E1
1.373751323E2,-6.445855096E1
1.374817478E2,-5.373463626E1
1.375884710E2,-5.208123564E1
1.376919581E2,-5.998838912E1
1.377986772E2,-6.116023545E1
1.379053888E2,-6.460561240E1
1.380105520E2,-6.320389636E1
1.381130630E2,-6.636910898E1
1.382197690E2,-6.700501853E1
1.383255615E2,-6.654002106E1
1.384314233E2,-6.138931025E1
1.385381541E2,-4.290546672E1
1.386403356E2,-5.040884066E1
1.387423536E2,-3.898367301E1
1.388490327E2,-4.540357098E1
1.389557051E2,-4.365978638E1
1.390591581E2,-4.978512648E1
1.391640075E2,-4.482309075E1
1.392706591E2,-5.429833120E1
1.393738514E2,-4.829447018E1
1.394759059E2,-5.009829351E1
1.395825550E2,-5.331020950E1
1.396893262E2,-5.079167527E1
1.397927024E2,-4.703077664E1
1.398969318E2,-4.267925125E1
1.400036506E2,-5.563518226E1
1.401093928E2,-5.453811967E1
1.402162665E2,-5.023739349E1
1.403230566E2,-4.966209277E1
1.404260813E2,-4.909670047E1
1.405327378E2,-5.101802137E1
1.406394421E2,-5.590130191E1
1.407454433E2,-6.456039637E1
1.408521691E2,-6.515249581E1
1.409574690E2,-6.718601115E1
1.410640005E2,-6.920351294E1
1.411706628E2,-6.232242441E1
1.412761910E2,-6.523218429E1
1.413784001E2,-6.056962110E1
1.414815123E2,-4.377108665E1
1.415881252E2,-3.890270310E1
1.416909790E2,-4.055252793E1
1.417930217E2,-5.063680865E1
1.418996634E2,-4.717807104E1
1.420063040E2,-4.308346177E1
1.421097271E2,-4.262668609E1
1.422164470E2,-4.917610806E1
1.423231608E2,-5.761405347E1
1.424270398E2,-5.579863459E1
1.425337696E2,-5.485568484E1
1.426404296E2,-4.847824569E1
1.427430329E2,-5.168949802E1
1.428497086E2,-6.160497514E1
1.429563627E2,-6.213567135E1
1.430598603E2,-6.652773890E1
1.431639972E2,-6.674581066E1
1.432707255E2,-6.844424157E1
1.433765375E2,-6.481201048E1
1.434832532E2,-6.182792379E1
1.435900038E2,-5.862698368E1
1.436931812E2,-4.831450073E1
1.437999290E2,-3.874014608E1
1.439057656E2,-4.672199318E1
1.440078694E2,-4.649437667E1
1.441147228E2,-4.558376387E1
1.442211796E2,-4.997652082E1
1.443245565E2,-5.059128821E1
1.444265394E2,-4.706629294E1
1.445326038E2,-4.354553709E1
1.446365485E2,-4.760065607E1
1.447431770E2,-5.202828740E1
1.448498818E2,-4.358205975E1
1.449565583E2,-4.428241798E1
1.450598365E2,-5.516988681E1
1.451640220E2,-4.588492592E1
1.452707086E2,-4.633039083E1
1.453764913E2,-4.319984604E1
1.454831597E2,-4.792522569E1
1.455898628E2,-4.837267149E1
1.456965553E2,-4.620599555E1
1.458032875E2,-5.487516797E1
1.459081403E2,-6.372704961E1
1.460100092E2,-6.545175850E1
1.461162203E2,-6.384919727E1
1.462229504E2,-6.561215330E1
1.463268021E2,-6.432711735E1
1.464313598E2,-6.761072804E1
1.465380048E2,-5.137831839E1
1.466414733E2,-4.841965589E1
1.467480705E2,-5.576408854E1
1.468547976E2,-4.387042792E1
1.469581317E2,-4.391344279E1
1.470640275E2,-4.535240146E1
1.471707819E2,-4.758146048E1
1.472769264E2,-4.956780313E1
1.473837411E2,-4.926915197E1
1.474904454E2,-4.496589050E1
1.475937450E2,-5.647500076E1
1.477004147E2,-6.218613882E1
1.478064754E2,-6.371058055E1
1.479104305E2,-6.404636074E1
1.480170910E2,-4.972663385E1
1.481237133E2,-3.944392482E1
1.482271329E2,-4.003033031E1
1.483299475E2,-4.304137356E1
1.484366743E2,-5.012727196E1
1.485418883E2,-4.194003105E1
1.486437998E2,-4.880877211E1
1.487505505E2,-4.675598475E1
1.488573471E2,-4.449074742E1
1.489639645E2,-5.284228064E1
1.490709066E2,-4.215323153E1
1.491770783E2,-4.694575260E1
1.492837971E2,-4.870481859E1
1.493906428E2,-4.832542334E1
1.494973713E2,-4.540867536E1
1.496040079E2,-4.812253113E1
1.497105603E2,-4.690541331E1
1.498151074E2,-4.432268516E1
1.499218631E2,-4.741290217E1
1.500272070E2,-5.220823848E1
1.501338206E2,-4.701597298E1
1.502405085E2,-6.534833187E1
1.503439705E2,-6.845390026E1
1.504482485E2,-6.459884141E1
1.505546068E2,-6.559457642E1
1.506588139E2,-6.820562592E1
1.507639883E2,-6.593812512E1
1.508706020E2,-5.516569966E1
1.509753506E2,-4.595217968E1
1.510774685E2,-4.563153531E1
1.511841369E2,-4.531537956E1
1.512908433E2,-5.526119224E1
1.513943425E2,-6.164838126E1
1.515010165E2,-5.881195518E1
1.516064440E2,-6.515401462E1
1.517111012E2,-6.000705021E1
1.518178741E2,-4.931075206E1
1.519246037E2,-4.075583348E1
1.520278714E2,-3.711933695E1
1.521346638E2,-4.660834737E1
1.522412916E2,-4.028358897E1
1.523446128E2,-4.464556428E1
1.524512417E2,-4.078209106E1
1.525579815E2,-4.318503597E1
1.526640286E2,-4.946701043E1
1.527672960E2,-5.415647491E1
1.528739727E2,-5.156453128E1
1.529781782E2,-5.812740358E1
1.530802462E2,-4.950147009E1
1.531869145E2,-4.321693706E1
1.532930318E2,-4.947945408E1
1.533951223E2,-5.822046027E1
1.535018367E2,-4.807065706E1
1.536064537E2,-3.993028157E1
1.537119352E2,-4.463003134E1
1.538155464E2,-3.873680884E1
1.539213403E2,-4.272405177E1
1.540267451E2,-4.853897566E1
1.541287714E2,-5.125810950E1
1.542354247E2,-4.780426492E1
1.543421385E2,-4.494330484E1
1.544455846E2,-4.612662146E1
1.545521951E2,-5.496659113E1
1.546588770E2,-6.318181131E1
1.547639972E2,-6.222060076E1
1.548706792E2,-6.412661819E1
1.549772005E2,-6.546482746E1
1.550792309E2,-6.648764224E1
1.551858743E2,-6.542149773E1
1.552925335E2,-6.603494300E1
1.553960458E2,-3.934870600E1
1.555027848E2,-4.228752195E1
1.556064153E2,-3.959897509E1
1.557128063E2,-4.590949178E1
1.558194988E2,-4.670942528E1
1.559246277E2,-4.139653362E1
1.560295848E2,-4.748231151E1
1.561363754E2,-4.408516166E1
1.562432025E2,-4.581538239E1
1.563494808E2,-4.746568845E1
1.564547285E2,-4.478015001E1
1.565609583E2,-4.823113934E1
1.566644321E2,-4.409909267E1
1.567711053E2,-5.046936456E1
1.568776545E2,-5.363266686E1
1.569843895E2,-4.460549763E1
1.570897785E2,-4.998863461E1
1.571945178E2,-5.338792527E1
1.572965157E2,-4.540247546E1
1.574032613E2,-5.663323037E1
1.575064505E2,-4.258644524E1
1.576113205E2,-4.763790020E1
1.577134263E2,-5.818829682E1
1.578201053E2,-5.952432658E1
1.579269752E2,-5.824642301E1
1.580301445E2,-5.049299696E1
1.581369621E2,-4.882179416E1
1.582436594E2,-5.465280974E1
1.583469483E2,-4.894430664E1
1.584537500E2,-4.911528138E1
1.585604218E2,-5.389945188E1
1.586636738E2,-5.112039514E1
1.587703311E2,-4.986499324E1
1.588769988E2,-5.017719293E1
1.589803330E2,-4.655081844E1
1.590857517E2,-5.110403122E1
1.591924418E2,-6.155945623E1
1.592971365E2,-6.283864176E1
1.594023160E2,-6.456479533E1
1.595065068E2,-6.660352796E1
1.596118576E2,-6.511417881E1
1.597185945E2,-6.052064824E1
1.598253446E2,-5.882290136E1
1.599286633E2,-6.258077480E1
1.600306628E2,-6.382036535E1
1.601373541E2,-4.370512348E1
1.602420523E2,-4.312860923E1
1.603453881E2,-4.385396290E1
1.604478850E2,-4.336400647E1
1.605539479E2,-4.689037216E1
1.606605600E2,-3.918873823E1
1.607639805E2,-3.914096052E1
1.608706755E2,-5.513049954E1
1.609774251E2,-5.865943429E1
1.610808661E2,-6.291178763E1
1.611875969E2,-5.962410773E1
1.612943417E2,-4.390089274E1
1.614011599E2,-3.564393650E1
1.615065040E2,-3.999525878E1
1.616123019E2,-4.478639118E1
1.617143635E2,-4.582873050E1
1.618196693E2,-5.593227279E1
1.619264490E2,-4.522444685E1
1.620309295E2,-5.002136174E1
1.621375683E2,-4.620014502E1
1.622392206E2,NaN
1.623450794E2,-4.618231561E1
1.624477151E2,-4.811860741E1
1.625544081E2,-5.110806562E1
1.626610494E2,-5.223575281E1
1.627638783E2,-4.396288686E1
1.628702640E2,-4.649535500E1
1.629770144E2,-4.575564815E1
1.630811762E2,-4.558277030E1
1.631878073E2,-4.615806474E1
1.632944294E2,-5.411610105E1
1.633979468E2,-4.723165457E1
1.635047715E2,-4.922668216E1
1.636114841E2,-6.029102670E1
1.637147356E2,-6.157443666E1
1.638179575E2,-6.103734838E1
1.639246332E2,-6.327112980E1
1.640295410E2,-6.524069400E1
1.641313982E2,-4.813641604E1
1.642380783E2,-4.994474108E1
1.643448342E2,-5.197323215E1
1.644480775E2,-4.781099614E1
1.645533291E2,-4.591443873E1
1.646599969E2,-4.662613276E1
1.647639811E2,-4.868324398E1
1.648707080E2,-4.417578925E1
1.649773692E2,-5.185881928E1
1.650794431E2,-5.944873711E1
1.651814780E2,-6.338838223E1
1.652881539E2,-6.777242399E1
1.653948621E2,-6.513771848E1
1.655015343E2,-6.616859388E1
1.656064356E2,-6.566108230E1
1.657127527E2,-4.300566425E1
1.658194458E2,-4.230857696E1
1.659240165E2,-4.636482408E1
1.660294483E2,-4.047140030E1
1.661315465E2,-5.029045620E1
1.662368078E2,-4.883033797E1
1.663436150E2,-5.169259424E1
1.664462504E2,-4.870743115E1
1.665483435E2,-5.117025858E1
1.666550328E2,-4.528456509E1
1.667616200E2,-5.208774502E1
1.668684328E2,-5.496664920E1
1.669752539E2,-5.085776171E1
1.670796888E2,-4.665422585E1
1.671816045E2,-4.595234423E1
1.672868798E2,-4.010470658E1
1.673935150E2,-5.260808781E1
1.674962903E2,-4.749070123E1
1.675983692E2,-5.569088746E1
1.677005653E2,-5.149544830E1
1.678064783E2,-4.421955323E1
1.679130890E2,-4.227515752E1
1.680198775E2,-4.774965336E1
1.681267845E2,-5.118977990E1
1.682318219E2,-4.959030436E1
1.683385605E2,-5.027489689E1
1.684448432E2,-5.035442458E1
1.685485135E2,-6.643954907E1
1.686551755E2,-6.573288064E1
1.687617685E2,-6.501765490E1
1.688652147E2,-6.753615104E1
1.689719568E2,-6.755443329E1
1.690786529E2,-6.697079482E1
1.691847861E2,-6.878290380E1
1.692914311E2,-6.287872846E1
1.693967594E2,-4.358217418E1
1.694987766E2,-4.343364805E1
1.696055716E2,-3.974207815E1
1.697122236E2,-5.162869209E1
1.698189828E2,-4.715460835E1
1.699256910E2,-4.702149476E1
1.700302730E2,-5.078408517E1
1.701324415E2,-5.158703215E1
1.702392670E2,-4.134481441E1
1.703459772E2,-4.347829251E1
1.704490353E2,-4.970967456E1
1.705557315E2,-5.330431495E1
1.706625108E2,-4.731089807E1
1.707657738E2,-5.958228201E1
1.708724798E2,-6.379750032E1
1.709792297E2,-6.126303831E1
1.710825959E2,-5.061333035E1
1.711892192E2,-5.316091046E1
1.712960874E2,-5.074813252E1
1.713993688E2,-4.590828389E1
1.715061240E2,-4.581452780E1
1.716128932E2,-4.148004748E1
1.717160351E2,-4.577221295E1
1.718179305E2,-3.796033547E1
1.719246246E2,-4.597187726E1
1.720307921E2,-4.416328244E1
1.721328318E2,-4.739810849E1
1.722396710E2,-4.733990079E1
1.723433393E2,-4.861427279E1
1.724495320E2,-5.058511125E1
1.725563177E2,-5.526604824E1
1.726630046E2,-6.334884606E1
1.727662007E2,-6.832914180E1
1.728729015E2,-4.918216424E1
1.729795914E2,-4.536187372E1
1.730829438E2,-5.759692648E1
1.731895505E2,-4.861564731E1
1.732962675E2,-4.680461181E1
1.733997066E2,-4.439136878E1
1.735032026E2,-5.103140324E1
1.736064236E2,-4.658072882E1
1.737131965E2,-5.527917076E1
1.738164567E2,-4.769743032E1
1.739232463E2,-4.768119186E1
1.740299406E2,-5.314088469E1
1.741332222E2,-4.821077857E1
1.742350101E2,-6.514021754E1
1.743416973E2,-6.764195394E1
1.744478985E2,-6.588601530E1
1.745498819E2,-6.706229320E1
1.746552179E2,-6.480453681E1
1.747619270E2,-5.836666428E1
1.748665773E2,-4.899933045E1
1.749733462E2,-3.814539570E1
1.750800685E2,-4.494653097E1
1.751833721E2,-4.385135707E1
1.752901729E2,-4.401338574E1
1.753957623E2,-4.830062379E1
1.755001658E2,-4.169102475E1
1.756064522E2,-4.766420523E1
1.757131177E2,-5.353593567E1
1.758168345E2,-4.748815807E1
1.759235506E2,-4.504607800E1
1.760302118E2,-4.910190469E1
1.761336316E2,-4.474317719E1
1.762403230E2,-4.162633470E1
1.763470568E2,-4.843293300E1
1.764504303E2,-4.699958270E1
1.765571428E2,-4.707820053E1
1.766638737E2,-5.320535966E1
1.767671938E2,-5.007512912E1
1.768739183E2,-5.337873974E1
1.769805519E2,-4.597161431E1
1.770839935E2,-4.777050594E1
1.771908314E2,-4.847786545E1
1.772975310E2,-5.858757469E1
1.774030666E2,-6.426699598E1
1.775064468E2,-6.799766594E1
1.776130975E2,-6.688212563E1
1.777176008E2,-4.761258435E1
1.778244019E2,-4.994470141E1
1.779311473E2,-4.494808879E1
1.780344353E2,-4.936720891E1
1.781410525E2,-4.942251713E1
1.782476606E2,-5.390321807E1
1.783513146E2,-6.241839668E1
1.784579606E2,-6.635455936E1
1.785640058E2,-6.523219990E1
1.786680146E2,-6.760613734E1
1.787725957E2,-6.563762353E1
1.788792486E2,-6.639623663E1
1.789848151E2,-4.369361059E1
1.790917315E2,-5.222233448E1
1.791986384E2,-4.574081964E1
1.793016646E2,-4.385327601E1
1.794064443E2,-4.566510839E1
1.795131223E2,-4.677982828E1
1.796184481E2,-4.693104142E1
1.797251378E2,-4.817541155E1
1.798318879E2,-5.267530374E1
1.799353593E2,-4.923921314E1
1.800420959E2,-6.708301058E1
1.801487802E2,-6.752981412E1
1.802520643E2,-6.695830902E1
1.803587258E2,-6.648900055E1
1.804640098E2,-6.634675308E1
1.805689687E2,-6.730803974E1
1.806712459E2,-7.054207488E1
1.807779464E2,-6.643326958E1
1.808836254E2,-5.934495860E1
1.809857045E2,-5.876260671E1
1.810924174E2,-6.461487582E1
1.811991023E2,-6.574784931E1
1.813024715E2,-6.344827304E1
1.814064558E2,-6.533670001E1
1.815131871E2,-6.339108216E1
1.816193339E2,-6.407480546E1
1.817261619E2,-6.574949585E1
1.818317676E2,-6.721901032E1
1.819360435E2,-6.614069026E1
1.820426435E2,-6.484307731E1
1.821484673E2,-6.391471521E1